absolute_path,relative_path,filename,extension,size_bytes,sha256,mime_type,entry_id,confidence,match_method,object_key,is_temp,duplicate_of,category
"C:\Users\CAIHUI\MicroEra-Wiki-MVP-new\backend\data\laiguanxue\MOF-303小试放大预算和风险评估报告-2.0.pdf","laiguanxue/MOF-303小试放大预算和风险评估报告-2.0.pdf","MOF-303小试放大预算和风险评估报告-2.0.pdf",".pdf",702570,4a02ca5b2903160f2f8d4eb25085b467e80116daf8825d29b042538045ca9eeb,application/pdf,97,0.98,"exact_title",documents/4a02ca5b2903160f2f8d4eb25085b467e80116daf8825d29b042538045ca9eeb.pdf,0,,AUTO
"C:\Users\CAIHUI\MicroEra-Wiki-MVP-new\backend\data\laiguanxue\MOF-303小试放大预算和风险评估报告-2.0.pdf","laiguanxue/MOF-303小试放大预算和风险评估报告-2.0.pdf","MOF-303小试放大预算和风险评估报告-2.0.pdf",".pdf",702570,4a02ca5b2903160f2f8d4eb25085b467e80116daf8825d29b042538045ca9eeb,application/pdf,98,0.98,"exact_title",documents/4a02ca5b2903160f2f8d4eb25085b467e80116daf8825d29b042538045ca9eeb.pdf,0,,AUTO
"C:\Users\CAIHUI\MicroEra-Wiki-MVP-new\backend\data\laiguanxue\MOF-303小试放大预算和风险评估报告-2.0.pdf","laiguanxue/MOF-303小试放大预算和风险评估报告-2.0.pdf","MOF-303小试放大预算和风险评估报告-2.0.pdf",".pdf",702570,4a02ca5b2903160f2f8d4eb25085b467e80116daf8825d29b042538045ca9eeb,application/pdf,99,0.98,"exact_title",documents/4a02ca5b2903160f2f8d4eb25085b467e80116daf8825d29b042538045ca9eeb.pdf,0,,AUTO
"C:\Users\CAIHUI\MicroEra-Wiki-MVP-new\backend\data\laiguanxue\MOF-303小试放大预算和风险评估报告-2.0.pdf","laiguanxue/MOF-303小试放大预算和风险评估报告-2.0.pdf","MOF-303小试放大预算和风险评估报告-2.0.pdf",".pdf",702570,4a02ca5b2903160f2f8d4eb25085b467e80116daf8825d29b042538045ca9eeb,application/pdf,303,0.95,"source_summary",documents/4a02ca5b2903160f2f8d4eb25085b467e80116daf8825d29b042538045ca9eeb.pdf,0,,AUTO
"C:\Users\CAIHUI\MicroEra-Wiki-MVP-new\backend\data\laiguanxue\MOF-303小试放大预算和风险评估报告-2.0.pdf","laiguanxue/MOF-303小试放大预算和风险评估报告-2.0.pdf","MOF-303小试放大预算和风险评估报告-2.0.pdf",".pdf",702570,4a02ca5b2903160f2f8d4eb25085b467e80116daf8825d29b042538045ca9eeb,application/pdf,304,0.95,"source_summary",documents/4a02ca5b2903160f2f8d4eb25085b467e80116daf8825d29b042538045ca9eeb.pdf,0,,AUTO
"C:\Users\CAIHUI\MicroEra-Wiki-MVP-new\backend\data\laiguanxue\MOFs产品开发方案.pdf","laiguanxue/MOFs产品开发方案.pdf","MOFs产品开发方案.pdf",".pdf",2520661,75f94a86d3c875c940f9dad41effc60f10cbba1097c4caaf879a9221cb1457dc,application/pdf,309,0.98,"exact_title",documents/75f94a86d3c875c940f9dad41effc60f10cbba1097c4caaf879a9221cb1457dc.pdf,0,,AUTO
"C:\Users\CAIHUI\MicroEra-Wiki-MVP-new\backend\data\laiguanxue\早会-周会.pdf","laiguanxue/早会-周会.pdf","早会-周会.pdf",".pdf",1792566,15a479bc2a5b329b76fccda38b05bbfcdc5a859fcc3965d15e6418e783486c11,application/pdf,315,0.98,"exact_title",documents/15a479bc2a5b329b76fccda38b05bbfcdc5a859fcc3965d15e6418e783486c11.pdf,0,,AUTO
"C:\Users\CAIHUI\MicroEra-Wiki-MVP-new\backend\data\laiguanxue\郑州环合-志特纪元260709(1).pdf","laiguanxue/郑州环合-志特纪元260709(1).pdf","郑州环合-志特纪元260709(1).pdf",".pdf",1184440,dd68841ccfcf061edaba10f951274c7cad0a448e8c4466d4228ccb26e3f14ada,application/pdf,316,0.95,"source_summary",documents/dd68841ccfcf061edaba10f951274c7cad0a448e8c4466d4228ccb26e3f14ada.pdf,0,,AUTO
"C:\Users\CAIHUI\MicroEra-Wiki-MVP-new\backend\data\reports\MOF-VOCs市场深度评估报告.pdf","reports/MOF-VOCs市场深度评估报告.pdf","MOF-VOCs市场深度评估报告.pdf",".pdf",62701028,a56b8b6366f28f178dadba0e91562271a41a4383bf0893e26a41eef0aa91eed5,application/pdf,283,0.98,"exact_title",documents/a56b8b6366f28f178dadba0e91562271a41a4383bf0893e26a41eef0aa91eed5.pdf,0,"uploads/MOF-VOCs市场深度评估报告.pdf",AUTO
"C:\Users\CAIHUI\MicroEra-Wiki-MVP-new\backend\data\tmp\docling_buf_1783652655801\2605.12061v1_1783652655801.pdf","tmp/docling_buf_1783652655801/2605.12061v1_1783652655801.pdf","2605.12061v1_1783652655801.pdf",".pdf",9957181,0ec23e5a2e799ab672c79a9a21404ce5cdf615f9524ea62844edb2353e17fecc,application/pdf,,,"",documents/0ec23e5a2e799ab672c79a9a21404ce5cdf615f9524ea62844edb2353e17fecc.pdf,1,"tmp/docling_buf_1783913085966/2605.12061v1_1783913085967.pdf",TEMP
"C:\Users\CAIHUI\MicroEra-Wiki-MVP-new\backend\data\tmp\docling_buf_1783913085966\2605.12061v1_1783913085967.pdf","tmp/docling_buf_1783913085966/2605.12061v1_1783913085967.pdf","2605.12061v1_1783913085967.pdf",".pdf",9957181,0ec23e5a2e799ab672c79a9a21404ce5cdf615f9524ea62844edb2353e17fecc,application/pdf,,,"",documents/0ec23e5a2e799ab672c79a9a21404ce5cdf615f9524ea62844edb2353e17fecc.pdf,1,"tmp/docling_buf_1783652655801/2605.12061v1_1783652655801.pdf",TEMP
"C:\Users\CAIHUI\MicroEra-Wiki-MVP-new\backend\data\tmp\test.pdf","tmp/test.pdf","test.pdf",".pdf",524,4fea3102dc0d805e47ee16362cf9644fc973b212c89618fdf54f9ff0c8e1c4a3,application/pdf,,,"",documents/4fea3102dc0d805e47ee16362cf9644fc973b212c89618fdf54f9ff0c8e1c4a3.pdf,1,,TEMP
"C:\Users\CAIHUI\MicroEra-Wiki-MVP-new\backend\data\uploads\MOF-VOCs市场深度评估报告.pdf","uploads/MOF-VOCs市场深度评估报告.pdf","MOF-VOCs市场深度评估报告.pdf",".pdf",62701028,a56b8b6366f28f178dadba0e91562271a41a4383bf0893e26a41eef0aa91eed5,application/pdf,,,"",documents/a56b8b6366f28f178dadba0e91562271a41a4383bf0893e26a41eef0aa91eed5.pdf,1,"reports/MOF-VOCs市场深度评估报告.pdf",TEMP
"C:\Users\CAIHUI\MicroEra-Wiki-MVP-new\backend\data\zaozhi\1-s2.0-S0009250925013971-main.pdf","zaozhi/1-s2.0-S0009250925013971-main.pdf","1-s2.0-S0009250925013971-main.pdf",".pdf",9660582,b9907c679386c6b6287296c806459619ed1f67c134bcd572c248a2c92e7a93e9,application/pdf,101,0.85,"metadata_in_db",documents/b9907c679386c6b6287296c806459619ed1f67c134bcd572c248a2c92e7a93e9.pdf,0,,AUTO
"C:\Users\CAIHUI\MicroEra-Wiki-MVP-new\backend\data\zaozhi\1-s2.0-S0009250925013971-main.pdf","zaozhi/1-s2.0-S0009250925013971-main.pdf","1-s2.0-S0009250925013971-main.pdf",".pdf",9660582,b9907c679386c6b6287296c806459619ed1f67c134bcd572c248a2c92e7a93e9,application/pdf,144,0.85,"metadata_in_db",documents/b9907c679386c6b6287296c806459619ed1f67c134bcd572c248a2c92e7a93e9.pdf,0,,AUTO
"C:\Users\CAIHUI\MicroEra-Wiki-MVP-new\backend\data\zaozhi\1-s2.0-S0141813025001230-main.pdf","zaozhi/1-s2.0-S0141813025001230-main.pdf","1-s2.0-S0141813025001230-main.pdf",".pdf",8135523,e6de1616570d83e8c9b1a58fec4da4112ab63cac427d62bf38e0deb61663db01,application/pdf,102,0.85,"metadata_in_db",documents/e6de1616570d83e8c9b1a58fec4da4112ab63cac427d62bf38e0deb61663db01.pdf,0,,AUTO
"C:\Users\CAIHUI\MicroEra-Wiki-MVP-new\backend\data\zaozhi\1-s2.0-S0141813025001230-main.pdf","zaozhi/1-s2.0-S0141813025001230-main.pdf","1-s2.0-S0141813025001230-main.pdf",".pdf",8135523,e6de1616570d83e8c9b1a58fec4da4112ab63cac427d62bf38e0deb61663db01,application/pdf,145,0.85,"metadata_in_db",documents/e6de1616570d83e8c9b1a58fec4da4112ab63cac427d62bf38e0deb61663db01.pdf,0,,AUTO
"C:\Users\CAIHUI\MicroEra-Wiki-MVP-new\backend\data\zaozhi\1-s2.0-S0141813025086374-main.pdf","zaozhi/1-s2.0-S0141813025086374-main.pdf","1-s2.0-S0141813025086374-main.pdf",".pdf",9503684,c4f3b5c47df4b8cd349a0d21fd11be3e20c1a3aa2de0e15e59c959026fe8e50c,application/pdf,103,0.85,"metadata_in_db",documents/c4f3b5c47df4b8cd349a0d21fd11be3e20c1a3aa2de0e15e59c959026fe8e50c.pdf,0,,AUTO
"C:\Users\CAIHUI\MicroEra-Wiki-MVP-new\backend\data\zaozhi\1-s2.0-S0141813025086374-main.pdf","zaozhi/1-s2.0-S0141813025086374-main.pdf","1-s2.0-S0141813025086374-main.pdf",".pdf",9503684,c4f3b5c47df4b8cd349a0d21fd11be3e20c1a3aa2de0e15e59c959026fe8e50c,application/pdf,146,0.85,"metadata_in_db",documents/c4f3b5c47df4b8cd349a0d21fd11be3e20c1a3aa2de0e15e59c959026fe8e50c.pdf,0,,AUTO
"C:\Users\CAIHUI\MicroEra-Wiki-MVP-new\backend\data\zaozhi\1-s2.0-S0926669025015614-main.pdf","zaozhi/1-s2.0-S0926669025015614-main.pdf","1-s2.0-S0926669025015614-main.pdf",".pdf",3512104,e689b343d5b54d68e3f52568d885e4c848a4e259792240b894a4e1394b65883b,application/pdf,104,0.85,"metadata_in_db",documents/e689b343d5b54d68e3f52568d885e4c848a4e259792240b894a4e1394b65883b.pdf,0,,AUTO
"C:\Users\CAIHUI\MicroEra-Wiki-MVP-new\backend\data\zaozhi\1-s2.0-S0926669025015614-main.pdf","zaozhi/1-s2.0-S0926669025015614-main.pdf","1-s2.0-S0926669025015614-main.pdf",".pdf",3512104,e689b343d5b54d68e3f52568d885e4c848a4e259792240b894a4e1394b65883b,application/pdf,147,0.85,"metadata_in_db",documents/e689b343d5b54d68e3f52568d885e4c848a4e259792240b894a4e1394b65883b.pdf,0,,AUTO
"C:\Users\CAIHUI\MicroEra-Wiki-MVP-new\backend\data\zaozhi\1-s2.0-S0957582024001381-main.pdf","zaozhi/1-s2.0-S0957582024001381-main.pdf","1-s2.0-S0957582024001381-main.pdf",".pdf",3346351,5a9c9c38bafa37b0b277c1807d636f9506ef99962ee03b9c7f7eb194dc54353d,application/pdf,105,0.85,"metadata_in_db",documents/5a9c9c38bafa37b0b277c1807d636f9506ef99962ee03b9c7f7eb194dc54353d.pdf,0,,AUTO
"C:\Users\CAIHUI\MicroEra-Wiki-MVP-new\backend\data\zaozhi\1-s2.0-S0957582024001381-main.pdf","zaozhi/1-s2.0-S0957582024001381-main.pdf","1-s2.0-S0957582024001381-main.pdf",".pdf",3346351,5a9c9c38bafa37b0b277c1807d636f9506ef99962ee03b9c7f7eb194dc54353d,application/pdf,148,0.85,"metadata_in_db",documents/5a9c9c38bafa37b0b277c1807d636f9506ef99962ee03b9c7f7eb194dc54353d.pdf,0,,AUTO
"C:\Users\CAIHUI\MicroEra-Wiki-MVP-new\backend\data\zaozhi\1-s2.0-S0959652625013630-main.pdf","zaozhi/1-s2.0-S0959652625013630-main.pdf","1-s2.0-S0959652625013630-main.pdf",".pdf",3552333,3113b471f3e51066d4a02dbfd3d08abf7074113c58c9dd96e96deb2d6f6e3231,application/pdf,106,0.85,"metadata_in_db",documents/3113b471f3e51066d4a02dbfd3d08abf7074113c58c9dd96e96deb2d6f6e3231.pdf,0,,AUTO
"C:\Users\CAIHUI\MicroEra-Wiki-MVP-new\backend\data\zaozhi\1-s2.0-S0959652625013630-main.pdf","zaozhi/1-s2.0-S0959652625013630-main.pdf","1-s2.0-S0959652625013630-main.pdf",".pdf",3552333,3113b471f3e51066d4a02dbfd3d08abf7074113c58c9dd96e96deb2d6f6e3231,application/pdf,149,0.85,"metadata_in_db",documents/3113b471f3e51066d4a02dbfd3d08abf7074113c58c9dd96e96deb2d6f6e3231.pdf,0,,AUTO
"C:\Users\CAIHUI\MicroEra-Wiki-MVP-new\backend\data\zaozhi\1-s2.0-S0961953425002089-main.pdf","zaozhi/1-s2.0-S0961953425002089-main.pdf","1-s2.0-S0961953425002089-main.pdf",".pdf",3238441,6293cadd16086dfe903d5aaa37c4efe66eeda6a5e20d2d9921041ba1fd19ea10,application/pdf,107,0.85,"metadata_in_db",documents/6293cadd16086dfe903d5aaa37c4efe66eeda6a5e20d2d9921041ba1fd19ea10.pdf,0,,AUTO
"C:\Users\CAIHUI\MicroEra-Wiki-MVP-new\backend\data\zaozhi\1-s2.0-S0961953425002089-main.pdf","zaozhi/1-s2.0-S0961953425002089-main.pdf","1-s2.0-S0961953425002089-main.pdf",".pdf",3238441,6293cadd16086dfe903d5aaa37c4efe66eeda6a5e20d2d9921041ba1fd19ea10,application/pdf,150,0.85,"metadata_in_db",documents/6293cadd16086dfe903d5aaa37c4efe66eeda6a5e20d2d9921041ba1fd19ea10.pdf,0,,AUTO
"C:\Users\CAIHUI\MicroEra-Wiki-MVP-new\backend\data\zaozhi\1-s2.0-S0961953425005720-main.pdf","zaozhi/1-s2.0-S0961953425005720-main.pdf","1-s2.0-S0961953425005720-main.pdf",".pdf",10042230,42becbd52423664a8b343e5874968a69fc6014cca1093b6a3728817cb7acd9fe,application/pdf,108,0.85,"metadata_in_db",documents/42becbd52423664a8b343e5874968a69fc6014cca1093b6a3728817cb7acd9fe.pdf,0,,AUTO
"C:\Users\CAIHUI\MicroEra-Wiki-MVP-new\backend\data\zaozhi\1-s2.0-S0961953425005720-main.pdf","zaozhi/1-s2.0-S0961953425005720-main.pdf","1-s2.0-S0961953425005720-main.pdf",".pdf",10042230,42becbd52423664a8b343e5874968a69fc6014cca1093b6a3728817cb7acd9fe,application/pdf,151,0.85,"metadata_in_db",documents/42becbd52423664a8b343e5874968a69fc6014cca1093b6a3728817cb7acd9fe.pdf,0,,AUTO
"C:\Users\CAIHUI\MicroEra-Wiki-MVP-new\backend\data\zaozhi\1-s2.0-S0961953425006968-main.pdf","zaozhi/1-s2.0-S0961953425006968-main.pdf","1-s2.0-S0961953425006968-main.pdf",".pdf",2493498,ee7f0b72c118b133c606ffc6f25bc99a80a139c87201b06c9f0277ba407f5b38,application/pdf,109,0.85,"metadata_in_db",documents/ee7f0b72c118b133c606ffc6f25bc99a80a139c87201b06c9f0277ba407f5b38.pdf,0,,AUTO
"C:\Users\CAIHUI\MicroEra-Wiki-MVP-new\backend\data\zaozhi\1-s2.0-S0961953425006968-main.pdf","zaozhi/1-s2.0-S0961953425006968-main.pdf","1-s2.0-S0961953425006968-main.pdf",".pdf",2493498,ee7f0b72c118b133c606ffc6f25bc99a80a139c87201b06c9f0277ba407f5b38,application/pdf,152,0.85,"metadata_in_db",documents/ee7f0b72c118b133c606ffc6f25bc99a80a139c87201b06c9f0277ba407f5b38.pdf,0,,AUTO
"C:\Users\CAIHUI\MicroEra-Wiki-MVP-new\backend\data\zaozhi\1-s2.0-S0961953425008979-main.pdf","zaozhi/1-s2.0-S0961953425008979-main.pdf","1-s2.0-S0961953425008979-main.pdf",".pdf",4065253,17f6a2b03e3f8cf998a9edb496622d70220d5b594b31770fda913634ded4671e,application/pdf,110,0.85,"metadata_in_db",documents/17f6a2b03e3f8cf998a9edb496622d70220d5b594b31770fda913634ded4671e.pdf,0,,AUTO
"C:\Users\CAIHUI\MicroEra-Wiki-MVP-new\backend\data\zaozhi\1-s2.0-S0961953425008979-main.pdf","zaozhi/1-s2.0-S0961953425008979-main.pdf","1-s2.0-S0961953425008979-main.pdf",".pdf",4065253,17f6a2b03e3f8cf998a9edb496622d70220d5b594b31770fda913634ded4671e,application/pdf,153,0.85,"metadata_in_db",documents/17f6a2b03e3f8cf998a9edb496622d70220d5b594b31770fda913634ded4671e.pdf,0,,AUTO
"C:\Users\CAIHUI\MicroEra-Wiki-MVP-new\backend\data\zaozhi\1-s2.0-S1369703X25000646-main.pdf","zaozhi/1-s2.0-S1369703X25000646-main.pdf","1-s2.0-S1369703X25000646-main.pdf",".pdf",7821075,601f86ef854cf5c0160d29fed33ae3bb56dd386296aefdb0d4f6aad6110410f5,application/pdf,111,0.85,"metadata_in_db",documents/601f86ef854cf5c0160d29fed33ae3bb56dd386296aefdb0d4f6aad6110410f5.pdf,0,,AUTO
"C:\Users\CAIHUI\MicroEra-Wiki-MVP-new\backend\data\zaozhi\1-s2.0-S1369703X25000646-main.pdf","zaozhi/1-s2.0-S1369703X25000646-main.pdf","1-s2.0-S1369703X25000646-main.pdf",".pdf",7821075,601f86ef854cf5c0160d29fed33ae3bb56dd386296aefdb0d4f6aad6110410f5,application/pdf,154,0.85,"metadata_in_db",documents/601f86ef854cf5c0160d29fed33ae3bb56dd386296aefdb0d4f6aad6110410f5.pdf,0,,AUTO
"C:\Users\CAIHUI\MicroEra-Wiki-MVP-new\backend\data\zaozhi\1-s2.0-S1385894725049903-main.pdf","zaozhi/1-s2.0-S1385894725049903-main.pdf","1-s2.0-S1385894725049903-main.pdf",".pdf",13708718,f8584c0aee2eac5600205588ae7acdecf2fc3ae2a61ff50e2677b3c932cdd2b2,application/pdf,112,0.85,"metadata_in_db",documents/f8584c0aee2eac5600205588ae7acdecf2fc3ae2a61ff50e2677b3c932cdd2b2.pdf,0,,AUTO
"C:\Users\CAIHUI\MicroEra-Wiki-MVP-new\backend\data\zaozhi\1-s2.0-S1385894725049903-main.pdf","zaozhi/1-s2.0-S1385894725049903-main.pdf","1-s2.0-S1385894725049903-main.pdf",".pdf",13708718,f8584c0aee2eac5600205588ae7acdecf2fc3ae2a61ff50e2677b3c932cdd2b2,application/pdf,155,0.85,"metadata_in_db",documents/f8584c0aee2eac5600205588ae7acdecf2fc3ae2a61ff50e2677b3c932cdd2b2.pdf,0,,AUTO
"C:\Users\CAIHUI\MicroEra-Wiki-MVP-new\backend\data\zaozhi\1-s2.0-S2351978919303488-main.pdf","zaozhi/1-s2.0-S2351978919303488-main.pdf","1-s2.0-S2351978919303488-main.pdf",".pdf",1217887,06dc8e262b704e93ab30913540907eb3ef93012539083aa434c8f66df6be3d4e,application/pdf,113,0.85,"metadata_in_db",documents/06dc8e262b704e93ab30913540907eb3ef93012539083aa434c8f66df6be3d4e.pdf,0,,AUTO
"C:\Users\CAIHUI\MicroEra-Wiki-MVP-new\backend\data\zaozhi\1-s2.0-S2351978919303488-main.pdf","zaozhi/1-s2.0-S2351978919303488-main.pdf","1-s2.0-S2351978919303488-main.pdf",".pdf",1217887,06dc8e262b704e93ab30913540907eb3ef93012539083aa434c8f66df6be3d4e,application/pdf,156,0.85,"metadata_in_db",documents/06dc8e262b704e93ab30913540907eb3ef93012539083aa434c8f66df6be3d4e.pdf,0,,AUTO
"C:\Users\CAIHUI\MicroEra-Wiki-MVP-new\backend\data\zaozhi\1-s2.0-S2589014X25002361-main.pdf","zaozhi/1-s2.0-S2589014X25002361-main.pdf","1-s2.0-S2589014X25002361-main.pdf",".pdf",3654329,9a1294bb262e1d7ae1667c416bf6fe7a94cfbf6e55c4456a8d1fc50cdc245f80,application/pdf,114,0.85,"metadata_in_db",documents/9a1294bb262e1d7ae1667c416bf6fe7a94cfbf6e55c4456a8d1fc50cdc245f80.pdf,0,,AUTO
"C:\Users\CAIHUI\MicroEra-Wiki-MVP-new\backend\data\zaozhi\1-s2.0-S2589014X25002361-main.pdf","zaozhi/1-s2.0-S2589014X25002361-main.pdf","1-s2.0-S2589014X25002361-main.pdf",".pdf",3654329,9a1294bb262e1d7ae1667c416bf6fe7a94cfbf6e55c4456a8d1fc50cdc245f80,application/pdf,157,0.85,"metadata_in_db",documents/9a1294bb262e1d7ae1667c416bf6fe7a94cfbf6e55c4456a8d1fc50cdc245f80.pdf,0,,AUTO
"C:\Users\CAIHUI\MicroEra-Wiki-MVP-new\backend\data\zaozhi\1-s2.0-S2589014X25003044-main.pdf","zaozhi/1-s2.0-S2589014X25003044-main.pdf","1-s2.0-S2589014X25003044-main.pdf",".pdf",4939637,236f12850c3f4970beb6c07ec7e2c8626601dfce7c4acf5657d1b6ca4b2013b3,application/pdf,115,0.85,"metadata_in_db",documents/236f12850c3f4970beb6c07ec7e2c8626601dfce7c4acf5657d1b6ca4b2013b3.pdf,0,,AUTO
"C:\Users\CAIHUI\MicroEra-Wiki-MVP-new\backend\data\zaozhi\1-s2.0-S2589014X25003044-main.pdf","zaozhi/1-s2.0-S2589014X25003044-main.pdf","1-s2.0-S2589014X25003044-main.pdf",".pdf",4939637,236f12850c3f4970beb6c07ec7e2c8626601dfce7c4acf5657d1b6ca4b2013b3,application/pdf,158,0.85,"metadata_in_db",documents/236f12850c3f4970beb6c07ec7e2c8626601dfce7c4acf5657d1b6ca4b2013b3.pdf,0,,AUTO
"C:\Users\CAIHUI\MicroEra-Wiki-MVP-new\backend\data\zaozhi\1-s2.0-S2590123025012368-main.pdf","zaozhi/1-s2.0-S2590123025012368-main.pdf","1-s2.0-S2590123025012368-main.pdf",".pdf",4788947,c7a9c909641d6fa2cefdc3cbae072d96dae927e7cf072f0437eab7423893fc50,application/pdf,116,0.85,"metadata_in_db",documents/c7a9c909641d6fa2cefdc3cbae072d96dae927e7cf072f0437eab7423893fc50.pdf,0,,AUTO
"C:\Users\CAIHUI\MicroEra-Wiki-MVP-new\backend\data\zaozhi\1-s2.0-S2590123025012368-main.pdf","zaozhi/1-s2.0-S2590123025012368-main.pdf","1-s2.0-S2590123025012368-main.pdf",".pdf",4788947,c7a9c909641d6fa2cefdc3cbae072d96dae927e7cf072f0437eab7423893fc50,application/pdf,159,0.85,"metadata_in_db",documents/c7a9c909641d6fa2cefdc3cbae072d96dae927e7cf072f0437eab7423893fc50.pdf,0,,AUTO
"C:\Users\CAIHUI\MicroEra-Wiki-MVP-new\backend\data\zaozhi\1-s2.0-S266615432300056X-main.pdf","zaozhi/1-s2.0-S266615432300056X-main.pdf","1-s2.0-S266615432300056X-main.pdf",".pdf",2737558,27bed670d838f43bcecdb2dfe0b9c57a838bc13e097e09a5077aa4080c200c0b,application/pdf,117,0.85,"metadata_in_db",documents/27bed670d838f43bcecdb2dfe0b9c57a838bc13e097e09a5077aa4080c200c0b.pdf,0,,AUTO
"C:\Users\CAIHUI\MicroEra-Wiki-MVP-new\backend\data\zaozhi\1-s2.0-S266615432300056X-main.pdf","zaozhi/1-s2.0-S266615432300056X-main.pdf","1-s2.0-S266615432300056X-main.pdf",".pdf",2737558,27bed670d838f43bcecdb2dfe0b9c57a838bc13e097e09a5077aa4080c200c0b,application/pdf,160,0.85,"metadata_in_db",documents/27bed670d838f43bcecdb2dfe0b9c57a838bc13e097e09a5077aa4080c200c0b.pdf,0,,AUTO
"C:\Users\CAIHUI\MicroEra-Wiki-MVP-new\backend\data\zaozhi\2025-Transparent wood.pdf","zaozhi/2025-Transparent wood.pdf","2025-Transparent wood.pdf",".pdf",1802377,b46ee9646529da6e842de1293870cba7aaf87e57d655a477ba0790c31a6ccff7,application/pdf,120,0.85,"metadata_in_db",documents/b46ee9646529da6e842de1293870cba7aaf87e57d655a477ba0790c31a6ccff7.pdf,0,,AUTO
"C:\Users\CAIHUI\MicroEra-Wiki-MVP-new\backend\data\zaozhi\2025-Transparent wood.pdf","zaozhi/2025-Transparent wood.pdf","2025-Transparent wood.pdf",".pdf",1802377,b46ee9646529da6e842de1293870cba7aaf87e57d655a477ba0790c31a6ccff7,application/pdf,163,0.85,"metadata_in_db",documents/b46ee9646529da6e842de1293870cba7aaf87e57d655a477ba0790c31a6ccff7.pdf,0,,AUTO
"C:\Users\CAIHUI\MicroEra-Wiki-MVP-new\backend\data\zaozhi\2025-Transparent wood.pdf","zaozhi/2025-Transparent wood.pdf","2025-Transparent wood.pdf",".pdf",1802377,b46ee9646529da6e842de1293870cba7aaf87e57d655a477ba0790c31a6ccff7,application/pdf,328,0.85,"source_file_variant",documents/b46ee9646529da6e842de1293870cba7aaf87e57d655a477ba0790c31a6ccff7.pdf,0,,AUTO
"C:\Users\CAIHUI\MicroEra-Wiki-MVP-new\backend\data\zaozhi\2025-enzyme-food.pdf","zaozhi/2025-enzyme-food.pdf","2025-enzyme-food.pdf",".pdf",1188613,a8135a268a5ac6926aa506a61c7e2aeffdd4fafe33c3284bde6c433fe204b398,application/pdf,121,0.85,"metadata_in_db",documents/a8135a268a5ac6926aa506a61c7e2aeffdd4fafe33c3284bde6c433fe204b398.pdf,0,,AUTO
"C:\Users\CAIHUI\MicroEra-Wiki-MVP-new\backend\data\zaozhi\2025-enzyme-food.pdf","zaozhi/2025-enzyme-food.pdf","2025-enzyme-food.pdf",".pdf",1188613,a8135a268a5ac6926aa506a61c7e2aeffdd4fafe33c3284bde6c433fe204b398,application/pdf,164,0.85,"metadata_in_db",documents/a8135a268a5ac6926aa506a61c7e2aeffdd4fafe33c3284bde6c433fe204b398.pdf,0,,AUTO
"C:\Users\CAIHUI\MicroEra-Wiki-MVP-new\backend\data\zaozhi\2025-enzyme-food.pdf","zaozhi/2025-enzyme-food.pdf","2025-enzyme-food.pdf",".pdf",1188613,a8135a268a5ac6926aa506a61c7e2aeffdd4fafe33c3284bde6c433fe204b398,application/pdf,368,0.85,"source_file_variant",documents/a8135a268a5ac6926aa506a61c7e2aeffdd4fafe33c3284bde6c433fe204b398.pdf,0,,AUTO
"C:\Users\CAIHUI\MicroEra-Wiki-MVP-new\backend\data\zaozhi\2025-ligini.pdf","zaozhi/2025-ligini.pdf","2025-ligini.pdf",".pdf",11172947,e714df1077642bb45cd7b5857d144775073b7b2e6ea1a60e1bbd07499ebebeed,application/pdf,122,0.85,"metadata_in_db",documents/e714df1077642bb45cd7b5857d144775073b7b2e6ea1a60e1bbd07499ebebeed.pdf,0,,AUTO
"C:\Users\CAIHUI\MicroEra-Wiki-MVP-new\backend\data\zaozhi\2025-ligini.pdf","zaozhi/2025-ligini.pdf","2025-ligini.pdf",".pdf",11172947,e714df1077642bb45cd7b5857d144775073b7b2e6ea1a60e1bbd07499ebebeed,application/pdf,165,0.85,"metadata_in_db",documents/e714df1077642bb45cd7b5857d144775073b7b2e6ea1a60e1bbd07499ebebeed.pdf,0,,AUTO
"C:\Users\CAIHUI\MicroEra-Wiki-MVP-new\backend\data\zaozhi\2025-ligini.pdf","zaozhi/2025-ligini.pdf","2025-ligini.pdf",".pdf",11172947,e714df1077642bb45cd7b5857d144775073b7b2e6ea1a60e1bbd07499ebebeed,application/pdf,325,0.85,"source_file_variant",documents/e714df1077642bb45cd7b5857d144775073b7b2e6ea1a60e1bbd07499ebebeed.pdf,0,,AUTO
"C:\Users\CAIHUI\MicroEra-Wiki-MVP-new\backend\data\zaozhi\2025-lignin-oiland water separate.pdf","zaozhi/2025-lignin-oiland water separate.pdf","2025-lignin-oiland water separate.pdf",".pdf",5582740,b2658810f18e7f72781e178c476c1d8a4c62b4bb7a9f8e43edf9150bd665752c,application/pdf,123,0.85,"metadata_in_db",documents/b2658810f18e7f72781e178c476c1d8a4c62b4bb7a9f8e43edf9150bd665752c.pdf,0,,AUTO
"C:\Users\CAIHUI\MicroEra-Wiki-MVP-new\backend\data\zaozhi\2025-lignin-oiland water separate.pdf","zaozhi/2025-lignin-oiland water separate.pdf","2025-lignin-oiland water separate.pdf",".pdf",5582740,b2658810f18e7f72781e178c476c1d8a4c62b4bb7a9f8e43edf9150bd665752c,application/pdf,166,0.85,"metadata_in_db",documents/b2658810f18e7f72781e178c476c1d8a4c62b4bb7a9f8e43edf9150bd665752c.pdf,0,,AUTO
"C:\Users\CAIHUI\MicroEra-Wiki-MVP-new\backend\data\zaozhi\2025-lignin-oiland water separate.pdf","zaozhi/2025-lignin-oiland water separate.pdf","2025-lignin-oiland water separate.pdf",".pdf",5582740,b2658810f18e7f72781e178c476c1d8a4c62b4bb7a9f8e43edf9150bd665752c,application/pdf,326,0.85,"source_file_variant",documents/b2658810f18e7f72781e178c476c1d8a4c62b4bb7a9f8e43edf9150bd665752c.pdf,0,,AUTO
"C:\Users\CAIHUI\MicroEra-Wiki-MVP-new\backend\data\zaozhi\2025-lignin2.pdf","zaozhi/2025-lignin2.pdf","2025-lignin2.pdf",".pdf",1886483,3afa61e17a71a9773eb2845e43f777ece7f29a2f9a304921c5087563268f110b,application/pdf,124,0.85,"metadata_in_db",documents/3afa61e17a71a9773eb2845e43f777ece7f29a2f9a304921c5087563268f110b.pdf,0,,AUTO
"C:\Users\CAIHUI\MicroEra-Wiki-MVP-new\backend\data\zaozhi\2025-lignin2.pdf","zaozhi/2025-lignin2.pdf","2025-lignin2.pdf",".pdf",1886483,3afa61e17a71a9773eb2845e43f777ece7f29a2f9a304921c5087563268f110b,application/pdf,167,0.85,"metadata_in_db",documents/3afa61e17a71a9773eb2845e43f777ece7f29a2f9a304921c5087563268f110b.pdf,0,,AUTO
"C:\Users\CAIHUI\MicroEra-Wiki-MVP-new\backend\data\zaozhi\2025-lignin2.pdf","zaozhi/2025-lignin2.pdf","2025-lignin2.pdf",".pdf",1886483,3afa61e17a71a9773eb2845e43f777ece7f29a2f9a304921c5087563268f110b,application/pdf,327,0.85,"source_file_variant",documents/3afa61e17a71a9773eb2845e43f777ece7f29a2f9a304921c5087563268f110b.pdf,0,,AUTO
"C:\Users\CAIHUI\MicroEra-Wiki-MVP-new\backend\data\zaozhi\2025.07.21.665674v1.full.pdf","zaozhi/2025.07.21.665674v1.full.pdf","2025.07.21.665674v1.full.pdf",".pdf",8529868,f49950c6e59f20b2bc3f11baf1ddace64f96071e0a10da06daba6a2b1dbe7efb,application/pdf,125,0.85,"metadata_in_db",documents/f49950c6e59f20b2bc3f11baf1ddace64f96071e0a10da06daba6a2b1dbe7efb.pdf,0,,AUTO
"C:\Users\CAIHUI\MicroEra-Wiki-MVP-new\backend\data\zaozhi\2025.07.21.665674v1.full.pdf","zaozhi/2025.07.21.665674v1.full.pdf","2025.07.21.665674v1.full.pdf",".pdf",8529868,f49950c6e59f20b2bc3f11baf1ddace64f96071e0a10da06daba6a2b1dbe7efb,application/pdf,168,0.85,"metadata_in_db",documents/f49950c6e59f20b2bc3f11baf1ddace64f96071e0a10da06daba6a2b1dbe7efb.pdf,0,,AUTO
"C:\Users\CAIHUI\MicroEra-Wiki-MVP-new\backend\data\zaozhi\2025_ Orange peel composition-mono.pdf","zaozhi/2025_ Orange peel composition-mono.pdf","2025_ Orange peel composition-mono.pdf",".pdf",3855751,5e8b88486056d9b9e346c4d19af24b754a63f32994baf644259ca6d75bd862b8,application/pdf,126,0.85,"metadata_in_db",documents/5e8b88486056d9b9e346c4d19af24b754a63f32994baf644259ca6d75bd862b8.pdf,0,,AUTO
"C:\Users\CAIHUI\MicroEra-Wiki-MVP-new\backend\data\zaozhi\2025_ Orange peel composition-mono.pdf","zaozhi/2025_ Orange peel composition-mono.pdf","2025_ Orange peel composition-mono.pdf",".pdf",3855751,5e8b88486056d9b9e346c4d19af24b754a63f32994baf644259ca6d75bd862b8,application/pdf,127,0.85,"metadata_in_db",documents/5e8b88486056d9b9e346c4d19af24b754a63f32994baf644259ca6d75bd862b8.pdf,0,,AUTO
"C:\Users\CAIHUI\MicroEra-Wiki-MVP-new\backend\data\zaozhi\2025_ Orange peel composition-mono.pdf","zaozhi/2025_ Orange peel composition-mono.pdf","2025_ Orange peel composition-mono.pdf",".pdf",3855751,5e8b88486056d9b9e346c4d19af24b754a63f32994baf644259ca6d75bd862b8,application/pdf,169,0.85,"metadata_in_db",documents/5e8b88486056d9b9e346c4d19af24b754a63f32994baf644259ca6d75bd862b8.pdf,0,,AUTO
"C:\Users\CAIHUI\MicroEra-Wiki-MVP-new\backend\data\zaozhi\2025_ Orange peel composition-mono.pdf","zaozhi/2025_ Orange peel composition-mono.pdf","2025_ Orange peel composition-mono.pdf",".pdf",3855751,5e8b88486056d9b9e346c4d19af24b754a63f32994baf644259ca6d75bd862b8,application/pdf,170,0.85,"metadata_in_db",documents/5e8b88486056d9b9e346c4d19af24b754a63f32994baf644259ca6d75bd862b8.pdf,0,,AUTO
"C:\Users\CAIHUI\MicroEra-Wiki-MVP-new\backend\data\zaozhi\2025_ Orange peel composition-mono.pdf","zaozhi/2025_ Orange peel composition-mono.pdf","2025_ Orange peel composition-mono.pdf",".pdf",3855751,5e8b88486056d9b9e346c4d19af24b754a63f32994baf644259ca6d75bd862b8,application/pdf,332,0.85,"source_file_variant",documents/5e8b88486056d9b9e346c4d19af24b754a63f32994baf644259ca6d75bd862b8.pdf,0,,AUTO
"C:\Users\CAIHUI\MicroEra-Wiki-MVP-new\backend\data\zaozhi\2025_ Orange peel composition.pdf","zaozhi/2025_ Orange peel composition.pdf","2025_ Orange peel composition.pdf",".pdf",3913329,0c46ed980d574d19a40548039b7843010ddc07c19c405220feb8204c1089e7db,application/pdf,127,0.85,"metadata_in_db",documents/0c46ed980d574d19a40548039b7843010ddc07c19c405220feb8204c1089e7db.pdf,0,,AUTO
"C:\Users\CAIHUI\MicroEra-Wiki-MVP-new\backend\data\zaozhi\2025_ Orange peel composition.pdf","zaozhi/2025_ Orange peel composition.pdf","2025_ Orange peel composition.pdf",".pdf",3913329,0c46ed980d574d19a40548039b7843010ddc07c19c405220feb8204c1089e7db,application/pdf,170,0.85,"metadata_in_db",documents/0c46ed980d574d19a40548039b7843010ddc07c19c405220feb8204c1089e7db.pdf,0,,AUTO
"C:\Users\CAIHUI\MicroEra-Wiki-MVP-new\backend\data\zaozhi\2025_ Orange peel composition.pdf","zaozhi/2025_ Orange peel composition.pdf","2025_ Orange peel composition.pdf",".pdf",3913329,0c46ed980d574d19a40548039b7843010ddc07c19c405220feb8204c1089e7db,application/pdf,332,0.85,"source_file_variant",documents/0c46ed980d574d19a40548039b7843010ddc07c19c405220feb8204c1089e7db.pdf,0,,AUTO
"C:\Users\CAIHUI\MicroEra-Wiki-MVP-new\backend\data\zaozhi\2025_Chimeric enzymes.pdf","zaozhi/2025_Chimeric enzymes.pdf","2025_Chimeric enzymes.pdf",".pdf",4841159,e1334ff995a8f02a58c0d9005228b7c0c34b830c59199889930a2123976e70f4,application/pdf,128,0.85,"metadata_in_db",documents/e1334ff995a8f02a58c0d9005228b7c0c34b830c59199889930a2123976e70f4.pdf,0,,AUTO
"C:\Users\CAIHUI\MicroEra-Wiki-MVP-new\backend\data\zaozhi\2025_Chimeric enzymes.pdf","zaozhi/2025_Chimeric enzymes.pdf","2025_Chimeric enzymes.pdf",".pdf",4841159,e1334ff995a8f02a58c0d9005228b7c0c34b830c59199889930a2123976e70f4,application/pdf,171,0.85,"metadata_in_db",documents/e1334ff995a8f02a58c0d9005228b7c0c34b830c59199889930a2123976e70f4.pdf,0,,AUTO
"C:\Users\CAIHUI\MicroEra-Wiki-MVP-new\backend\data\zaozhi\2025_Chimeric enzymes.pdf","zaozhi/2025_Chimeric enzymes.pdf","2025_Chimeric enzymes.pdf",".pdf",4841159,e1334ff995a8f02a58c0d9005228b7c0c34b830c59199889930a2123976e70f4,application/pdf,241,0.85,"pdf_title",documents/e1334ff995a8f02a58c0d9005228b7c0c34b830c59199889930a2123976e70f4.pdf,0,,AUTO
"C:\Users\CAIHUI\MicroEra-Wiki-MVP-new\backend\data\zaozhi\2025_Chimeric enzymes.pdf","zaozhi/2025_Chimeric enzymes.pdf","2025_Chimeric enzymes.pdf",".pdf",4841159,e1334ff995a8f02a58c0d9005228b7c0c34b830c59199889930a2123976e70f4,application/pdf,333,0.85,"source_file_variant",documents/e1334ff995a8f02a58c0d9005228b7c0c34b830c59199889930a2123976e70f4.pdf,0,,AUTO
"C:\Users\CAIHUI\MicroEra-Wiki-MVP-new\backend\data\zaozhi\2025_Decarbonization pathways.pdf","zaozhi/2025_Decarbonization pathways.pdf","2025_Decarbonization pathways.pdf",".pdf",8665739,f66ae4ea33b529ce965a6ff0a41c27959323a2ab7972bae3355d6d8cbd0f0567,application/pdf,129,0.85,"metadata_in_db",documents/f66ae4ea33b529ce965a6ff0a41c27959323a2ab7972bae3355d6d8cbd0f0567.pdf,0,,AUTO
"C:\Users\CAIHUI\MicroEra-Wiki-MVP-new\backend\data\zaozhi\2025_Decarbonization pathways.pdf","zaozhi/2025_Decarbonization pathways.pdf","2025_Decarbonization pathways.pdf",".pdf",8665739,f66ae4ea33b529ce965a6ff0a41c27959323a2ab7972bae3355d6d8cbd0f0567,application/pdf,172,0.85,"metadata_in_db",documents/f66ae4ea33b529ce965a6ff0a41c27959323a2ab7972bae3355d6d8cbd0f0567.pdf,0,,AUTO
"C:\Users\CAIHUI\MicroEra-Wiki-MVP-new\backend\data\zaozhi\2025_Decarbonization pathways.pdf","zaozhi/2025_Decarbonization pathways.pdf","2025_Decarbonization pathways.pdf",".pdf",8665739,f66ae4ea33b529ce965a6ff0a41c27959323a2ab7972bae3355d6d8cbd0f0567,application/pdf,369,0.85,"source_file_variant",documents/f66ae4ea33b529ce965a6ff0a41c27959323a2ab7972bae3355d6d8cbd0f0567.pdf,0,,AUTO
"C:\Users\CAIHUI\MicroEra-Wiki-MVP-new\backend\data\zaozhi\2025_food pakageing.pdf","zaozhi/2025_food pakageing.pdf","2025_food pakageing.pdf",".pdf",854654,4779eb86cbcbc58fe3f46dd6a21b8f8b43604e446225a4e1fca1382a74f685d0,application/pdf,319,0.95,"source_summary",documents/4779eb86cbcbc58fe3f46dd6a21b8f8b43604e446225a4e1fca1382a74f685d0.pdf,0,"zaozhi/新方向调研/2025_food pakageing.pdf",AUTO
"C:\Users\CAIHUI\MicroEra-Wiki-MVP-new\backend\data\zaozhi\2025_food pakageing.pdf","zaozhi/2025_food pakageing.pdf","2025_food pakageing.pdf",".pdf",854654,4779eb86cbcbc58fe3f46dd6a21b8f8b43604e446225a4e1fca1382a74f685d0,application/pdf,370,0.85,"source_file_variant",documents/4779eb86cbcbc58fe3f46dd6a21b8f8b43604e446225a4e1fca1382a74f685d0.pdf,0,"zaozhi/新方向调研/2025_food pakageing.pdf",AUTO
"C:\Users\CAIHUI\MicroEra-Wiki-MVP-new\backend\data\zaozhi\2025_geotechnical.pdf","zaozhi/2025_geotechnical.pdf","2025_geotechnical.pdf",".pdf",993642,7d37b78c876f6610c99fbff1b2b93c382e3df85a192abca4a8c182488eeb7cea,application/pdf,320,0.95,"source_summary",documents/7d37b78c876f6610c99fbff1b2b93c382e3df85a192abca4a8c182488eeb7cea.pdf,0,"zaozhi/新方向调研/2025_geotechnical.pdf",AUTO
"C:\Users\CAIHUI\MicroEra-Wiki-MVP-new\backend\data\zaozhi\2025_geotechnical.pdf","zaozhi/2025_geotechnical.pdf","2025_geotechnical.pdf",".pdf",993642,7d37b78c876f6610c99fbff1b2b93c382e3df85a192abca4a8c182488eeb7cea,application/pdf,371,0.85,"source_file_variant",documents/7d37b78c876f6610c99fbff1b2b93c382e3df85a192abca4a8c182488eeb7cea.pdf,0,"zaozhi/新方向调研/2025_geotechnical.pdf",AUTO
"C:\Users\CAIHUI\MicroEra-Wiki-MVP-new\backend\data\zaozhi\2025_lignocellulosic biomass.pdf","zaozhi/2025_lignocellulosic biomass.pdf","2025_lignocellulosic biomass.pdf",".pdf",5128570,f6fe08e4c12181b135cba729a6ab8a923782e96844d8d6c1e473f535b0dafcec,application/pdf,130,0.85,"metadata_in_db",documents/f6fe08e4c12181b135cba729a6ab8a923782e96844d8d6c1e473f535b0dafcec.pdf,0,,AUTO
"C:\Users\CAIHUI\MicroEra-Wiki-MVP-new\backend\data\zaozhi\2025_lignocellulosic biomass.pdf","zaozhi/2025_lignocellulosic biomass.pdf","2025_lignocellulosic biomass.pdf",".pdf",5128570,f6fe08e4c12181b135cba729a6ab8a923782e96844d8d6c1e473f535b0dafcec,application/pdf,173,0.85,"metadata_in_db",documents/f6fe08e4c12181b135cba729a6ab8a923782e96844d8d6c1e473f535b0dafcec.pdf,0,,AUTO
"C:\Users\CAIHUI\MicroEra-Wiki-MVP-new\backend\data\zaozhi\2025_lignocellulosic biomass.pdf","zaozhi/2025_lignocellulosic biomass.pdf","2025_lignocellulosic biomass.pdf",".pdf",5128570,f6fe08e4c12181b135cba729a6ab8a923782e96844d8d6c1e473f535b0dafcec,application/pdf,372,0.85,"source_file_variant",documents/f6fe08e4c12181b135cba729a6ab8a923782e96844d8d6c1e473f535b0dafcec.pdf,0,,AUTO
"C:\Users\CAIHUI\MicroEra-Wiki-MVP-new\backend\data\zaozhi\2025_microalgae biodiesel.pdf","zaozhi/2025_microalgae biodiesel.pdf","2025_microalgae biodiesel.pdf",".pdf",8828918,7d85e48ee6dfa0dd0600b8395f3ff4dd5f51f67deb8864a78400036fed3f0549,application/pdf,131,0.85,"metadata_in_db",documents/7d85e48ee6dfa0dd0600b8395f3ff4dd5f51f67deb8864a78400036fed3f0549.pdf,0,,AUTO
"C:\Users\CAIHUI\MicroEra-Wiki-MVP-new\backend\data\zaozhi\2025_microalgae biodiesel.pdf","zaozhi/2025_microalgae biodiesel.pdf","2025_microalgae biodiesel.pdf",".pdf",8828918,7d85e48ee6dfa0dd0600b8395f3ff4dd5f51f67deb8864a78400036fed3f0549,application/pdf,174,0.85,"metadata_in_db",documents/7d85e48ee6dfa0dd0600b8395f3ff4dd5f51f67deb8864a78400036fed3f0549.pdf,0,,AUTO
"C:\Users\CAIHUI\MicroEra-Wiki-MVP-new\backend\data\zaozhi\2025_waste.pdf","zaozhi/2025_waste.pdf","2025_waste.pdf",".pdf",1017249,02a3c68225f0955ab27007a920041e73de8626d05b3efd1522e9e0d2d53c7c80,application/pdf,132,0.85,"metadata_in_db",documents/02a3c68225f0955ab27007a920041e73de8626d05b3efd1522e9e0d2d53c7c80.pdf,0,,AUTO
"C:\Users\CAIHUI\MicroEra-Wiki-MVP-new\backend\data\zaozhi\2025_waste.pdf","zaozhi/2025_waste.pdf","2025_waste.pdf",".pdf",1017249,02a3c68225f0955ab27007a920041e73de8626d05b3efd1522e9e0d2d53c7c80,application/pdf,175,0.85,"metadata_in_db",documents/02a3c68225f0955ab27007a920041e73de8626d05b3efd1522e9e0d2d53c7c80.pdf,0,,AUTO
"C:\Users\CAIHUI\MicroEra-Wiki-MVP-new\backend\data\zaozhi\2026_Decarbonization pathways.pdf","zaozhi/2026_Decarbonization pathways.pdf","2026_Decarbonization pathways.pdf",".pdf",693982,8c1be8232f6918fa10344b5a9cc1afdc957f152a2f3c596a40e81baa5979e082,application/pdf,321,0.95,"source_summary",documents/8c1be8232f6918fa10344b5a9cc1afdc957f152a2f3c596a40e81baa5979e082.pdf,0,"zaozhi/新方向调研/2026_Decarbonization pathways.pdf",AUTO
"C:\Users\CAIHUI\MicroEra-Wiki-MVP-new\backend\data\zaozhi\BC.pdf","zaozhi/BC.pdf","BC.pdf",".pdf",1031064,1b0b8865d0fb5ff652d81ca9430d664febcd0d81ae69ac5335d9055ce1d4bf1e,application/pdf,133,0.85,"metadata_in_db",documents/1b0b8865d0fb5ff652d81ca9430d664febcd0d81ae69ac5335d9055ce1d4bf1e.pdf,0,,AUTO
"C:\Users\CAIHUI\MicroEra-Wiki-MVP-new\backend\data\zaozhi\BC.pdf","zaozhi/BC.pdf","BC.pdf",".pdf",1031064,1b0b8865d0fb5ff652d81ca9430d664febcd0d81ae69ac5335d9055ce1d4bf1e,application/pdf,176,0.85,"metadata_in_db",documents/1b0b8865d0fb5ff652d81ca9430d664febcd0d81ae69ac5335d9055ce1d4bf1e.pdf,0,,AUTO
"C:\Users\CAIHUI\MicroEra-Wiki-MVP-new\backend\data\zaozhi\CN201410834523.6_一种2,5-呋喃二甲酸的制备方法.pdf","zaozhi/CN201410834523.6_一种2,5-呋喃二甲酸的制备方法.pdf","CN201410834523.6_一种2,5-呋喃二甲酸的制备方法.pdf",".pdf",1080667,1dfad895eb663c6ebe5f2c15ea4e12c7b560645d4e960866514ae87907c9869e,application/pdf,134,0.98,"exact_title",documents/1dfad895eb663c6ebe5f2c15ea4e12c7b560645d4e960866514ae87907c9869e.pdf,0,,AUTO
"C:\Users\CAIHUI\MicroEra-Wiki-MVP-new\backend\data\zaozhi\CN201410834523.6_一种2,5-呋喃二甲酸的制备方法.pdf","zaozhi/CN201410834523.6_一种2,5-呋喃二甲酸的制备方法.pdf","CN201410834523.6_一种2,5-呋喃二甲酸的制备方法.pdf",".pdf",1080667,1dfad895eb663c6ebe5f2c15ea4e12c7b560645d4e960866514ae87907c9869e,application/pdf,177,0.98,"exact_title",documents/1dfad895eb663c6ebe5f2c15ea4e12c7b560645d4e960866514ae87907c9869e.pdf,0,,AUTO
"C:\Users\CAIHUI\MicroEra-Wiki-MVP-new\backend\data\zaozhi\CN201410834523.6_一种2,5-呋喃二甲酸的制备方法.pdf","zaozhi/CN201410834523.6_一种2,5-呋喃二甲酸的制备方法.pdf","CN201410834523.6_一种2,5-呋喃二甲酸的制备方法.pdf",".pdf",1080667,1dfad895eb663c6ebe5f2c15ea4e12c7b560645d4e960866514ae87907c9869e,application/pdf,136,0.65,"fuzzy_title",documents/1dfad895eb663c6ebe5f2c15ea4e12c7b560645d4e960866514ae87907c9869e.pdf,0,,AUTO
"C:\Users\CAIHUI\MicroEra-Wiki-MVP-new\backend\data\zaozhi\CN201410834523.6_一种2,5-呋喃二甲酸的制备方法.pdf","zaozhi/CN201410834523.6_一种2,5-呋喃二甲酸的制备方法.pdf","CN201410834523.6_一种2,5-呋喃二甲酸的制备方法.pdf",".pdf",1080667,1dfad895eb663c6ebe5f2c15ea4e12c7b560645d4e960866514ae87907c9869e,application/pdf,179,0.65,"fuzzy_title",documents/1dfad895eb663c6ebe5f2c15ea4e12c7b560645d4e960866514ae87907c9869e.pdf,0,,AUTO
"C:\Users\CAIHUI\MicroEra-Wiki-MVP-new\backend\data\zaozhi\CN201410834523.6_一种2,5-呋喃二甲酸的制备方法.pdf","zaozhi/CN201410834523.6_一种2,5-呋喃二甲酸的制备方法.pdf","CN201410834523.6_一种2,5-呋喃二甲酸的制备方法.pdf",".pdf",1080667,1dfad895eb663c6ebe5f2c15ea4e12c7b560645d4e960866514ae87907c9869e,application/pdf,190,0.65,"fuzzy_title",documents/1dfad895eb663c6ebe5f2c15ea4e12c7b560645d4e960866514ae87907c9869e.pdf,0,,AUTO
"C:\Users\CAIHUI\MicroEra-Wiki-MVP-new\backend\data\zaozhi\CN201410834523.6_一种2,5-呋喃二甲酸的制备方法.pdf","zaozhi/CN201410834523.6_一种2,5-呋喃二甲酸的制备方法.pdf","CN201410834523.6_一种2,5-呋喃二甲酸的制备方法.pdf",".pdf",1080667,1dfad895eb663c6ebe5f2c15ea4e12c7b560645d4e960866514ae87907c9869e,application/pdf,355,0.65,"fuzzy_title",documents/1dfad895eb663c6ebe5f2c15ea4e12c7b560645d4e960866514ae87907c9869e.pdf,0,,AUTO
"C:\Users\CAIHUI\MicroEra-Wiki-MVP-new\backend\data\zaozhi\CN201410834523.6_一种2,5-呋喃二甲酸的制备方法.pdf","zaozhi/CN201410834523.6_一种2,5-呋喃二甲酸的制备方法.pdf","CN201410834523.6_一种2,5-呋喃二甲酸的制备方法.pdf",".pdf",1080667,1dfad895eb663c6ebe5f2c15ea4e12c7b560645d4e960866514ae87907c9869e,application/pdf,135,0.5,"fuzzy_title_low",documents/1dfad895eb663c6ebe5f2c15ea4e12c7b560645d4e960866514ae87907c9869e.pdf,0,,AUTO
"C:\Users\CAIHUI\MicroEra-Wiki-MVP-new\backend\data\zaozhi\CN201410834523.6_一种2,5-呋喃二甲酸的制备方法.pdf","zaozhi/CN201410834523.6_一种2,5-呋喃二甲酸的制备方法.pdf","CN201410834523.6_一种2,5-呋喃二甲酸的制备方法.pdf",".pdf",1080667,1dfad895eb663c6ebe5f2c15ea4e12c7b560645d4e960866514ae87907c9869e,application/pdf,142,0.5,"fuzzy_title_low",documents/1dfad895eb663c6ebe5f2c15ea4e12c7b560645d4e960866514ae87907c9869e.pdf,0,,AUTO
"C:\Users\CAIHUI\MicroEra-Wiki-MVP-new\backend\data\zaozhi\CN201410834523.6_一种2,5-呋喃二甲酸的制备方法.pdf","zaozhi/CN201410834523.6_一种2,5-呋喃二甲酸的制备方法.pdf","CN201410834523.6_一种2,5-呋喃二甲酸的制备方法.pdf",".pdf",1080667,1dfad895eb663c6ebe5f2c15ea4e12c7b560645d4e960866514ae87907c9869e,application/pdf,178,0.5,"fuzzy_title_low",documents/1dfad895eb663c6ebe5f2c15ea4e12c7b560645d4e960866514ae87907c9869e.pdf,0,,AUTO
"C:\Users\CAIHUI\MicroEra-Wiki-MVP-new\backend\data\zaozhi\CN201410834523.6_一种2,5-呋喃二甲酸的制备方法.pdf","zaozhi/CN201410834523.6_一种2,5-呋喃二甲酸的制备方法.pdf","CN201410834523.6_一种2,5-呋喃二甲酸的制备方法.pdf",".pdf",1080667,1dfad895eb663c6ebe5f2c15ea4e12c7b560645d4e960866514ae87907c9869e,application/pdf,185,0.5,"fuzzy_title_low",documents/1dfad895eb663c6ebe5f2c15ea4e12c7b560645d4e960866514ae87907c9869e.pdf,0,,AUTO
"C:\Users\CAIHUI\MicroEra-Wiki-MVP-new\backend\data\zaozhi\CN201410834523.6_一种2,5-呋喃二甲酸的制备方法.pdf","zaozhi/CN201410834523.6_一种2,5-呋喃二甲酸的制备方法.pdf","CN201410834523.6_一种2,5-呋喃二甲酸的制备方法.pdf",".pdf",1080667,1dfad895eb663c6ebe5f2c15ea4e12c7b560645d4e960866514ae87907c9869e,application/pdf,187,0.5,"fuzzy_title_low",documents/1dfad895eb663c6ebe5f2c15ea4e12c7b560645d4e960866514ae87907c9869e.pdf,0,,AUTO
"C:\Users\CAIHUI\MicroEra-Wiki-MVP-new\backend\data\zaozhi\CN201410834523.6_一种2,5-呋喃二甲酸的制备方法.pdf","zaozhi/CN201410834523.6_一种2,5-呋喃二甲酸的制备方法.pdf","CN201410834523.6_一种2,5-呋喃二甲酸的制备方法.pdf",".pdf",1080667,1dfad895eb663c6ebe5f2c15ea4e12c7b560645d4e960866514ae87907c9869e,application/pdf,188,0.5,"fuzzy_title_low",documents/1dfad895eb663c6ebe5f2c15ea4e12c7b560645d4e960866514ae87907c9869e.pdf,0,,AUTO
"C:\Users\CAIHUI\MicroEra-Wiki-MVP-new\backend\data\zaozhi\CN201410834523.6_一种2,5-呋喃二甲酸的制备方法.pdf","zaozhi/CN201410834523.6_一种2,5-呋喃二甲酸的制备方法.pdf","CN201410834523.6_一种2,5-呋喃二甲酸的制备方法.pdf",".pdf",1080667,1dfad895eb663c6ebe5f2c15ea4e12c7b560645d4e960866514ae87907c9869e,application/pdf,191,0.5,"fuzzy_title_low",documents/1dfad895eb663c6ebe5f2c15ea4e12c7b560645d4e960866514ae87907c9869e.pdf,0,,AUTO
"C:\Users\CAIHUI\MicroEra-Wiki-MVP-new\backend\data\zaozhi\CN201410834523.6_一种2,5-呋喃二甲酸的制备方法.pdf","zaozhi/CN201410834523.6_一种2,5-呋喃二甲酸的制备方法.pdf","CN201410834523.6_一种2,5-呋喃二甲酸的制备方法.pdf",".pdf",1080667,1dfad895eb663c6ebe5f2c15ea4e12c7b560645d4e960866514ae87907c9869e,application/pdf,193,0.5,"fuzzy_title_low",documents/1dfad895eb663c6ebe5f2c15ea4e12c7b560645d4e960866514ae87907c9869e.pdf,0,,AUTO
"C:\Users\CAIHUI\MicroEra-Wiki-MVP-new\backend\data\zaozhi\CN201410834523.6_一种2,5-呋喃二甲酸的制备方法.pdf","zaozhi/CN201410834523.6_一种2,5-呋喃二甲酸的制备方法.pdf","CN201410834523.6_一种2,5-呋喃二甲酸的制备方法.pdf",".pdf",1080667,1dfad895eb663c6ebe5f2c15ea4e12c7b560645d4e960866514ae87907c9869e,application/pdf,205,0.5,"fuzzy_title_low",documents/1dfad895eb663c6ebe5f2c15ea4e12c7b560645d4e960866514ae87907c9869e.pdf,0,,AUTO
"C:\Users\CAIHUI\MicroEra-Wiki-MVP-new\backend\data\zaozhi\CN201410834523.6_一种2,5-呋喃二甲酸的制备方法.pdf","zaozhi/CN201410834523.6_一种2,5-呋喃二甲酸的制备方法.pdf","CN201410834523.6_一种2,5-呋喃二甲酸的制备方法.pdf",".pdf",1080667,1dfad895eb663c6ebe5f2c15ea4e12c7b560645d4e960866514ae87907c9869e,application/pdf,206,0.5,"fuzzy_title_low",documents/1dfad895eb663c6ebe5f2c15ea4e12c7b560645d4e960866514ae87907c9869e.pdf,0,,AUTO
"C:\Users\CAIHUI\MicroEra-Wiki-MVP-new\backend\data\zaozhi\CN201410834523.6_一种2,5-呋喃二甲酸的制备方法.pdf","zaozhi/CN201410834523.6_一种2,5-呋喃二甲酸的制备方法.pdf","CN201410834523.6_一种2,5-呋喃二甲酸的制备方法.pdf",".pdf",1080667,1dfad895eb663c6ebe5f2c15ea4e12c7b560645d4e960866514ae87907c9869e,application/pdf,207,0.5,"fuzzy_title_low",documents/1dfad895eb663c6ebe5f2c15ea4e12c7b560645d4e960866514ae87907c9869e.pdf,0,,AUTO
"C:\Users\CAIHUI\MicroEra-Wiki-MVP-new\backend\data\zaozhi\CN201410834523.6_一种2,5-呋喃二甲酸的制备方法.pdf","zaozhi/CN201410834523.6_一种2,5-呋喃二甲酸的制备方法.pdf","CN201410834523.6_一种2,5-呋喃二甲酸的制备方法.pdf",".pdf",1080667,1dfad895eb663c6ebe5f2c15ea4e12c7b560645d4e960866514ae87907c9869e,application/pdf,209,0.5,"fuzzy_title_low",documents/1dfad895eb663c6ebe5f2c15ea4e12c7b560645d4e960866514ae87907c9869e.pdf,0,,AUTO
"C:\Users\CAIHUI\MicroEra-Wiki-MVP-new\backend\data\zaozhi\CN201410834523.6_一种2,5-呋喃二甲酸的制备方法.pdf","zaozhi/CN201410834523.6_一种2,5-呋喃二甲酸的制备方法.pdf","CN201410834523.6_一种2,5-呋喃二甲酸的制备方法.pdf",".pdf",1080667,1dfad895eb663c6ebe5f2c15ea4e12c7b560645d4e960866514ae87907c9869e,application/pdf,210,0.5,"fuzzy_title_low",documents/1dfad895eb663c6ebe5f2c15ea4e12c7b560645d4e960866514ae87907c9869e.pdf,0,,AUTO
"C:\Users\CAIHUI\MicroEra-Wiki-MVP-new\backend\data\zaozhi\CN201410834523.6_一种2,5-呋喃二甲酸的制备方法.pdf","zaozhi/CN201410834523.6_一种2,5-呋喃二甲酸的制备方法.pdf","CN201410834523.6_一种2,5-呋喃二甲酸的制备方法.pdf",".pdf",1080667,1dfad895eb663c6ebe5f2c15ea4e12c7b560645d4e960866514ae87907c9869e,application/pdf,213,0.5,"fuzzy_title_low",documents/1dfad895eb663c6ebe5f2c15ea4e12c7b560645d4e960866514ae87907c9869e.pdf,0,,AUTO
"C:\Users\CAIHUI\MicroEra-Wiki-MVP-new\backend\data\zaozhi\CN201410834523.6_一种2,5-呋喃二甲酸的制备方法.pdf","zaozhi/CN201410834523.6_一种2,5-呋喃二甲酸的制备方法.pdf","CN201410834523.6_一种2,5-呋喃二甲酸的制备方法.pdf",".pdf",1080667,1dfad895eb663c6ebe5f2c15ea4e12c7b560645d4e960866514ae87907c9869e,application/pdf,215,0.5,"fuzzy_title_low",documents/1dfad895eb663c6ebe5f2c15ea4e12c7b560645d4e960866514ae87907c9869e.pdf,0,,AUTO
"C:\Users\CAIHUI\MicroEra-Wiki-MVP-new\backend\data\zaozhi\CN201410834523.6_一种2,5-呋喃二甲酸的制备方法.pdf","zaozhi/CN201410834523.6_一种2,5-呋喃二甲酸的制备方法.pdf","CN201410834523.6_一种2,5-呋喃二甲酸的制备方法.pdf",".pdf",1080667,1dfad895eb663c6ebe5f2c15ea4e12c7b560645d4e960866514ae87907c9869e,application/pdf,351,0.5,"fuzzy_title_low",documents/1dfad895eb663c6ebe5f2c15ea4e12c7b560645d4e960866514ae87907c9869e.pdf,0,,AUTO
"C:\Users\CAIHUI\MicroEra-Wiki-MVP-new\backend\data\zaozhi\CN201410834523.6_一种2,5-呋喃二甲酸的制备方法.pdf","zaozhi/CN201410834523.6_一种2,5-呋喃二甲酸的制备方法.pdf","CN201410834523.6_一种2,5-呋喃二甲酸的制备方法.pdf",".pdf",1080667,1dfad895eb663c6ebe5f2c15ea4e12c7b560645d4e960866514ae87907c9869e,application/pdf,353,0.5,"fuzzy_title_low",documents/1dfad895eb663c6ebe5f2c15ea4e12c7b560645d4e960866514ae87907c9869e.pdf,0,,AUTO
"C:\Users\CAIHUI\MicroEra-Wiki-MVP-new\backend\data\zaozhi\CN201410834527.4_一种催化体系可循环使用的2,5-呋喃二甲醛的制备方法.pdf","zaozhi/CN201410834527.4_一种催化体系可循环使用的2,5-呋喃二甲醛的制备方法.pdf","CN201410834527.4_一种催化体系可循环使用的2,5-呋喃二甲醛的制备方法.pdf",".pdf",1173283,d431b772e3d402d8b3aa22c10e0160a0610f26c2a222a67e1ce79851f5892708,application/pdf,135,0.98,"exact_title",documents/d431b772e3d402d8b3aa22c10e0160a0610f26c2a222a67e1ce79851f5892708.pdf,0,,AUTO
"C:\Users\CAIHUI\MicroEra-Wiki-MVP-new\backend\data\zaozhi\CN201410834527.4_一种催化体系可循环使用的2,5-呋喃二甲醛的制备方法.pdf","zaozhi/CN201410834527.4_一种催化体系可循环使用的2,5-呋喃二甲醛的制备方法.pdf","CN201410834527.4_一种催化体系可循环使用的2,5-呋喃二甲醛的制备方法.pdf",".pdf",1173283,d431b772e3d402d8b3aa22c10e0160a0610f26c2a222a67e1ce79851f5892708,application/pdf,178,0.98,"exact_title",documents/d431b772e3d402d8b3aa22c10e0160a0610f26c2a222a67e1ce79851f5892708.pdf,0,,AUTO
"C:\Users\CAIHUI\MicroEra-Wiki-MVP-new\backend\data\zaozhi\CN201410834527.4_一种催化体系可循环使用的2,5-呋喃二甲醛的制备方法.pdf","zaozhi/CN201410834527.4_一种催化体系可循环使用的2,5-呋喃二甲醛的制备方法.pdf","CN201410834527.4_一种催化体系可循环使用的2,5-呋喃二甲醛的制备方法.pdf",".pdf",1173283,d431b772e3d402d8b3aa22c10e0160a0610f26c2a222a67e1ce79851f5892708,application/pdf,134,0.5,"fuzzy_title_low",documents/d431b772e3d402d8b3aa22c10e0160a0610f26c2a222a67e1ce79851f5892708.pdf,0,,AUTO
"C:\Users\CAIHUI\MicroEra-Wiki-MVP-new\backend\data\zaozhi\CN201410834527.4_一种催化体系可循环使用的2,5-呋喃二甲醛的制备方法.pdf","zaozhi/CN201410834527.4_一种催化体系可循环使用的2,5-呋喃二甲醛的制备方法.pdf","CN201410834527.4_一种催化体系可循环使用的2,5-呋喃二甲醛的制备方法.pdf",".pdf",1173283,d431b772e3d402d8b3aa22c10e0160a0610f26c2a222a67e1ce79851f5892708,application/pdf,136,0.5,"fuzzy_title_low",documents/d431b772e3d402d8b3aa22c10e0160a0610f26c2a222a67e1ce79851f5892708.pdf,0,,AUTO
"C:\Users\CAIHUI\MicroEra-Wiki-MVP-new\backend\data\zaozhi\CN201410834527.4_一种催化体系可循环使用的2,5-呋喃二甲醛的制备方法.pdf","zaozhi/CN201410834527.4_一种催化体系可循环使用的2,5-呋喃二甲醛的制备方法.pdf","CN201410834527.4_一种催化体系可循环使用的2,5-呋喃二甲醛的制备方法.pdf",".pdf",1173283,d431b772e3d402d8b3aa22c10e0160a0610f26c2a222a67e1ce79851f5892708,application/pdf,177,0.5,"fuzzy_title_low",documents/d431b772e3d402d8b3aa22c10e0160a0610f26c2a222a67e1ce79851f5892708.pdf,0,,AUTO
"C:\Users\CAIHUI\MicroEra-Wiki-MVP-new\backend\data\zaozhi\CN201410834527.4_一种催化体系可循环使用的2,5-呋喃二甲醛的制备方法.pdf","zaozhi/CN201410834527.4_一种催化体系可循环使用的2,5-呋喃二甲醛的制备方法.pdf","CN201410834527.4_一种催化体系可循环使用的2,5-呋喃二甲醛的制备方法.pdf",".pdf",1173283,d431b772e3d402d8b3aa22c10e0160a0610f26c2a222a67e1ce79851f5892708,application/pdf,179,0.5,"fuzzy_title_low",documents/d431b772e3d402d8b3aa22c10e0160a0610f26c2a222a67e1ce79851f5892708.pdf,0,,AUTO
"C:\Users\CAIHUI\MicroEra-Wiki-MVP-new\backend\data\zaozhi\CN201410834527.4_一种催化体系可循环使用的2,5-呋喃二甲醛的制备方法.pdf","zaozhi/CN201410834527.4_一种催化体系可循环使用的2,5-呋喃二甲醛的制备方法.pdf","CN201410834527.4_一种催化体系可循环使用的2,5-呋喃二甲醛的制备方法.pdf",".pdf",1173283,d431b772e3d402d8b3aa22c10e0160a0610f26c2a222a67e1ce79851f5892708,application/pdf,190,0.5,"fuzzy_title_low",documents/d431b772e3d402d8b3aa22c10e0160a0610f26c2a222a67e1ce79851f5892708.pdf,0,,AUTO
"C:\Users\CAIHUI\MicroEra-Wiki-MVP-new\backend\data\zaozhi\CN201410834527.4_一种催化体系可循环使用的2,5-呋喃二甲醛的制备方法.pdf","zaozhi/CN201410834527.4_一种催化体系可循环使用的2,5-呋喃二甲醛的制备方法.pdf","CN201410834527.4_一种催化体系可循环使用的2,5-呋喃二甲醛的制备方法.pdf",".pdf",1173283,d431b772e3d402d8b3aa22c10e0160a0610f26c2a222a67e1ce79851f5892708,application/pdf,205,0.5,"fuzzy_title_low",documents/d431b772e3d402d8b3aa22c10e0160a0610f26c2a222a67e1ce79851f5892708.pdf,0,,AUTO
"C:\Users\CAIHUI\MicroEra-Wiki-MVP-new\backend\data\zaozhi\CN201410834527.4_一种催化体系可循环使用的2,5-呋喃二甲醛的制备方法.pdf","zaozhi/CN201410834527.4_一种催化体系可循环使用的2,5-呋喃二甲醛的制备方法.pdf","CN201410834527.4_一种催化体系可循环使用的2,5-呋喃二甲醛的制备方法.pdf",".pdf",1173283,d431b772e3d402d8b3aa22c10e0160a0610f26c2a222a67e1ce79851f5892708,application/pdf,207,0.5,"fuzzy_title_low",documents/d431b772e3d402d8b3aa22c10e0160a0610f26c2a222a67e1ce79851f5892708.pdf,0,,AUTO
"C:\Users\CAIHUI\MicroEra-Wiki-MVP-new\backend\data\zaozhi\CN201410834527.4_一种催化体系可循环使用的2,5-呋喃二甲醛的制备方法.pdf","zaozhi/CN201410834527.4_一种催化体系可循环使用的2,5-呋喃二甲醛的制备方法.pdf","CN201410834527.4_一种催化体系可循环使用的2,5-呋喃二甲醛的制备方法.pdf",".pdf",1173283,d431b772e3d402d8b3aa22c10e0160a0610f26c2a222a67e1ce79851f5892708,application/pdf,212,0.5,"fuzzy_title_low",documents/d431b772e3d402d8b3aa22c10e0160a0610f26c2a222a67e1ce79851f5892708.pdf,0,,AUTO
"C:\Users\CAIHUI\MicroEra-Wiki-MVP-new\backend\data\zaozhi\CN201410834527.4_一种催化体系可循环使用的2,5-呋喃二甲醛的制备方法.pdf","zaozhi/CN201410834527.4_一种催化体系可循环使用的2,5-呋喃二甲醛的制备方法.pdf","CN201410834527.4_一种催化体系可循环使用的2,5-呋喃二甲醛的制备方法.pdf",".pdf",1173283,d431b772e3d402d8b3aa22c10e0160a0610f26c2a222a67e1ce79851f5892708,application/pdf,213,0.5,"fuzzy_title_low",documents/d431b772e3d402d8b3aa22c10e0160a0610f26c2a222a67e1ce79851f5892708.pdf,0,,AUTO
"C:\Users\CAIHUI\MicroEra-Wiki-MVP-new\backend\data\zaozhi\CN201410834527.4_一种催化体系可循环使用的2,5-呋喃二甲醛的制备方法.pdf","zaozhi/CN201410834527.4_一种催化体系可循环使用的2,5-呋喃二甲醛的制备方法.pdf","CN201410834527.4_一种催化体系可循环使用的2,5-呋喃二甲醛的制备方法.pdf",".pdf",1173283,d431b772e3d402d8b3aa22c10e0160a0610f26c2a222a67e1ce79851f5892708,application/pdf,351,0.5,"fuzzy_title_low",documents/d431b772e3d402d8b3aa22c10e0160a0610f26c2a222a67e1ce79851f5892708.pdf,0,,AUTO
"C:\Users\CAIHUI\MicroEra-Wiki-MVP-new\backend\data\zaozhi\CN201410834527.4_一种催化体系可循环使用的2,5-呋喃二甲醛的制备方法.pdf","zaozhi/CN201410834527.4_一种催化体系可循环使用的2,5-呋喃二甲醛的制备方法.pdf","CN201410834527.4_一种催化体系可循环使用的2,5-呋喃二甲醛的制备方法.pdf",".pdf",1173283,d431b772e3d402d8b3aa22c10e0160a0610f26c2a222a67e1ce79851f5892708,application/pdf,355,0.5,"fuzzy_title_low",documents/d431b772e3d402d8b3aa22c10e0160a0610f26c2a222a67e1ce79851f5892708.pdf,0,,AUTO
"C:\Users\CAIHUI\MicroEra-Wiki-MVP-new\backend\data\zaozhi\CN201410834559.4_一种2,5-呋喃二甲醛的制备方法.pdf","zaozhi/CN201410834559.4_一种2,5-呋喃二甲醛的制备方法.pdf","CN201410834559.4_一种2,5-呋喃二甲醛的制备方法.pdf",".pdf",1038815,286d33129ceca7a325c7f085d8afca9f48189b60f373ea2613c070a20446c434,application/pdf,136,0.98,"exact_title",documents/286d33129ceca7a325c7f085d8afca9f48189b60f373ea2613c070a20446c434.pdf,0,,AUTO
"C:\Users\CAIHUI\MicroEra-Wiki-MVP-new\backend\data\zaozhi\CN201410834559.4_一种2,5-呋喃二甲醛的制备方法.pdf","zaozhi/CN201410834559.4_一种2,5-呋喃二甲醛的制备方法.pdf","CN201410834559.4_一种2,5-呋喃二甲醛的制备方法.pdf",".pdf",1038815,286d33129ceca7a325c7f085d8afca9f48189b60f373ea2613c070a20446c434,application/pdf,179,0.98,"exact_title",documents/286d33129ceca7a325c7f085d8afca9f48189b60f373ea2613c070a20446c434.pdf,0,,AUTO
"C:\Users\CAIHUI\MicroEra-Wiki-MVP-new\backend\data\zaozhi\CN201410834559.4_一种2,5-呋喃二甲醛的制备方法.pdf","zaozhi/CN201410834559.4_一种2,5-呋喃二甲醛的制备方法.pdf","CN201410834559.4_一种2,5-呋喃二甲醛的制备方法.pdf",".pdf",1038815,286d33129ceca7a325c7f085d8afca9f48189b60f373ea2613c070a20446c434,application/pdf,134,0.65,"fuzzy_title",documents/286d33129ceca7a325c7f085d8afca9f48189b60f373ea2613c070a20446c434.pdf,0,,AUTO
"C:\Users\CAIHUI\MicroEra-Wiki-MVP-new\backend\data\zaozhi\CN201410834559.4_一种2,5-呋喃二甲醛的制备方法.pdf","zaozhi/CN201410834559.4_一种2,5-呋喃二甲醛的制备方法.pdf","CN201410834559.4_一种2,5-呋喃二甲醛的制备方法.pdf",".pdf",1038815,286d33129ceca7a325c7f085d8afca9f48189b60f373ea2613c070a20446c434,application/pdf,177,0.65,"fuzzy_title",documents/286d33129ceca7a325c7f085d8afca9f48189b60f373ea2613c070a20446c434.pdf,0,,AUTO
"C:\Users\CAIHUI\MicroEra-Wiki-MVP-new\backend\data\zaozhi\CN201410834559.4_一种2,5-呋喃二甲醛的制备方法.pdf","zaozhi/CN201410834559.4_一种2,5-呋喃二甲醛的制备方法.pdf","CN201410834559.4_一种2,5-呋喃二甲醛的制备方法.pdf",".pdf",1038815,286d33129ceca7a325c7f085d8afca9f48189b60f373ea2613c070a20446c434,application/pdf,190,0.65,"fuzzy_title",documents/286d33129ceca7a325c7f085d8afca9f48189b60f373ea2613c070a20446c434.pdf,0,,AUTO
"C:\Users\CAIHUI\MicroEra-Wiki-MVP-new\backend\data\zaozhi\CN201410834559.4_一种2,5-呋喃二甲醛的制备方法.pdf","zaozhi/CN201410834559.4_一种2,5-呋喃二甲醛的制备方法.pdf","CN201410834559.4_一种2,5-呋喃二甲醛的制备方法.pdf",".pdf",1038815,286d33129ceca7a325c7f085d8afca9f48189b60f373ea2613c070a20446c434,application/pdf,135,0.5,"fuzzy_title_low",documents/286d33129ceca7a325c7f085d8afca9f48189b60f373ea2613c070a20446c434.pdf,0,,AUTO
"C:\Users\CAIHUI\MicroEra-Wiki-MVP-new\backend\data\zaozhi\CN201410834559.4_一种2,5-呋喃二甲醛的制备方法.pdf","zaozhi/CN201410834559.4_一种2,5-呋喃二甲醛的制备方法.pdf","CN201410834559.4_一种2,5-呋喃二甲醛的制备方法.pdf",".pdf",1038815,286d33129ceca7a325c7f085d8afca9f48189b60f373ea2613c070a20446c434,application/pdf,142,0.5,"fuzzy_title_low",documents/286d33129ceca7a325c7f085d8afca9f48189b60f373ea2613c070a20446c434.pdf,0,,AUTO
"C:\Users\CAIHUI\MicroEra-Wiki-MVP-new\backend\data\zaozhi\CN201410834559.4_一种2,5-呋喃二甲醛的制备方法.pdf","zaozhi/CN201410834559.4_一种2,5-呋喃二甲醛的制备方法.pdf","CN201410834559.4_一种2,5-呋喃二甲醛的制备方法.pdf",".pdf",1038815,286d33129ceca7a325c7f085d8afca9f48189b60f373ea2613c070a20446c434,application/pdf,178,0.5,"fuzzy_title_low",documents/286d33129ceca7a325c7f085d8afca9f48189b60f373ea2613c070a20446c434.pdf,0,,AUTO
"C:\Users\CAIHUI\MicroEra-Wiki-MVP-new\backend\data\zaozhi\CN201410834559.4_一种2,5-呋喃二甲醛的制备方法.pdf","zaozhi/CN201410834559.4_一种2,5-呋喃二甲醛的制备方法.pdf","CN201410834559.4_一种2,5-呋喃二甲醛的制备方法.pdf",".pdf",1038815,286d33129ceca7a325c7f085d8afca9f48189b60f373ea2613c070a20446c434,application/pdf,185,0.5,"fuzzy_title_low",documents/286d33129ceca7a325c7f085d8afca9f48189b60f373ea2613c070a20446c434.pdf,0,,AUTO
"C:\Users\CAIHUI\MicroEra-Wiki-MVP-new\backend\data\zaozhi\CN201410834559.4_一种2,5-呋喃二甲醛的制备方法.pdf","zaozhi/CN201410834559.4_一种2,5-呋喃二甲醛的制备方法.pdf","CN201410834559.4_一种2,5-呋喃二甲醛的制备方法.pdf",".pdf",1038815,286d33129ceca7a325c7f085d8afca9f48189b60f373ea2613c070a20446c434,application/pdf,187,0.5,"fuzzy_title_low",documents/286d33129ceca7a325c7f085d8afca9f48189b60f373ea2613c070a20446c434.pdf,0,,AUTO
"C:\Users\CAIHUI\MicroEra-Wiki-MVP-new\backend\data\zaozhi\CN201410834559.4_一种2,5-呋喃二甲醛的制备方法.pdf","zaozhi/CN201410834559.4_一种2,5-呋喃二甲醛的制备方法.pdf","CN201410834559.4_一种2,5-呋喃二甲醛的制备方法.pdf",".pdf",1038815,286d33129ceca7a325c7f085d8afca9f48189b60f373ea2613c070a20446c434,application/pdf,191,0.5,"fuzzy_title_low",documents/286d33129ceca7a325c7f085d8afca9f48189b60f373ea2613c070a20446c434.pdf,0,,AUTO
"C:\Users\CAIHUI\MicroEra-Wiki-MVP-new\backend\data\zaozhi\CN201410834559.4_一种2,5-呋喃二甲醛的制备方法.pdf","zaozhi/CN201410834559.4_一种2,5-呋喃二甲醛的制备方法.pdf","CN201410834559.4_一种2,5-呋喃二甲醛的制备方法.pdf",".pdf",1038815,286d33129ceca7a325c7f085d8afca9f48189b60f373ea2613c070a20446c434,application/pdf,205,0.5,"fuzzy_title_low",documents/286d33129ceca7a325c7f085d8afca9f48189b60f373ea2613c070a20446c434.pdf,0,,AUTO
"C:\Users\CAIHUI\MicroEra-Wiki-MVP-new\backend\data\zaozhi\CN201410834559.4_一种2,5-呋喃二甲醛的制备方法.pdf","zaozhi/CN201410834559.4_一种2,5-呋喃二甲醛的制备方法.pdf","CN201410834559.4_一种2,5-呋喃二甲醛的制备方法.pdf",".pdf",1038815,286d33129ceca7a325c7f085d8afca9f48189b60f373ea2613c070a20446c434,application/pdf,206,0.5,"fuzzy_title_low",documents/286d33129ceca7a325c7f085d8afca9f48189b60f373ea2613c070a20446c434.pdf,0,,AUTO
"C:\Users\CAIHUI\MicroEra-Wiki-MVP-new\backend\data\zaozhi\CN201410834559.4_一种2,5-呋喃二甲醛的制备方法.pdf","zaozhi/CN201410834559.4_一种2,5-呋喃二甲醛的制备方法.pdf","CN201410834559.4_一种2,5-呋喃二甲醛的制备方法.pdf",".pdf",1038815,286d33129ceca7a325c7f085d8afca9f48189b60f373ea2613c070a20446c434,application/pdf,207,0.5,"fuzzy_title_low",documents/286d33129ceca7a325c7f085d8afca9f48189b60f373ea2613c070a20446c434.pdf,0,,AUTO
"C:\Users\CAIHUI\MicroEra-Wiki-MVP-new\backend\data\zaozhi\CN201410834559.4_一种2,5-呋喃二甲醛的制备方法.pdf","zaozhi/CN201410834559.4_一种2,5-呋喃二甲醛的制备方法.pdf","CN201410834559.4_一种2,5-呋喃二甲醛的制备方法.pdf",".pdf",1038815,286d33129ceca7a325c7f085d8afca9f48189b60f373ea2613c070a20446c434,application/pdf,209,0.5,"fuzzy_title_low",documents/286d33129ceca7a325c7f085d8afca9f48189b60f373ea2613c070a20446c434.pdf,0,,AUTO
"C:\Users\CAIHUI\MicroEra-Wiki-MVP-new\backend\data\zaozhi\CN201410834559.4_一种2,5-呋喃二甲醛的制备方法.pdf","zaozhi/CN201410834559.4_一种2,5-呋喃二甲醛的制备方法.pdf","CN201410834559.4_一种2,5-呋喃二甲醛的制备方法.pdf",".pdf",1038815,286d33129ceca7a325c7f085d8afca9f48189b60f373ea2613c070a20446c434,application/pdf,210,0.5,"fuzzy_title_low",documents/286d33129ceca7a325c7f085d8afca9f48189b60f373ea2613c070a20446c434.pdf,0,,AUTO
"C:\Users\CAIHUI\MicroEra-Wiki-MVP-new\backend\data\zaozhi\CN201410834559.4_一种2,5-呋喃二甲醛的制备方法.pdf","zaozhi/CN201410834559.4_一种2,5-呋喃二甲醛的制备方法.pdf","CN201410834559.4_一种2,5-呋喃二甲醛的制备方法.pdf",".pdf",1038815,286d33129ceca7a325c7f085d8afca9f48189b60f373ea2613c070a20446c434,application/pdf,212,0.5,"fuzzy_title_low",documents/286d33129ceca7a325c7f085d8afca9f48189b60f373ea2613c070a20446c434.pdf,0,,AUTO
"C:\Users\CAIHUI\MicroEra-Wiki-MVP-new\backend\data\zaozhi\CN201410834559.4_一种2,5-呋喃二甲醛的制备方法.pdf","zaozhi/CN201410834559.4_一种2,5-呋喃二甲醛的制备方法.pdf","CN201410834559.4_一种2,5-呋喃二甲醛的制备方法.pdf",".pdf",1038815,286d33129ceca7a325c7f085d8afca9f48189b60f373ea2613c070a20446c434,application/pdf,213,0.5,"fuzzy_title_low",documents/286d33129ceca7a325c7f085d8afca9f48189b60f373ea2613c070a20446c434.pdf,0,,AUTO
"C:\Users\CAIHUI\MicroEra-Wiki-MVP-new\backend\data\zaozhi\CN201410834559.4_一种2,5-呋喃二甲醛的制备方法.pdf","zaozhi/CN201410834559.4_一种2,5-呋喃二甲醛的制备方法.pdf","CN201410834559.4_一种2,5-呋喃二甲醛的制备方法.pdf",".pdf",1038815,286d33129ceca7a325c7f085d8afca9f48189b60f373ea2613c070a20446c434,application/pdf,215,0.5,"fuzzy_title_low",documents/286d33129ceca7a325c7f085d8afca9f48189b60f373ea2613c070a20446c434.pdf,0,,AUTO
"C:\Users\CAIHUI\MicroEra-Wiki-MVP-new\backend\data\zaozhi\CN201410834559.4_一种2,5-呋喃二甲醛的制备方法.pdf","zaozhi/CN201410834559.4_一种2,5-呋喃二甲醛的制备方法.pdf","CN201410834559.4_一种2,5-呋喃二甲醛的制备方法.pdf",".pdf",1038815,286d33129ceca7a325c7f085d8afca9f48189b60f373ea2613c070a20446c434,application/pdf,351,0.5,"fuzzy_title_low",documents/286d33129ceca7a325c7f085d8afca9f48189b60f373ea2613c070a20446c434.pdf,0,,AUTO
"C:\Users\CAIHUI\MicroEra-Wiki-MVP-new\backend\data\zaozhi\CN201410834559.4_一种2,5-呋喃二甲醛的制备方法.pdf","zaozhi/CN201410834559.4_一种2,5-呋喃二甲醛的制备方法.pdf","CN201410834559.4_一种2,5-呋喃二甲醛的制备方法.pdf",".pdf",1038815,286d33129ceca7a325c7f085d8afca9f48189b60f373ea2613c070a20446c434,application/pdf,353,0.5,"fuzzy_title_low",documents/286d33129ceca7a325c7f085d8afca9f48189b60f373ea2613c070a20446c434.pdf,0,,AUTO
"C:\Users\CAIHUI\MicroEra-Wiki-MVP-new\backend\data\zaozhi\CN201410834559.4_一种2,5-呋喃二甲醛的制备方法.pdf","zaozhi/CN201410834559.4_一种2,5-呋喃二甲醛的制备方法.pdf","CN201410834559.4_一种2,5-呋喃二甲醛的制备方法.pdf",".pdf",1038815,286d33129ceca7a325c7f085d8afca9f48189b60f373ea2613c070a20446c434,application/pdf,355,0.5,"fuzzy_title_low",documents/286d33129ceca7a325c7f085d8afca9f48189b60f373ea2613c070a20446c434.pdf,0,,AUTO
"C:\Users\CAIHUI\MicroEra-Wiki-MVP-new\backend\data\zaozhi\CN201510616697.X_一种由生物质衍生物5-HMF或糠醛制备长链烷烃的方法.pdf","zaozhi/CN201510616697.X_一种由生物质衍生物5-HMF或糠醛制备长链烷烃的方法.pdf","CN201510616697.X_一种由生物质衍生物5-HMF或糠醛制备长链烷烃的方法.pdf",".pdf",1442755,81d43173cca4f954d071cb62211556125846ae0613fd1d5e6e3c4b058b8d817c,application/pdf,137,0.98,"exact_title",documents/81d43173cca4f954d071cb62211556125846ae0613fd1d5e6e3c4b058b8d817c.pdf,0,,AUTO
"C:\Users\CAIHUI\MicroEra-Wiki-MVP-new\backend\data\zaozhi\CN201510616697.X_一种由生物质衍生物5-HMF或糠醛制备长链烷烃的方法.pdf","zaozhi/CN201510616697.X_一种由生物质衍生物5-HMF或糠醛制备长链烷烃的方法.pdf","CN201510616697.X_一种由生物质衍生物5-HMF或糠醛制备长链烷烃的方法.pdf",".pdf",1442755,81d43173cca4f954d071cb62211556125846ae0613fd1d5e6e3c4b058b8d817c,application/pdf,180,0.98,"exact_title",documents/81d43173cca4f954d071cb62211556125846ae0613fd1d5e6e3c4b058b8d817c.pdf,0,,AUTO
"C:\Users\CAIHUI\MicroEra-Wiki-MVP-new\backend\data\zaozhi\CN201510616697.X_一种由生物质衍生物5-HMF或糠醛制备长链烷烃的方法.pdf","zaozhi/CN201510616697.X_一种由生物质衍生物5-HMF或糠醛制备长链烷烃的方法.pdf","CN201510616697.X_一种由生物质衍生物5-HMF或糠醛制备长链烷烃的方法.pdf",".pdf",1442755,81d43173cca4f954d071cb62211556125846ae0613fd1d5e6e3c4b058b8d817c,application/pdf,142,0.5,"fuzzy_title_low",documents/81d43173cca4f954d071cb62211556125846ae0613fd1d5e6e3c4b058b8d817c.pdf,0,,AUTO
"C:\Users\CAIHUI\MicroEra-Wiki-MVP-new\backend\data\zaozhi\CN201510616697.X_一种由生物质衍生物5-HMF或糠醛制备长链烷烃的方法.pdf","zaozhi/CN201510616697.X_一种由生物质衍生物5-HMF或糠醛制备长链烷烃的方法.pdf","CN201510616697.X_一种由生物质衍生物5-HMF或糠醛制备长链烷烃的方法.pdf",".pdf",1442755,81d43173cca4f954d071cb62211556125846ae0613fd1d5e6e3c4b058b8d817c,application/pdf,185,0.5,"fuzzy_title_low",documents/81d43173cca4f954d071cb62211556125846ae0613fd1d5e6e3c4b058b8d817c.pdf,0,,AUTO
"C:\Users\CAIHUI\MicroEra-Wiki-MVP-new\backend\data\zaozhi\CN201510616697.X_一种由生物质衍生物5-HMF或糠醛制备长链烷烃的方法.pdf","zaozhi/CN201510616697.X_一种由生物质衍生物5-HMF或糠醛制备长链烷烃的方法.pdf","CN201510616697.X_一种由生物质衍生物5-HMF或糠醛制备长链烷烃的方法.pdf",".pdf",1442755,81d43173cca4f954d071cb62211556125846ae0613fd1d5e6e3c4b058b8d817c,application/pdf,205,0.5,"fuzzy_title_low",documents/81d43173cca4f954d071cb62211556125846ae0613fd1d5e6e3c4b058b8d817c.pdf,0,,AUTO
"C:\Users\CAIHUI\MicroEra-Wiki-MVP-new\backend\data\zaozhi\CN201510616697.X_一种由生物质衍生物5-HMF或糠醛制备长链烷烃的方法.pdf","zaozhi/CN201510616697.X_一种由生物质衍生物5-HMF或糠醛制备长链烷烃的方法.pdf","CN201510616697.X_一种由生物质衍生物5-HMF或糠醛制备长链烷烃的方法.pdf",".pdf",1442755,81d43173cca4f954d071cb62211556125846ae0613fd1d5e6e3c4b058b8d817c,application/pdf,209,0.5,"fuzzy_title_low",documents/81d43173cca4f954d071cb62211556125846ae0613fd1d5e6e3c4b058b8d817c.pdf,0,,AUTO
"C:\Users\CAIHUI\MicroEra-Wiki-MVP-new\backend\data\zaozhi\CN201510616697.X_一种由生物质衍生物5-HMF或糠醛制备长链烷烃的方法.pdf","zaozhi/CN201510616697.X_一种由生物质衍生物5-HMF或糠醛制备长链烷烃的方法.pdf","CN201510616697.X_一种由生物质衍生物5-HMF或糠醛制备长链烷烃的方法.pdf",".pdf",1442755,81d43173cca4f954d071cb62211556125846ae0613fd1d5e6e3c4b058b8d817c,application/pdf,210,0.5,"fuzzy_title_low",documents/81d43173cca4f954d071cb62211556125846ae0613fd1d5e6e3c4b058b8d817c.pdf,0,,AUTO
"C:\Users\CAIHUI\MicroEra-Wiki-MVP-new\backend\data\zaozhi\CN201610040983.0_合成奈妥吡坦中间体杂质2-(3,5-双三氟甲基苯基)丙酸的方法.pdf","zaozhi/CN201610040983.0_合成奈妥吡坦中间体杂质2-(3,5-双三氟甲基苯基)丙酸的方法.pdf","CN201610040983.0_合成奈妥吡坦中间体杂质2-(3,5-双三氟甲基苯基)丙酸的方法.pdf",".pdf",396304,2519980b26d49d078bb5baf9cb8c2c4930ab2bbf936b5059f190f88d6400ac34,application/pdf,138,0.98,"exact_title",documents/2519980b26d49d078bb5baf9cb8c2c4930ab2bbf936b5059f190f88d6400ac34.pdf,0,,AUTO
"C:\Users\CAIHUI\MicroEra-Wiki-MVP-new\backend\data\zaozhi\CN201610040983.0_合成奈妥吡坦中间体杂质2-(3,5-双三氟甲基苯基)丙酸的方法.pdf","zaozhi/CN201610040983.0_合成奈妥吡坦中间体杂质2-(3,5-双三氟甲基苯基)丙酸的方法.pdf","CN201610040983.0_合成奈妥吡坦中间体杂质2-(3,5-双三氟甲基苯基)丙酸的方法.pdf",".pdf",396304,2519980b26d49d078bb5baf9cb8c2c4930ab2bbf936b5059f190f88d6400ac34,application/pdf,181,0.98,"exact_title",documents/2519980b26d49d078bb5baf9cb8c2c4930ab2bbf936b5059f190f88d6400ac34.pdf,0,,AUTO
"C:\Users\CAIHUI\MicroEra-Wiki-MVP-new\backend\data\zaozhi\CN201610040983.0_合成奈妥吡坦中间体杂质2-(3,5-双三氟甲基苯基)丙酸的方法.pdf","zaozhi/CN201610040983.0_合成奈妥吡坦中间体杂质2-(3,5-双三氟甲基苯基)丙酸的方法.pdf","CN201610040983.0_合成奈妥吡坦中间体杂质2-(3,5-双三氟甲基苯基)丙酸的方法.pdf",".pdf",396304,2519980b26d49d078bb5baf9cb8c2c4930ab2bbf936b5059f190f88d6400ac34,application/pdf,141,0.65,"fuzzy_title",documents/2519980b26d49d078bb5baf9cb8c2c4930ab2bbf936b5059f190f88d6400ac34.pdf,0,,AUTO
"C:\Users\CAIHUI\MicroEra-Wiki-MVP-new\backend\data\zaozhi\CN201610040983.0_合成奈妥吡坦中间体杂质2-(3,5-双三氟甲基苯基)丙酸的方法.pdf","zaozhi/CN201610040983.0_合成奈妥吡坦中间体杂质2-(3,5-双三氟甲基苯基)丙酸的方法.pdf","CN201610040983.0_合成奈妥吡坦中间体杂质2-(3,5-双三氟甲基苯基)丙酸的方法.pdf",".pdf",396304,2519980b26d49d078bb5baf9cb8c2c4930ab2bbf936b5059f190f88d6400ac34,application/pdf,184,0.65,"fuzzy_title",documents/2519980b26d49d078bb5baf9cb8c2c4930ab2bbf936b5059f190f88d6400ac34.pdf,0,,AUTO
"C:\Users\CAIHUI\MicroEra-Wiki-MVP-new\backend\data\zaozhi\CN201610040983.0_合成奈妥吡坦中间体杂质2-(3,5-双三氟甲基苯基)丙酸的方法.pdf","zaozhi/CN201610040983.0_合成奈妥吡坦中间体杂质2-(3,5-双三氟甲基苯基)丙酸的方法.pdf","CN201610040983.0_合成奈妥吡坦中间体杂质2-(3,5-双三氟甲基苯基)丙酸的方法.pdf",".pdf",396304,2519980b26d49d078bb5baf9cb8c2c4930ab2bbf936b5059f190f88d6400ac34,application/pdf,139,0.5,"fuzzy_title_low",documents/2519980b26d49d078bb5baf9cb8c2c4930ab2bbf936b5059f190f88d6400ac34.pdf,0,,AUTO
"C:\Users\CAIHUI\MicroEra-Wiki-MVP-new\backend\data\zaozhi\CN201610040983.0_合成奈妥吡坦中间体杂质2-(3,5-双三氟甲基苯基)丙酸的方法.pdf","zaozhi/CN201610040983.0_合成奈妥吡坦中间体杂质2-(3,5-双三氟甲基苯基)丙酸的方法.pdf","CN201610040983.0_合成奈妥吡坦中间体杂质2-(3,5-双三氟甲基苯基)丙酸的方法.pdf",".pdf",396304,2519980b26d49d078bb5baf9cb8c2c4930ab2bbf936b5059f190f88d6400ac34,application/pdf,182,0.5,"fuzzy_title_low",documents/2519980b26d49d078bb5baf9cb8c2c4930ab2bbf936b5059f190f88d6400ac34.pdf,0,,AUTO
"C:\Users\CAIHUI\MicroEra-Wiki-MVP-new\backend\data\zaozhi\CN201610046821.8_一种选择性制备1-羟基-2,5-己二酮及2,5-呋喃二甲醇的方法.pdf","zaozhi/CN201610046821.8_一种选择性制备1-羟基-2,5-己二酮及2,5-呋喃二甲醇的方法.pdf","CN201610046821.8_一种选择性制备1-羟基-2,5-己二酮及2,5-呋喃二甲醇的方法.pdf",".pdf",992860,a7167e79ee90e8c3e86ead9d89418a2f200b80f47a0e969c8d4adc7be2e7e0c0,application/pdf,351,0.98,"exact_title",documents/a7167e79ee90e8c3e86ead9d89418a2f200b80f47a0e969c8d4adc7be2e7e0c0.pdf,0,"zaozhi/甘蔗渣/利夫生物/专利/第一部分/CN201610046821.8_一种选择性制备1-羟基-2,5-己二酮及2,5-呋喃二甲醇的方法.pdf",AUTO
"C:\Users\CAIHUI\MicroEra-Wiki-MVP-new\backend\data\zaozhi\CN201610046821.8_一种选择性制备1-羟基-2,5-己二酮及2,5-呋喃二甲醇的方法.pdf","zaozhi/CN201610046821.8_一种选择性制备1-羟基-2,5-己二酮及2,5-呋喃二甲醇的方法.pdf","CN201610046821.8_一种选择性制备1-羟基-2,5-己二酮及2,5-呋喃二甲醇的方法.pdf",".pdf",992860,a7167e79ee90e8c3e86ead9d89418a2f200b80f47a0e969c8d4adc7be2e7e0c0,application/pdf,134,0.5,"fuzzy_title_low",documents/a7167e79ee90e8c3e86ead9d89418a2f200b80f47a0e969c8d4adc7be2e7e0c0.pdf,0,"zaozhi/甘蔗渣/利夫生物/专利/第一部分/CN201610046821.8_一种选择性制备1-羟基-2,5-己二酮及2,5-呋喃二甲醇的方法.pdf",AUTO
"C:\Users\CAIHUI\MicroEra-Wiki-MVP-new\backend\data\zaozhi\CN201610046821.8_一种选择性制备1-羟基-2,5-己二酮及2,5-呋喃二甲醇的方法.pdf","zaozhi/CN201610046821.8_一种选择性制备1-羟基-2,5-己二酮及2,5-呋喃二甲醇的方法.pdf","CN201610046821.8_一种选择性制备1-羟基-2,5-己二酮及2,5-呋喃二甲醇的方法.pdf",".pdf",992860,a7167e79ee90e8c3e86ead9d89418a2f200b80f47a0e969c8d4adc7be2e7e0c0,application/pdf,135,0.5,"fuzzy_title_low",documents/a7167e79ee90e8c3e86ead9d89418a2f200b80f47a0e969c8d4adc7be2e7e0c0.pdf,0,"zaozhi/甘蔗渣/利夫生物/专利/第一部分/CN201610046821.8_一种选择性制备1-羟基-2,5-己二酮及2,5-呋喃二甲醇的方法.pdf",AUTO
"C:\Users\CAIHUI\MicroEra-Wiki-MVP-new\backend\data\zaozhi\CN201610046821.8_一种选择性制备1-羟基-2,5-己二酮及2,5-呋喃二甲醇的方法.pdf","zaozhi/CN201610046821.8_一种选择性制备1-羟基-2,5-己二酮及2,5-呋喃二甲醇的方法.pdf","CN201610046821.8_一种选择性制备1-羟基-2,5-己二酮及2,5-呋喃二甲醇的方法.pdf",".pdf",992860,a7167e79ee90e8c3e86ead9d89418a2f200b80f47a0e969c8d4adc7be2e7e0c0,application/pdf,136,0.5,"fuzzy_title_low",documents/a7167e79ee90e8c3e86ead9d89418a2f200b80f47a0e969c8d4adc7be2e7e0c0.pdf,0,"zaozhi/甘蔗渣/利夫生物/专利/第一部分/CN201610046821.8_一种选择性制备1-羟基-2,5-己二酮及2,5-呋喃二甲醇的方法.pdf",AUTO
"C:\Users\CAIHUI\MicroEra-Wiki-MVP-new\backend\data\zaozhi\CN201610046821.8_一种选择性制备1-羟基-2,5-己二酮及2,5-呋喃二甲醇的方法.pdf","zaozhi/CN201610046821.8_一种选择性制备1-羟基-2,5-己二酮及2,5-呋喃二甲醇的方法.pdf","CN201610046821.8_一种选择性制备1-羟基-2,5-己二酮及2,5-呋喃二甲醇的方法.pdf",".pdf",992860,a7167e79ee90e8c3e86ead9d89418a2f200b80f47a0e969c8d4adc7be2e7e0c0,application/pdf,142,0.5,"fuzzy_title_low",documents/a7167e79ee90e8c3e86ead9d89418a2f200b80f47a0e969c8d4adc7be2e7e0c0.pdf,0,"zaozhi/甘蔗渣/利夫生物/专利/第一部分/CN201610046821.8_一种选择性制备1-羟基-2,5-己二酮及2,5-呋喃二甲醇的方法.pdf",AUTO
"C:\Users\CAIHUI\MicroEra-Wiki-MVP-new\backend\data\zaozhi\CN201610046821.8_一种选择性制备1-羟基-2,5-己二酮及2,5-呋喃二甲醇的方法.pdf","zaozhi/CN201610046821.8_一种选择性制备1-羟基-2,5-己二酮及2,5-呋喃二甲醇的方法.pdf","CN201610046821.8_一种选择性制备1-羟基-2,5-己二酮及2,5-呋喃二甲醇的方法.pdf",".pdf",992860,a7167e79ee90e8c3e86ead9d89418a2f200b80f47a0e969c8d4adc7be2e7e0c0,application/pdf,177,0.5,"fuzzy_title_low",documents/a7167e79ee90e8c3e86ead9d89418a2f200b80f47a0e969c8d4adc7be2e7e0c0.pdf,0,"zaozhi/甘蔗渣/利夫生物/专利/第一部分/CN201610046821.8_一种选择性制备1-羟基-2,5-己二酮及2,5-呋喃二甲醇的方法.pdf",AUTO
"C:\Users\CAIHUI\MicroEra-Wiki-MVP-new\backend\data\zaozhi\CN201610046821.8_一种选择性制备1-羟基-2,5-己二酮及2,5-呋喃二甲醇的方法.pdf","zaozhi/CN201610046821.8_一种选择性制备1-羟基-2,5-己二酮及2,5-呋喃二甲醇的方法.pdf","CN201610046821.8_一种选择性制备1-羟基-2,5-己二酮及2,5-呋喃二甲醇的方法.pdf",".pdf",992860,a7167e79ee90e8c3e86ead9d89418a2f200b80f47a0e969c8d4adc7be2e7e0c0,application/pdf,178,0.5,"fuzzy_title_low",documents/a7167e79ee90e8c3e86ead9d89418a2f200b80f47a0e969c8d4adc7be2e7e0c0.pdf,0,"zaozhi/甘蔗渣/利夫生物/专利/第一部分/CN201610046821.8_一种选择性制备1-羟基-2,5-己二酮及2,5-呋喃二甲醇的方法.pdf",AUTO
"C:\Users\CAIHUI\MicroEra-Wiki-MVP-new\backend\data\zaozhi\CN201610046821.8_一种选择性制备1-羟基-2,5-己二酮及2,5-呋喃二甲醇的方法.pdf","zaozhi/CN201610046821.8_一种选择性制备1-羟基-2,5-己二酮及2,5-呋喃二甲醇的方法.pdf","CN201610046821.8_一种选择性制备1-羟基-2,5-己二酮及2,5-呋喃二甲醇的方法.pdf",".pdf",992860,a7167e79ee90e8c3e86ead9d89418a2f200b80f47a0e969c8d4adc7be2e7e0c0,application/pdf,179,0.5,"fuzzy_title_low",documents/a7167e79ee90e8c3e86ead9d89418a2f200b80f47a0e969c8d4adc7be2e7e0c0.pdf,0,"zaozhi/甘蔗渣/利夫生物/专利/第一部分/CN201610046821.8_一种选择性制备1-羟基-2,5-己二酮及2,5-呋喃二甲醇的方法.pdf",AUTO
"C:\Users\CAIHUI\MicroEra-Wiki-MVP-new\backend\data\zaozhi\CN201610046821.8_一种选择性制备1-羟基-2,5-己二酮及2,5-呋喃二甲醇的方法.pdf","zaozhi/CN201610046821.8_一种选择性制备1-羟基-2,5-己二酮及2,5-呋喃二甲醇的方法.pdf","CN201610046821.8_一种选择性制备1-羟基-2,5-己二酮及2,5-呋喃二甲醇的方法.pdf",".pdf",992860,a7167e79ee90e8c3e86ead9d89418a2f200b80f47a0e969c8d4adc7be2e7e0c0,application/pdf,185,0.5,"fuzzy_title_low",documents/a7167e79ee90e8c3e86ead9d89418a2f200b80f47a0e969c8d4adc7be2e7e0c0.pdf,0,"zaozhi/甘蔗渣/利夫生物/专利/第一部分/CN201610046821.8_一种选择性制备1-羟基-2,5-己二酮及2,5-呋喃二甲醇的方法.pdf",AUTO
"C:\Users\CAIHUI\MicroEra-Wiki-MVP-new\backend\data\zaozhi\CN201610046821.8_一种选择性制备1-羟基-2,5-己二酮及2,5-呋喃二甲醇的方法.pdf","zaozhi/CN201610046821.8_一种选择性制备1-羟基-2,5-己二酮及2,5-呋喃二甲醇的方法.pdf","CN201610046821.8_一种选择性制备1-羟基-2,5-己二酮及2,5-呋喃二甲醇的方法.pdf",".pdf",992860,a7167e79ee90e8c3e86ead9d89418a2f200b80f47a0e969c8d4adc7be2e7e0c0,application/pdf,190,0.5,"fuzzy_title_low",documents/a7167e79ee90e8c3e86ead9d89418a2f200b80f47a0e969c8d4adc7be2e7e0c0.pdf,0,"zaozhi/甘蔗渣/利夫生物/专利/第一部分/CN201610046821.8_一种选择性制备1-羟基-2,5-己二酮及2,5-呋喃二甲醇的方法.pdf",AUTO
"C:\Users\CAIHUI\MicroEra-Wiki-MVP-new\backend\data\zaozhi\CN201610046821.8_一种选择性制备1-羟基-2,5-己二酮及2,5-呋喃二甲醇的方法.pdf","zaozhi/CN201610046821.8_一种选择性制备1-羟基-2,5-己二酮及2,5-呋喃二甲醇的方法.pdf","CN201610046821.8_一种选择性制备1-羟基-2,5-己二酮及2,5-呋喃二甲醇的方法.pdf",".pdf",992860,a7167e79ee90e8c3e86ead9d89418a2f200b80f47a0e969c8d4adc7be2e7e0c0,application/pdf,205,0.5,"fuzzy_title_low",documents/a7167e79ee90e8c3e86ead9d89418a2f200b80f47a0e969c8d4adc7be2e7e0c0.pdf,0,"zaozhi/甘蔗渣/利夫生物/专利/第一部分/CN201610046821.8_一种选择性制备1-羟基-2,5-己二酮及2,5-呋喃二甲醇的方法.pdf",AUTO
"C:\Users\CAIHUI\MicroEra-Wiki-MVP-new\backend\data\zaozhi\CN201610046821.8_一种选择性制备1-羟基-2,5-己二酮及2,5-呋喃二甲醇的方法.pdf","zaozhi/CN201610046821.8_一种选择性制备1-羟基-2,5-己二酮及2,5-呋喃二甲醇的方法.pdf","CN201610046821.8_一种选择性制备1-羟基-2,5-己二酮及2,5-呋喃二甲醇的方法.pdf",".pdf",992860,a7167e79ee90e8c3e86ead9d89418a2f200b80f47a0e969c8d4adc7be2e7e0c0,application/pdf,209,0.5,"fuzzy_title_low",documents/a7167e79ee90e8c3e86ead9d89418a2f200b80f47a0e969c8d4adc7be2e7e0c0.pdf,0,"zaozhi/甘蔗渣/利夫生物/专利/第一部分/CN201610046821.8_一种选择性制备1-羟基-2,5-己二酮及2,5-呋喃二甲醇的方法.pdf",AUTO
"C:\Users\CAIHUI\MicroEra-Wiki-MVP-new\backend\data\zaozhi\CN201610046821.8_一种选择性制备1-羟基-2,5-己二酮及2,5-呋喃二甲醇的方法.pdf","zaozhi/CN201610046821.8_一种选择性制备1-羟基-2,5-己二酮及2,5-呋喃二甲醇的方法.pdf","CN201610046821.8_一种选择性制备1-羟基-2,5-己二酮及2,5-呋喃二甲醇的方法.pdf",".pdf",992860,a7167e79ee90e8c3e86ead9d89418a2f200b80f47a0e969c8d4adc7be2e7e0c0,application/pdf,210,0.5,"fuzzy_title_low",documents/a7167e79ee90e8c3e86ead9d89418a2f200b80f47a0e969c8d4adc7be2e7e0c0.pdf,0,"zaozhi/甘蔗渣/利夫生物/专利/第一部分/CN201610046821.8_一种选择性制备1-羟基-2,5-己二酮及2,5-呋喃二甲醇的方法.pdf",AUTO
"C:\Users\CAIHUI\MicroEra-Wiki-MVP-new\backend\data\zaozhi\CN201610046821.8_一种选择性制备1-羟基-2,5-己二酮及2,5-呋喃二甲醇的方法.pdf","zaozhi/CN201610046821.8_一种选择性制备1-羟基-2,5-己二酮及2,5-呋喃二甲醇的方法.pdf","CN201610046821.8_一种选择性制备1-羟基-2,5-己二酮及2,5-呋喃二甲醇的方法.pdf",".pdf",992860,a7167e79ee90e8c3e86ead9d89418a2f200b80f47a0e969c8d4adc7be2e7e0c0,application/pdf,213,0.5,"fuzzy_title_low",documents/a7167e79ee90e8c3e86ead9d89418a2f200b80f47a0e969c8d4adc7be2e7e0c0.pdf,0,"zaozhi/甘蔗渣/利夫生物/专利/第一部分/CN201610046821.8_一种选择性制备1-羟基-2,5-己二酮及2,5-呋喃二甲醇的方法.pdf",AUTO
"C:\Users\CAIHUI\MicroEra-Wiki-MVP-new\backend\data\zaozhi\CN201610046821.8_一种选择性制备1-羟基-2,5-己二酮及2,5-呋喃二甲醇的方法.pdf","zaozhi/CN201610046821.8_一种选择性制备1-羟基-2,5-己二酮及2,5-呋喃二甲醇的方法.pdf","CN201610046821.8_一种选择性制备1-羟基-2,5-己二酮及2,5-呋喃二甲醇的方法.pdf",".pdf",992860,a7167e79ee90e8c3e86ead9d89418a2f200b80f47a0e969c8d4adc7be2e7e0c0,application/pdf,355,0.5,"fuzzy_title_low",documents/a7167e79ee90e8c3e86ead9d89418a2f200b80f47a0e969c8d4adc7be2e7e0c0.pdf,0,"zaozhi/甘蔗渣/利夫生物/专利/第一部分/CN201610046821.8_一种选择性制备1-羟基-2,5-己二酮及2,5-呋喃二甲醇的方法.pdf",AUTO
"C:\Users\CAIHUI\MicroEra-Wiki-MVP-new\backend\data\zaozhi\CN201610101663.1_一种奈妥吡坦中间体的合成方法.pdf","zaozhi/CN201610101663.1_一种奈妥吡坦中间体的合成方法.pdf","CN201610101663.1_一种奈妥吡坦中间体的合成方法.pdf",".pdf",552064,3d4dd2f4a02f441b37286c903e1e1692ef7ea9b8267af1f3da72809d7c63a360,application/pdf,139,0.98,"exact_title",documents/3d4dd2f4a02f441b37286c903e1e1692ef7ea9b8267af1f3da72809d7c63a360.pdf,0,,AUTO
"C:\Users\CAIHUI\MicroEra-Wiki-MVP-new\backend\data\zaozhi\CN201610101663.1_一种奈妥吡坦中间体的合成方法.pdf","zaozhi/CN201610101663.1_一种奈妥吡坦中间体的合成方法.pdf","CN201610101663.1_一种奈妥吡坦中间体的合成方法.pdf",".pdf",552064,3d4dd2f4a02f441b37286c903e1e1692ef7ea9b8267af1f3da72809d7c63a360,application/pdf,182,0.98,"exact_title",documents/3d4dd2f4a02f441b37286c903e1e1692ef7ea9b8267af1f3da72809d7c63a360.pdf,0,,AUTO
"C:\Users\CAIHUI\MicroEra-Wiki-MVP-new\backend\data\zaozhi\CN201610101663.1_一种奈妥吡坦中间体的合成方法.pdf","zaozhi/CN201610101663.1_一种奈妥吡坦中间体的合成方法.pdf","CN201610101663.1_一种奈妥吡坦中间体的合成方法.pdf",".pdf",552064,3d4dd2f4a02f441b37286c903e1e1692ef7ea9b8267af1f3da72809d7c63a360,application/pdf,138,0.5,"fuzzy_title_low",documents/3d4dd2f4a02f441b37286c903e1e1692ef7ea9b8267af1f3da72809d7c63a360.pdf,0,,AUTO
"C:\Users\CAIHUI\MicroEra-Wiki-MVP-new\backend\data\zaozhi\CN201610101663.1_一种奈妥吡坦中间体的合成方法.pdf","zaozhi/CN201610101663.1_一种奈妥吡坦中间体的合成方法.pdf","CN201610101663.1_一种奈妥吡坦中间体的合成方法.pdf",".pdf",552064,3d4dd2f4a02f441b37286c903e1e1692ef7ea9b8267af1f3da72809d7c63a360,application/pdf,140,0.5,"fuzzy_title_low",documents/3d4dd2f4a02f441b37286c903e1e1692ef7ea9b8267af1f3da72809d7c63a360.pdf,0,,AUTO
"C:\Users\CAIHUI\MicroEra-Wiki-MVP-new\backend\data\zaozhi\CN201610101663.1_一种奈妥吡坦中间体的合成方法.pdf","zaozhi/CN201610101663.1_一种奈妥吡坦中间体的合成方法.pdf","CN201610101663.1_一种奈妥吡坦中间体的合成方法.pdf",".pdf",552064,3d4dd2f4a02f441b37286c903e1e1692ef7ea9b8267af1f3da72809d7c63a360,application/pdf,141,0.5,"fuzzy_title_low",documents/3d4dd2f4a02f441b37286c903e1e1692ef7ea9b8267af1f3da72809d7c63a360.pdf,0,,AUTO
"C:\Users\CAIHUI\MicroEra-Wiki-MVP-new\backend\data\zaozhi\CN201610101663.1_一种奈妥吡坦中间体的合成方法.pdf","zaozhi/CN201610101663.1_一种奈妥吡坦中间体的合成方法.pdf","CN201610101663.1_一种奈妥吡坦中间体的合成方法.pdf",".pdf",552064,3d4dd2f4a02f441b37286c903e1e1692ef7ea9b8267af1f3da72809d7c63a360,application/pdf,181,0.5,"fuzzy_title_low",documents/3d4dd2f4a02f441b37286c903e1e1692ef7ea9b8267af1f3da72809d7c63a360.pdf,0,,AUTO
"C:\Users\CAIHUI\MicroEra-Wiki-MVP-new\backend\data\zaozhi\CN201610101663.1_一种奈妥吡坦中间体的合成方法.pdf","zaozhi/CN201610101663.1_一种奈妥吡坦中间体的合成方法.pdf","CN201610101663.1_一种奈妥吡坦中间体的合成方法.pdf",".pdf",552064,3d4dd2f4a02f441b37286c903e1e1692ef7ea9b8267af1f3da72809d7c63a360,application/pdf,183,0.5,"fuzzy_title_low",documents/3d4dd2f4a02f441b37286c903e1e1692ef7ea9b8267af1f3da72809d7c63a360.pdf,0,,AUTO
"C:\Users\CAIHUI\MicroEra-Wiki-MVP-new\backend\data\zaozhi\CN201610101663.1_一种奈妥吡坦中间体的合成方法.pdf","zaozhi/CN201610101663.1_一种奈妥吡坦中间体的合成方法.pdf","CN201610101663.1_一种奈妥吡坦中间体的合成方法.pdf",".pdf",552064,3d4dd2f4a02f441b37286c903e1e1692ef7ea9b8267af1f3da72809d7c63a360,application/pdf,184,0.5,"fuzzy_title_low",documents/3d4dd2f4a02f441b37286c903e1e1692ef7ea9b8267af1f3da72809d7c63a360.pdf,0,,AUTO
"C:\Users\CAIHUI\MicroEra-Wiki-MVP-new\backend\data\zaozhi\CN201610101663.1_一种奈妥吡坦中间体的合成方法.pdf","zaozhi/CN201610101663.1_一种奈妥吡坦中间体的合成方法.pdf","CN201610101663.1_一种奈妥吡坦中间体的合成方法.pdf",".pdf",552064,3d4dd2f4a02f441b37286c903e1e1692ef7ea9b8267af1f3da72809d7c63a360,application/pdf,202,0.5,"fuzzy_title_low",documents/3d4dd2f4a02f441b37286c903e1e1692ef7ea9b8267af1f3da72809d7c63a360.pdf,0,,AUTO
"C:\Users\CAIHUI\MicroEra-Wiki-MVP-new\backend\data\zaozhi\CN201610101663.1_一种奈妥吡坦中间体的合成方法.pdf","zaozhi/CN201610101663.1_一种奈妥吡坦中间体的合成方法.pdf","CN201610101663.1_一种奈妥吡坦中间体的合成方法.pdf",".pdf",552064,3d4dd2f4a02f441b37286c903e1e1692ef7ea9b8267af1f3da72809d7c63a360,application/pdf,203,0.5,"fuzzy_title_low",documents/3d4dd2f4a02f441b37286c903e1e1692ef7ea9b8267af1f3da72809d7c63a360.pdf,0,,AUTO
"C:\Users\CAIHUI\MicroEra-Wiki-MVP-new\backend\data\zaozhi\CN201610101681.X_一种药物中间体的合成方法.pdf","zaozhi/CN201610101681.X_一种药物中间体的合成方法.pdf","CN201610101681.X_一种药物中间体的合成方法.pdf",".pdf",548774,7b0c132bb5fba298462de7251d6ef7af57e729a4f9b7f747738b392032f3458d,application/pdf,140,0.98,"exact_title",documents/7b0c132bb5fba298462de7251d6ef7af57e729a4f9b7f747738b392032f3458d.pdf,0,,AUTO
"C:\Users\CAIHUI\MicroEra-Wiki-MVP-new\backend\data\zaozhi\CN201610101681.X_一种药物中间体的合成方法.pdf","zaozhi/CN201610101681.X_一种药物中间体的合成方法.pdf","CN201610101681.X_一种药物中间体的合成方法.pdf",".pdf",548774,7b0c132bb5fba298462de7251d6ef7af57e729a4f9b7f747738b392032f3458d,application/pdf,183,0.98,"exact_title",documents/7b0c132bb5fba298462de7251d6ef7af57e729a4f9b7f747738b392032f3458d.pdf,0,,AUTO
"C:\Users\CAIHUI\MicroEra-Wiki-MVP-new\backend\data\zaozhi\CN201610101681.X_一种药物中间体的合成方法.pdf","zaozhi/CN201610101681.X_一种药物中间体的合成方法.pdf","CN201610101681.X_一种药物中间体的合成方法.pdf",".pdf",548774,7b0c132bb5fba298462de7251d6ef7af57e729a4f9b7f747738b392032f3458d,application/pdf,139,0.5,"fuzzy_title_low",documents/7b0c132bb5fba298462de7251d6ef7af57e729a4f9b7f747738b392032f3458d.pdf,0,,AUTO
"C:\Users\CAIHUI\MicroEra-Wiki-MVP-new\backend\data\zaozhi\CN201610101681.X_一种药物中间体的合成方法.pdf","zaozhi/CN201610101681.X_一种药物中间体的合成方法.pdf","CN201610101681.X_一种药物中间体的合成方法.pdf",".pdf",548774,7b0c132bb5fba298462de7251d6ef7af57e729a4f9b7f747738b392032f3458d,application/pdf,182,0.5,"fuzzy_title_low",documents/7b0c132bb5fba298462de7251d6ef7af57e729a4f9b7f747738b392032f3458d.pdf,0,,AUTO
"C:\Users\CAIHUI\MicroEra-Wiki-MVP-new\backend\data\zaozhi\CN201610101681.X_一种药物中间体的合成方法.pdf","zaozhi/CN201610101681.X_一种药物中间体的合成方法.pdf","CN201610101681.X_一种药物中间体的合成方法.pdf",".pdf",548774,7b0c132bb5fba298462de7251d6ef7af57e729a4f9b7f747738b392032f3458d,application/pdf,202,0.5,"fuzzy_title_low",documents/7b0c132bb5fba298462de7251d6ef7af57e729a4f9b7f747738b392032f3458d.pdf,0,,AUTO
"C:\Users\CAIHUI\MicroEra-Wiki-MVP-new\backend\data\zaozhi\CN201610101681.X_一种药物中间体的合成方法.pdf","zaozhi/CN201610101681.X_一种药物中间体的合成方法.pdf","CN201610101681.X_一种药物中间体的合成方法.pdf",".pdf",548774,7b0c132bb5fba298462de7251d6ef7af57e729a4f9b7f747738b392032f3458d,application/pdf,203,0.5,"fuzzy_title_low",documents/7b0c132bb5fba298462de7251d6ef7af57e729a4f9b7f747738b392032f3458d.pdf,0,,AUTO
"C:\Users\CAIHUI\MicroEra-Wiki-MVP-new\backend\data\zaozhi\CN201610101682.4_一种奈妥吡坦中间体2-(3,5-双三氟甲基苯基)-2-甲基丙酸的合成方法.pdf","zaozhi/CN201610101682.4_一种奈妥吡坦中间体2-(3,5-双三氟甲基苯基)-2-甲基丙酸的合成方法.pdf","CN201610101682.4_一种奈妥吡坦中间体2-(3,5-双三氟甲基苯基)-2-甲基丙酸的合成方法.pdf",".pdf",529759,77b38b65d634fcfe41f50e2f6494f5ff0bb79a99215966b52d31dc74eddfbb3e,application/pdf,141,0.98,"exact_title",documents/77b38b65d634fcfe41f50e2f6494f5ff0bb79a99215966b52d31dc74eddfbb3e.pdf,0,,AUTO
"C:\Users\CAIHUI\MicroEra-Wiki-MVP-new\backend\data\zaozhi\CN201610101682.4_一种奈妥吡坦中间体2-(3,5-双三氟甲基苯基)-2-甲基丙酸的合成方法.pdf","zaozhi/CN201610101682.4_一种奈妥吡坦中间体2-(3,5-双三氟甲基苯基)-2-甲基丙酸的合成方法.pdf","CN201610101682.4_一种奈妥吡坦中间体2-(3,5-双三氟甲基苯基)-2-甲基丙酸的合成方法.pdf",".pdf",529759,77b38b65d634fcfe41f50e2f6494f5ff0bb79a99215966b52d31dc74eddfbb3e,application/pdf,184,0.98,"exact_title",documents/77b38b65d634fcfe41f50e2f6494f5ff0bb79a99215966b52d31dc74eddfbb3e.pdf,0,,AUTO
"C:\Users\CAIHUI\MicroEra-Wiki-MVP-new\backend\data\zaozhi\CN201610101682.4_一种奈妥吡坦中间体2-(3,5-双三氟甲基苯基)-2-甲基丙酸的合成方法.pdf","zaozhi/CN201610101682.4_一种奈妥吡坦中间体2-(3,5-双三氟甲基苯基)-2-甲基丙酸的合成方法.pdf","CN201610101682.4_一种奈妥吡坦中间体2-(3,5-双三氟甲基苯基)-2-甲基丙酸的合成方法.pdf",".pdf",529759,77b38b65d634fcfe41f50e2f6494f5ff0bb79a99215966b52d31dc74eddfbb3e,application/pdf,138,0.65,"fuzzy_title",documents/77b38b65d634fcfe41f50e2f6494f5ff0bb79a99215966b52d31dc74eddfbb3e.pdf,0,,AUTO
"C:\Users\CAIHUI\MicroEra-Wiki-MVP-new\backend\data\zaozhi\CN201610101682.4_一种奈妥吡坦中间体2-(3,5-双三氟甲基苯基)-2-甲基丙酸的合成方法.pdf","zaozhi/CN201610101682.4_一种奈妥吡坦中间体2-(3,5-双三氟甲基苯基)-2-甲基丙酸的合成方法.pdf","CN201610101682.4_一种奈妥吡坦中间体2-(3,5-双三氟甲基苯基)-2-甲基丙酸的合成方法.pdf",".pdf",529759,77b38b65d634fcfe41f50e2f6494f5ff0bb79a99215966b52d31dc74eddfbb3e,application/pdf,181,0.65,"fuzzy_title",documents/77b38b65d634fcfe41f50e2f6494f5ff0bb79a99215966b52d31dc74eddfbb3e.pdf,0,,AUTO
"C:\Users\CAIHUI\MicroEra-Wiki-MVP-new\backend\data\zaozhi\CN201610101682.4_一种奈妥吡坦中间体2-(3,5-双三氟甲基苯基)-2-甲基丙酸的合成方法.pdf","zaozhi/CN201610101682.4_一种奈妥吡坦中间体2-(3,5-双三氟甲基苯基)-2-甲基丙酸的合成方法.pdf","CN201610101682.4_一种奈妥吡坦中间体2-(3,5-双三氟甲基苯基)-2-甲基丙酸的合成方法.pdf",".pdf",529759,77b38b65d634fcfe41f50e2f6494f5ff0bb79a99215966b52d31dc74eddfbb3e,application/pdf,139,0.5,"fuzzy_title_low",documents/77b38b65d634fcfe41f50e2f6494f5ff0bb79a99215966b52d31dc74eddfbb3e.pdf,0,,AUTO
"C:\Users\CAIHUI\MicroEra-Wiki-MVP-new\backend\data\zaozhi\CN201610101682.4_一种奈妥吡坦中间体2-(3,5-双三氟甲基苯基)-2-甲基丙酸的合成方法.pdf","zaozhi/CN201610101682.4_一种奈妥吡坦中间体2-(3,5-双三氟甲基苯基)-2-甲基丙酸的合成方法.pdf","CN201610101682.4_一种奈妥吡坦中间体2-(3,5-双三氟甲基苯基)-2-甲基丙酸的合成方法.pdf",".pdf",529759,77b38b65d634fcfe41f50e2f6494f5ff0bb79a99215966b52d31dc74eddfbb3e,application/pdf,182,0.5,"fuzzy_title_low",documents/77b38b65d634fcfe41f50e2f6494f5ff0bb79a99215966b52d31dc74eddfbb3e.pdf,0,,AUTO
"C:\Users\CAIHUI\MicroEra-Wiki-MVP-new\backend\data\zaozhi\CN201610326841.0_一种由糖制备5-羟甲基糠醛的方法.pdf","zaozhi/CN201610326841.0_一种由糖制备5-羟甲基糠醛的方法.pdf","CN201610326841.0_一种由糖制备5-羟甲基糠醛的方法.pdf",".pdf",418581,026b03a9b7c91f8c1102e6a23ba1712e520b504378c5ecdeaa02a5623e073dd1,application/pdf,142,0.98,"exact_title",documents/026b03a9b7c91f8c1102e6a23ba1712e520b504378c5ecdeaa02a5623e073dd1.pdf,0,,AUTO
"C:\Users\CAIHUI\MicroEra-Wiki-MVP-new\backend\data\zaozhi\CN201610326841.0_一种由糖制备5-羟甲基糠醛的方法.pdf","zaozhi/CN201610326841.0_一种由糖制备5-羟甲基糠醛的方法.pdf","CN201610326841.0_一种由糖制备5-羟甲基糠醛的方法.pdf",".pdf",418581,026b03a9b7c91f8c1102e6a23ba1712e520b504378c5ecdeaa02a5623e073dd1,application/pdf,185,0.98,"exact_title",documents/026b03a9b7c91f8c1102e6a23ba1712e520b504378c5ecdeaa02a5623e073dd1.pdf,0,,AUTO
"C:\Users\CAIHUI\MicroEra-Wiki-MVP-new\backend\data\zaozhi\CN201610326841.0_一种由糖制备5-羟甲基糠醛的方法.pdf","zaozhi/CN201610326841.0_一种由糖制备5-羟甲基糠醛的方法.pdf","CN201610326841.0_一种由糖制备5-羟甲基糠醛的方法.pdf",".pdf",418581,026b03a9b7c91f8c1102e6a23ba1712e520b504378c5ecdeaa02a5623e073dd1,application/pdf,206,0.65,"fuzzy_title",documents/026b03a9b7c91f8c1102e6a23ba1712e520b504378c5ecdeaa02a5623e073dd1.pdf,0,,AUTO
"C:\Users\CAIHUI\MicroEra-Wiki-MVP-new\backend\data\zaozhi\CN201610326841.0_一种由糖制备5-羟甲基糠醛的方法.pdf","zaozhi/CN201610326841.0_一种由糖制备5-羟甲基糠醛的方法.pdf","CN201610326841.0_一种由糖制备5-羟甲基糠醛的方法.pdf",".pdf",418581,026b03a9b7c91f8c1102e6a23ba1712e520b504378c5ecdeaa02a5623e073dd1,application/pdf,209,0.65,"fuzzy_title",documents/026b03a9b7c91f8c1102e6a23ba1712e520b504378c5ecdeaa02a5623e073dd1.pdf,0,,AUTO
"C:\Users\CAIHUI\MicroEra-Wiki-MVP-new\backend\data\zaozhi\CN201610326841.0_一种由糖制备5-羟甲基糠醛的方法.pdf","zaozhi/CN201610326841.0_一种由糖制备5-羟甲基糠醛的方法.pdf","CN201610326841.0_一种由糖制备5-羟甲基糠醛的方法.pdf",".pdf",418581,026b03a9b7c91f8c1102e6a23ba1712e520b504378c5ecdeaa02a5623e073dd1,application/pdf,210,0.65,"fuzzy_title",documents/026b03a9b7c91f8c1102e6a23ba1712e520b504378c5ecdeaa02a5623e073dd1.pdf,0,,AUTO
"C:\Users\CAIHUI\MicroEra-Wiki-MVP-new\backend\data\zaozhi\CN201610326841.0_一种由糖制备5-羟甲基糠醛的方法.pdf","zaozhi/CN201610326841.0_一种由糖制备5-羟甲基糠醛的方法.pdf","CN201610326841.0_一种由糖制备5-羟甲基糠醛的方法.pdf",".pdf",418581,026b03a9b7c91f8c1102e6a23ba1712e520b504378c5ecdeaa02a5623e073dd1,application/pdf,216,0.65,"fuzzy_title",documents/026b03a9b7c91f8c1102e6a23ba1712e520b504378c5ecdeaa02a5623e073dd1.pdf,0,,AUTO
"C:\Users\CAIHUI\MicroEra-Wiki-MVP-new\backend\data\zaozhi\CN201610326841.0_一种由糖制备5-羟甲基糠醛的方法.pdf","zaozhi/CN201610326841.0_一种由糖制备5-羟甲基糠醛的方法.pdf","CN201610326841.0_一种由糖制备5-羟甲基糠醛的方法.pdf",".pdf",418581,026b03a9b7c91f8c1102e6a23ba1712e520b504378c5ecdeaa02a5623e073dd1,application/pdf,134,0.5,"fuzzy_title_low",documents/026b03a9b7c91f8c1102e6a23ba1712e520b504378c5ecdeaa02a5623e073dd1.pdf,0,,AUTO
"C:\Users\CAIHUI\MicroEra-Wiki-MVP-new\backend\data\zaozhi\CN201610326841.0_一种由糖制备5-羟甲基糠醛的方法.pdf","zaozhi/CN201610326841.0_一种由糖制备5-羟甲基糠醛的方法.pdf","CN201610326841.0_一种由糖制备5-羟甲基糠醛的方法.pdf",".pdf",418581,026b03a9b7c91f8c1102e6a23ba1712e520b504378c5ecdeaa02a5623e073dd1,application/pdf,136,0.5,"fuzzy_title_low",documents/026b03a9b7c91f8c1102e6a23ba1712e520b504378c5ecdeaa02a5623e073dd1.pdf,0,,AUTO
"C:\Users\CAIHUI\MicroEra-Wiki-MVP-new\backend\data\zaozhi\CN201610326841.0_一种由糖制备5-羟甲基糠醛的方法.pdf","zaozhi/CN201610326841.0_一种由糖制备5-羟甲基糠醛的方法.pdf","CN201610326841.0_一种由糖制备5-羟甲基糠醛的方法.pdf",".pdf",418581,026b03a9b7c91f8c1102e6a23ba1712e520b504378c5ecdeaa02a5623e073dd1,application/pdf,137,0.5,"fuzzy_title_low",documents/026b03a9b7c91f8c1102e6a23ba1712e520b504378c5ecdeaa02a5623e073dd1.pdf,0,,AUTO
"C:\Users\CAIHUI\MicroEra-Wiki-MVP-new\backend\data\zaozhi\CN201610326841.0_一种由糖制备5-羟甲基糠醛的方法.pdf","zaozhi/CN201610326841.0_一种由糖制备5-羟甲基糠醛的方法.pdf","CN201610326841.0_一种由糖制备5-羟甲基糠醛的方法.pdf",".pdf",418581,026b03a9b7c91f8c1102e6a23ba1712e520b504378c5ecdeaa02a5623e073dd1,application/pdf,177,0.5,"fuzzy_title_low",documents/026b03a9b7c91f8c1102e6a23ba1712e520b504378c5ecdeaa02a5623e073dd1.pdf,0,,AUTO
"C:\Users\CAIHUI\MicroEra-Wiki-MVP-new\backend\data\zaozhi\CN201610326841.0_一种由糖制备5-羟甲基糠醛的方法.pdf","zaozhi/CN201610326841.0_一种由糖制备5-羟甲基糠醛的方法.pdf","CN201610326841.0_一种由糖制备5-羟甲基糠醛的方法.pdf",".pdf",418581,026b03a9b7c91f8c1102e6a23ba1712e520b504378c5ecdeaa02a5623e073dd1,application/pdf,179,0.5,"fuzzy_title_low",documents/026b03a9b7c91f8c1102e6a23ba1712e520b504378c5ecdeaa02a5623e073dd1.pdf,0,,AUTO
"C:\Users\CAIHUI\MicroEra-Wiki-MVP-new\backend\data\zaozhi\CN201610326841.0_一种由糖制备5-羟甲基糠醛的方法.pdf","zaozhi/CN201610326841.0_一种由糖制备5-羟甲基糠醛的方法.pdf","CN201610326841.0_一种由糖制备5-羟甲基糠醛的方法.pdf",".pdf",418581,026b03a9b7c91f8c1102e6a23ba1712e520b504378c5ecdeaa02a5623e073dd1,application/pdf,180,0.5,"fuzzy_title_low",documents/026b03a9b7c91f8c1102e6a23ba1712e520b504378c5ecdeaa02a5623e073dd1.pdf,0,,AUTO
"C:\Users\CAIHUI\MicroEra-Wiki-MVP-new\backend\data\zaozhi\CN201610326841.0_一种由糖制备5-羟甲基糠醛的方法.pdf","zaozhi/CN201610326841.0_一种由糖制备5-羟甲基糠醛的方法.pdf","CN201610326841.0_一种由糖制备5-羟甲基糠醛的方法.pdf",".pdf",418581,026b03a9b7c91f8c1102e6a23ba1712e520b504378c5ecdeaa02a5623e073dd1,application/pdf,189,0.5,"fuzzy_title_low",documents/026b03a9b7c91f8c1102e6a23ba1712e520b504378c5ecdeaa02a5623e073dd1.pdf,0,,AUTO
"C:\Users\CAIHUI\MicroEra-Wiki-MVP-new\backend\data\zaozhi\CN201610326841.0_一种由糖制备5-羟甲基糠醛的方法.pdf","zaozhi/CN201610326841.0_一种由糖制备5-羟甲基糠醛的方法.pdf","CN201610326841.0_一种由糖制备5-羟甲基糠醛的方法.pdf",".pdf",418581,026b03a9b7c91f8c1102e6a23ba1712e520b504378c5ecdeaa02a5623e073dd1,application/pdf,190,0.5,"fuzzy_title_low",documents/026b03a9b7c91f8c1102e6a23ba1712e520b504378c5ecdeaa02a5623e073dd1.pdf,0,,AUTO
"C:\Users\CAIHUI\MicroEra-Wiki-MVP-new\backend\data\zaozhi\CN201610326841.0_一种由糖制备5-羟甲基糠醛的方法.pdf","zaozhi/CN201610326841.0_一种由糖制备5-羟甲基糠醛的方法.pdf","CN201610326841.0_一种由糖制备5-羟甲基糠醛的方法.pdf",".pdf",418581,026b03a9b7c91f8c1102e6a23ba1712e520b504378c5ecdeaa02a5623e073dd1,application/pdf,197,0.5,"fuzzy_title_low",documents/026b03a9b7c91f8c1102e6a23ba1712e520b504378c5ecdeaa02a5623e073dd1.pdf,0,,AUTO
"C:\Users\CAIHUI\MicroEra-Wiki-MVP-new\backend\data\zaozhi\CN201610326841.0_一种由糖制备5-羟甲基糠醛的方法.pdf","zaozhi/CN201610326841.0_一种由糖制备5-羟甲基糠醛的方法.pdf","CN201610326841.0_一种由糖制备5-羟甲基糠醛的方法.pdf",".pdf",418581,026b03a9b7c91f8c1102e6a23ba1712e520b504378c5ecdeaa02a5623e073dd1,application/pdf,205,0.5,"fuzzy_title_low",documents/026b03a9b7c91f8c1102e6a23ba1712e520b504378c5ecdeaa02a5623e073dd1.pdf,0,,AUTO
"C:\Users\CAIHUI\MicroEra-Wiki-MVP-new\backend\data\zaozhi\CN201610326841.0_一种由糖制备5-羟甲基糠醛的方法.pdf","zaozhi/CN201610326841.0_一种由糖制备5-羟甲基糠醛的方法.pdf","CN201610326841.0_一种由糖制备5-羟甲基糠醛的方法.pdf",".pdf",418581,026b03a9b7c91f8c1102e6a23ba1712e520b504378c5ecdeaa02a5623e073dd1,application/pdf,211,0.5,"fuzzy_title_low",documents/026b03a9b7c91f8c1102e6a23ba1712e520b504378c5ecdeaa02a5623e073dd1.pdf,0,,AUTO
"C:\Users\CAIHUI\MicroEra-Wiki-MVP-new\backend\data\zaozhi\CN201610326841.0_一种由糖制备5-羟甲基糠醛的方法.pdf","zaozhi/CN201610326841.0_一种由糖制备5-羟甲基糠醛的方法.pdf","CN201610326841.0_一种由糖制备5-羟甲基糠醛的方法.pdf",".pdf",418581,026b03a9b7c91f8c1102e6a23ba1712e520b504378c5ecdeaa02a5623e073dd1,application/pdf,351,0.5,"fuzzy_title_low",documents/026b03a9b7c91f8c1102e6a23ba1712e520b504378c5ecdeaa02a5623e073dd1.pdf,0,,AUTO
"C:\Users\CAIHUI\MicroEra-Wiki-MVP-new\backend\data\zaozhi\CN201610326841.0_一种由糖制备5-羟甲基糠醛的方法.pdf","zaozhi/CN201610326841.0_一种由糖制备5-羟甲基糠醛的方法.pdf","CN201610326841.0_一种由糖制备5-羟甲基糠醛的方法.pdf",".pdf",418581,026b03a9b7c91f8c1102e6a23ba1712e520b504378c5ecdeaa02a5623e073dd1,application/pdf,367,0.5,"fuzzy_title_low",documents/026b03a9b7c91f8c1102e6a23ba1712e520b504378c5ecdeaa02a5623e073dd1.pdf,0,,AUTO
"C:\Users\CAIHUI\MicroEra-Wiki-MVP-new\backend\data\zaozhi\CN201611079757.X_一种利用乙酰丙酸制备吡咯烷酮的方法.pdf","zaozhi/CN201611079757.X_一种利用乙酰丙酸制备吡咯烷酮的方法.pdf","CN201611079757.X_一种利用乙酰丙酸制备吡咯烷酮的方法.pdf",".pdf",523081,b845107f69b26cddba7e4bf86bb41ead90c06c9f0f55a920475c728922cd3647,application/pdf,143,0.98,"exact_title",documents/b845107f69b26cddba7e4bf86bb41ead90c06c9f0f55a920475c728922cd3647.pdf,0,,AUTO
"C:\Users\CAIHUI\MicroEra-Wiki-MVP-new\backend\data\zaozhi\CN201611079757.X_一种利用乙酰丙酸制备吡咯烷酮的方法.pdf","zaozhi/CN201611079757.X_一种利用乙酰丙酸制备吡咯烷酮的方法.pdf","CN201611079757.X_一种利用乙酰丙酸制备吡咯烷酮的方法.pdf",".pdf",523081,b845107f69b26cddba7e4bf86bb41ead90c06c9f0f55a920475c728922cd3647,application/pdf,186,0.98,"exact_title",documents/b845107f69b26cddba7e4bf86bb41ead90c06c9f0f55a920475c728922cd3647.pdf,0,,AUTO
"C:\Users\CAIHUI\MicroEra-Wiki-MVP-new\backend\data\zaozhi\CN201611079757.X_一种利用乙酰丙酸制备吡咯烷酮的方法.pdf","zaozhi/CN201611079757.X_一种利用乙酰丙酸制备吡咯烷酮的方法.pdf","CN201611079757.X_一种利用乙酰丙酸制备吡咯烷酮的方法.pdf",".pdf",523081,b845107f69b26cddba7e4bf86bb41ead90c06c9f0f55a920475c728922cd3647,application/pdf,189,0.5,"fuzzy_title_low",documents/b845107f69b26cddba7e4bf86bb41ead90c06c9f0f55a920475c728922cd3647.pdf,0,,AUTO
"C:\Users\CAIHUI\MicroEra-Wiki-MVP-new\backend\data\zaozhi\CN201611079757.X_一种利用乙酰丙酸制备吡咯烷酮的方法.pdf","zaozhi/CN201611079757.X_一种利用乙酰丙酸制备吡咯烷酮的方法.pdf","CN201611079757.X_一种利用乙酰丙酸制备吡咯烷酮的方法.pdf",".pdf",523081,b845107f69b26cddba7e4bf86bb41ead90c06c9f0f55a920475c728922cd3647,application/pdf,201,0.5,"fuzzy_title_low",documents/b845107f69b26cddba7e4bf86bb41ead90c06c9f0f55a920475c728922cd3647.pdf,0,,AUTO
"C:\Users\CAIHUI\MicroEra-Wiki-MVP-new\backend\data\zaozhi\CN201611079757.X_一种利用乙酰丙酸制备吡咯烷酮的方法.pdf","zaozhi/CN201611079757.X_一种利用乙酰丙酸制备吡咯烷酮的方法.pdf","CN201611079757.X_一种利用乙酰丙酸制备吡咯烷酮的方法.pdf",".pdf",523081,b845107f69b26cddba7e4bf86bb41ead90c06c9f0f55a920475c728922cd3647,application/pdf,353,0.5,"fuzzy_title_low",documents/b845107f69b26cddba7e4bf86bb41ead90c06c9f0f55a920475c728922cd3647.pdf,0,,AUTO
"C:\Users\CAIHUI\MicroEra-Wiki-MVP-new\backend\data\zaozhi\CN201611079757.X_一种利用乙酰丙酸制备吡咯烷酮的方法.pdf","zaozhi/CN201611079757.X_一种利用乙酰丙酸制备吡咯烷酮的方法.pdf","CN201611079757.X_一种利用乙酰丙酸制备吡咯烷酮的方法.pdf",".pdf",523081,b845107f69b26cddba7e4bf86bb41ead90c06c9f0f55a920475c728922cd3647,application/pdf,367,0.5,"fuzzy_title_low",documents/b845107f69b26cddba7e4bf86bb41ead90c06c9f0f55a920475c728922cd3647.pdf,0,,AUTO
"C:\Users\CAIHUI\MicroEra-Wiki-MVP-new\backend\data\zaozhi\CN201611116066.2_一种γ‑己内酯的制备方法.pdf","zaozhi/CN201611116066.2_一种γ‑己内酯的制备方法.pdf","CN201611116066.2_一种γ‑己内酯的制备方法.pdf",".pdf",347981,37b8fd3ec776c2afdde78ead33b33c917ec9d84aa5cf0e1dd1fc726ba6ecf7d8,application/pdf,187,0.98,"exact_title",documents/37b8fd3ec776c2afdde78ead33b33c917ec9d84aa5cf0e1dd1fc726ba6ecf7d8.pdf,0,,AUTO
"C:\Users\CAIHUI\MicroEra-Wiki-MVP-new\backend\data\zaozhi\CN201611116066.2_一种γ‑己内酯的制备方法.pdf","zaozhi/CN201611116066.2_一种γ‑己内酯的制备方法.pdf","CN201611116066.2_一种γ‑己内酯的制备方法.pdf",".pdf",347981,37b8fd3ec776c2afdde78ead33b33c917ec9d84aa5cf0e1dd1fc726ba6ecf7d8,application/pdf,134,0.5,"fuzzy_title_low",documents/37b8fd3ec776c2afdde78ead33b33c917ec9d84aa5cf0e1dd1fc726ba6ecf7d8.pdf,0,,AUTO
"C:\Users\CAIHUI\MicroEra-Wiki-MVP-new\backend\data\zaozhi\CN201611116066.2_一种γ‑己内酯的制备方法.pdf","zaozhi/CN201611116066.2_一种γ‑己内酯的制备方法.pdf","CN201611116066.2_一种γ‑己内酯的制备方法.pdf",".pdf",347981,37b8fd3ec776c2afdde78ead33b33c917ec9d84aa5cf0e1dd1fc726ba6ecf7d8,application/pdf,136,0.5,"fuzzy_title_low",documents/37b8fd3ec776c2afdde78ead33b33c917ec9d84aa5cf0e1dd1fc726ba6ecf7d8.pdf,0,,AUTO
"C:\Users\CAIHUI\MicroEra-Wiki-MVP-new\backend\data\zaozhi\CN201611116066.2_一种γ‑己内酯的制备方法.pdf","zaozhi/CN201611116066.2_一种γ‑己内酯的制备方法.pdf","CN201611116066.2_一种γ‑己内酯的制备方法.pdf",".pdf",347981,37b8fd3ec776c2afdde78ead33b33c917ec9d84aa5cf0e1dd1fc726ba6ecf7d8,application/pdf,177,0.5,"fuzzy_title_low",documents/37b8fd3ec776c2afdde78ead33b33c917ec9d84aa5cf0e1dd1fc726ba6ecf7d8.pdf,0,,AUTO
"C:\Users\CAIHUI\MicroEra-Wiki-MVP-new\backend\data\zaozhi\CN201611116066.2_一种γ‑己内酯的制备方法.pdf","zaozhi/CN201611116066.2_一种γ‑己内酯的制备方法.pdf","CN201611116066.2_一种γ‑己内酯的制备方法.pdf",".pdf",347981,37b8fd3ec776c2afdde78ead33b33c917ec9d84aa5cf0e1dd1fc726ba6ecf7d8,application/pdf,179,0.5,"fuzzy_title_low",documents/37b8fd3ec776c2afdde78ead33b33c917ec9d84aa5cf0e1dd1fc726ba6ecf7d8.pdf,0,,AUTO
"C:\Users\CAIHUI\MicroEra-Wiki-MVP-new\backend\data\zaozhi\CN201611116066.2_一种γ‑己内酯的制备方法.pdf","zaozhi/CN201611116066.2_一种γ‑己内酯的制备方法.pdf","CN201611116066.2_一种γ‑己内酯的制备方法.pdf",".pdf",347981,37b8fd3ec776c2afdde78ead33b33c917ec9d84aa5cf0e1dd1fc726ba6ecf7d8,application/pdf,188,0.5,"fuzzy_title_low",documents/37b8fd3ec776c2afdde78ead33b33c917ec9d84aa5cf0e1dd1fc726ba6ecf7d8.pdf,0,,AUTO
"C:\Users\CAIHUI\MicroEra-Wiki-MVP-new\backend\data\zaozhi\CN201611116066.2_一种γ‑己内酯的制备方法.pdf","zaozhi/CN201611116066.2_一种γ‑己内酯的制备方法.pdf","CN201611116066.2_一种γ‑己内酯的制备方法.pdf",".pdf",347981,37b8fd3ec776c2afdde78ead33b33c917ec9d84aa5cf0e1dd1fc726ba6ecf7d8,application/pdf,189,0.5,"fuzzy_title_low",documents/37b8fd3ec776c2afdde78ead33b33c917ec9d84aa5cf0e1dd1fc726ba6ecf7d8.pdf,0,,AUTO
"C:\Users\CAIHUI\MicroEra-Wiki-MVP-new\backend\data\zaozhi\CN201611116066.2_一种γ‑己内酯的制备方法.pdf","zaozhi/CN201611116066.2_一种γ‑己内酯的制备方法.pdf","CN201611116066.2_一种γ‑己内酯的制备方法.pdf",".pdf",347981,37b8fd3ec776c2afdde78ead33b33c917ec9d84aa5cf0e1dd1fc726ba6ecf7d8,application/pdf,190,0.5,"fuzzy_title_low",documents/37b8fd3ec776c2afdde78ead33b33c917ec9d84aa5cf0e1dd1fc726ba6ecf7d8.pdf,0,,AUTO
"C:\Users\CAIHUI\MicroEra-Wiki-MVP-new\backend\data\zaozhi\CN201611116066.2_一种γ‑己内酯的制备方法.pdf","zaozhi/CN201611116066.2_一种γ‑己内酯的制备方法.pdf","CN201611116066.2_一种γ‑己内酯的制备方法.pdf",".pdf",347981,37b8fd3ec776c2afdde78ead33b33c917ec9d84aa5cf0e1dd1fc726ba6ecf7d8,application/pdf,191,0.5,"fuzzy_title_low",documents/37b8fd3ec776c2afdde78ead33b33c917ec9d84aa5cf0e1dd1fc726ba6ecf7d8.pdf,0,,AUTO
"C:\Users\CAIHUI\MicroEra-Wiki-MVP-new\backend\data\zaozhi\CN201611116066.2_一种γ‑己内酯的制备方法.pdf","zaozhi/CN201611116066.2_一种γ‑己内酯的制备方法.pdf","CN201611116066.2_一种γ‑己内酯的制备方法.pdf",".pdf",347981,37b8fd3ec776c2afdde78ead33b33c917ec9d84aa5cf0e1dd1fc726ba6ecf7d8,application/pdf,192,0.5,"fuzzy_title_low",documents/37b8fd3ec776c2afdde78ead33b33c917ec9d84aa5cf0e1dd1fc726ba6ecf7d8.pdf,0,,AUTO
"C:\Users\CAIHUI\MicroEra-Wiki-MVP-new\backend\data\zaozhi\CN201611116066.2_一种γ‑己内酯的制备方法.pdf","zaozhi/CN201611116066.2_一种γ‑己内酯的制备方法.pdf","CN201611116066.2_一种γ‑己内酯的制备方法.pdf",".pdf",347981,37b8fd3ec776c2afdde78ead33b33c917ec9d84aa5cf0e1dd1fc726ba6ecf7d8,application/pdf,193,0.5,"fuzzy_title_low",documents/37b8fd3ec776c2afdde78ead33b33c917ec9d84aa5cf0e1dd1fc726ba6ecf7d8.pdf,0,,AUTO
"C:\Users\CAIHUI\MicroEra-Wiki-MVP-new\backend\data\zaozhi\CN201611116066.2_一种γ‑己内酯的制备方法.pdf","zaozhi/CN201611116066.2_一种γ‑己内酯的制备方法.pdf","CN201611116066.2_一种γ‑己内酯的制备方法.pdf",".pdf",347981,37b8fd3ec776c2afdde78ead33b33c917ec9d84aa5cf0e1dd1fc726ba6ecf7d8,application/pdf,197,0.5,"fuzzy_title_low",documents/37b8fd3ec776c2afdde78ead33b33c917ec9d84aa5cf0e1dd1fc726ba6ecf7d8.pdf,0,,AUTO
"C:\Users\CAIHUI\MicroEra-Wiki-MVP-new\backend\data\zaozhi\CN201611116066.2_一种γ‑己内酯的制备方法.pdf","zaozhi/CN201611116066.2_一种γ‑己内酯的制备方法.pdf","CN201611116066.2_一种γ‑己内酯的制备方法.pdf",".pdf",347981,37b8fd3ec776c2afdde78ead33b33c917ec9d84aa5cf0e1dd1fc726ba6ecf7d8,application/pdf,209,0.5,"fuzzy_title_low",documents/37b8fd3ec776c2afdde78ead33b33c917ec9d84aa5cf0e1dd1fc726ba6ecf7d8.pdf,0,,AUTO
"C:\Users\CAIHUI\MicroEra-Wiki-MVP-new\backend\data\zaozhi\CN201611116066.2_一种γ‑己内酯的制备方法.pdf","zaozhi/CN201611116066.2_一种γ‑己内酯的制备方法.pdf","CN201611116066.2_一种γ‑己内酯的制备方法.pdf",".pdf",347981,37b8fd3ec776c2afdde78ead33b33c917ec9d84aa5cf0e1dd1fc726ba6ecf7d8,application/pdf,210,0.5,"fuzzy_title_low",documents/37b8fd3ec776c2afdde78ead33b33c917ec9d84aa5cf0e1dd1fc726ba6ecf7d8.pdf,0,,AUTO
"C:\Users\CAIHUI\MicroEra-Wiki-MVP-new\backend\data\zaozhi\CN201611116066.2_一种γ‑己内酯的制备方法.pdf","zaozhi/CN201611116066.2_一种γ‑己内酯的制备方法.pdf","CN201611116066.2_一种γ‑己内酯的制备方法.pdf",".pdf",347981,37b8fd3ec776c2afdde78ead33b33c917ec9d84aa5cf0e1dd1fc726ba6ecf7d8,application/pdf,353,0.5,"fuzzy_title_low",documents/37b8fd3ec776c2afdde78ead33b33c917ec9d84aa5cf0e1dd1fc726ba6ecf7d8.pdf,0,,AUTO
"C:\Users\CAIHUI\MicroEra-Wiki-MVP-new\backend\data\zaozhi\CN201611116066.2_一种γ‑己内酯的制备方法.pdf","zaozhi/CN201611116066.2_一种γ‑己内酯的制备方法.pdf","CN201611116066.2_一种γ‑己内酯的制备方法.pdf",".pdf",347981,37b8fd3ec776c2afdde78ead33b33c917ec9d84aa5cf0e1dd1fc726ba6ecf7d8,application/pdf,354,0.5,"fuzzy_title_low",documents/37b8fd3ec776c2afdde78ead33b33c917ec9d84aa5cf0e1dd1fc726ba6ecf7d8.pdf,0,,AUTO
"C:\Users\CAIHUI\MicroEra-Wiki-MVP-new\backend\data\zaozhi\CN201611116066.2_一种γ‑己内酯的制备方法.pdf","zaozhi/CN201611116066.2_一种γ‑己内酯的制备方法.pdf","CN201611116066.2_一种γ‑己内酯的制备方法.pdf",".pdf",347981,37b8fd3ec776c2afdde78ead33b33c917ec9d84aa5cf0e1dd1fc726ba6ecf7d8,application/pdf,367,0.5,"fuzzy_title_low",documents/37b8fd3ec776c2afdde78ead33b33c917ec9d84aa5cf0e1dd1fc726ba6ecf7d8.pdf,0,,AUTO
"C:\Users\CAIHUI\MicroEra-Wiki-MVP-new\backend\data\zaozhi\CN201611131088.6_一种由γ‑戊内酯制备戊酸及戊酸酯的方法.pdf","zaozhi/CN201611131088.6_一种由γ‑戊内酯制备戊酸及戊酸酯的方法.pdf","CN201611131088.6_一种由γ‑戊内酯制备戊酸及戊酸酯的方法.pdf",".pdf",295860,45a46e1550c6e6afda6d556ecf8533a657af814e04e017f69c8b3038f62daac7,application/pdf,188,0.98,"exact_title",documents/45a46e1550c6e6afda6d556ecf8533a657af814e04e017f69c8b3038f62daac7.pdf,0,,AUTO
"C:\Users\CAIHUI\MicroEra-Wiki-MVP-new\backend\data\zaozhi\CN201611131088.6_一种由γ‑戊内酯制备戊酸及戊酸酯的方法.pdf","zaozhi/CN201611131088.6_一种由γ‑戊内酯制备戊酸及戊酸酯的方法.pdf","CN201611131088.6_一种由γ‑戊内酯制备戊酸及戊酸酯的方法.pdf",".pdf",295860,45a46e1550c6e6afda6d556ecf8533a657af814e04e017f69c8b3038f62daac7,application/pdf,189,0.65,"fuzzy_title",documents/45a46e1550c6e6afda6d556ecf8533a657af814e04e017f69c8b3038f62daac7.pdf,0,,AUTO
"C:\Users\CAIHUI\MicroEra-Wiki-MVP-new\backend\data\zaozhi\CN201611131088.6_一种由γ‑戊内酯制备戊酸及戊酸酯的方法.pdf","zaozhi/CN201611131088.6_一种由γ‑戊内酯制备戊酸及戊酸酯的方法.pdf","CN201611131088.6_一种由γ‑戊内酯制备戊酸及戊酸酯的方法.pdf",".pdf",295860,45a46e1550c6e6afda6d556ecf8533a657af814e04e017f69c8b3038f62daac7,application/pdf,134,0.5,"fuzzy_title_low",documents/45a46e1550c6e6afda6d556ecf8533a657af814e04e017f69c8b3038f62daac7.pdf,0,,AUTO
"C:\Users\CAIHUI\MicroEra-Wiki-MVP-new\backend\data\zaozhi\CN201611131088.6_一种由γ‑戊内酯制备戊酸及戊酸酯的方法.pdf","zaozhi/CN201611131088.6_一种由γ‑戊内酯制备戊酸及戊酸酯的方法.pdf","CN201611131088.6_一种由γ‑戊内酯制备戊酸及戊酸酯的方法.pdf",".pdf",295860,45a46e1550c6e6afda6d556ecf8533a657af814e04e017f69c8b3038f62daac7,application/pdf,177,0.5,"fuzzy_title_low",documents/45a46e1550c6e6afda6d556ecf8533a657af814e04e017f69c8b3038f62daac7.pdf,0,,AUTO
"C:\Users\CAIHUI\MicroEra-Wiki-MVP-new\backend\data\zaozhi\CN201611131088.6_一种由γ‑戊内酯制备戊酸及戊酸酯的方法.pdf","zaozhi/CN201611131088.6_一种由γ‑戊内酯制备戊酸及戊酸酯的方法.pdf","CN201611131088.6_一种由γ‑戊内酯制备戊酸及戊酸酯的方法.pdf",".pdf",295860,45a46e1550c6e6afda6d556ecf8533a657af814e04e017f69c8b3038f62daac7,application/pdf,187,0.5,"fuzzy_title_low",documents/45a46e1550c6e6afda6d556ecf8533a657af814e04e017f69c8b3038f62daac7.pdf,0,,AUTO
"C:\Users\CAIHUI\MicroEra-Wiki-MVP-new\backend\data\zaozhi\CN201611131088.6_一种由γ‑戊内酯制备戊酸及戊酸酯的方法.pdf","zaozhi/CN201611131088.6_一种由γ‑戊内酯制备戊酸及戊酸酯的方法.pdf","CN201611131088.6_一种由γ‑戊内酯制备戊酸及戊酸酯的方法.pdf",".pdf",295860,45a46e1550c6e6afda6d556ecf8533a657af814e04e017f69c8b3038f62daac7,application/pdf,191,0.5,"fuzzy_title_low",documents/45a46e1550c6e6afda6d556ecf8533a657af814e04e017f69c8b3038f62daac7.pdf,0,,AUTO
"C:\Users\CAIHUI\MicroEra-Wiki-MVP-new\backend\data\zaozhi\CN201611131088.6_一种由γ‑戊内酯制备戊酸及戊酸酯的方法.pdf","zaozhi/CN201611131088.6_一种由γ‑戊内酯制备戊酸及戊酸酯的方法.pdf","CN201611131088.6_一种由γ‑戊内酯制备戊酸及戊酸酯的方法.pdf",".pdf",295860,45a46e1550c6e6afda6d556ecf8533a657af814e04e017f69c8b3038f62daac7,application/pdf,193,0.5,"fuzzy_title_low",documents/45a46e1550c6e6afda6d556ecf8533a657af814e04e017f69c8b3038f62daac7.pdf,0,,AUTO
"C:\Users\CAIHUI\MicroEra-Wiki-MVP-new\backend\data\zaozhi\CN201611131088.6_一种由γ‑戊内酯制备戊酸及戊酸酯的方法.pdf","zaozhi/CN201611131088.6_一种由γ‑戊内酯制备戊酸及戊酸酯的方法.pdf","CN201611131088.6_一种由γ‑戊内酯制备戊酸及戊酸酯的方法.pdf",".pdf",295860,45a46e1550c6e6afda6d556ecf8533a657af814e04e017f69c8b3038f62daac7,application/pdf,194,0.5,"fuzzy_title_low",documents/45a46e1550c6e6afda6d556ecf8533a657af814e04e017f69c8b3038f62daac7.pdf,0,,AUTO
"C:\Users\CAIHUI\MicroEra-Wiki-MVP-new\backend\data\zaozhi\CN201611131088.6_一种由γ‑戊内酯制备戊酸及戊酸酯的方法.pdf","zaozhi/CN201611131088.6_一种由γ‑戊内酯制备戊酸及戊酸酯的方法.pdf","CN201611131088.6_一种由γ‑戊内酯制备戊酸及戊酸酯的方法.pdf",".pdf",295860,45a46e1550c6e6afda6d556ecf8533a657af814e04e017f69c8b3038f62daac7,application/pdf,353,0.5,"fuzzy_title_low",documents/45a46e1550c6e6afda6d556ecf8533a657af814e04e017f69c8b3038f62daac7.pdf,0,,AUTO
"C:\Users\CAIHUI\MicroEra-Wiki-MVP-new\backend\data\zaozhi\CN201611131088.6_一种由γ‑戊内酯制备戊酸及戊酸酯的方法.pdf","zaozhi/CN201611131088.6_一种由γ‑戊内酯制备戊酸及戊酸酯的方法.pdf","CN201611131088.6_一种由γ‑戊内酯制备戊酸及戊酸酯的方法.pdf",".pdf",295860,45a46e1550c6e6afda6d556ecf8533a657af814e04e017f69c8b3038f62daac7,application/pdf,354,0.5,"fuzzy_title_low",documents/45a46e1550c6e6afda6d556ecf8533a657af814e04e017f69c8b3038f62daac7.pdf,0,,AUTO
"C:\Users\CAIHUI\MicroEra-Wiki-MVP-new\backend\data\zaozhi\CN201611131088.6_一种由γ‑戊内酯制备戊酸及戊酸酯的方法.pdf","zaozhi/CN201611131088.6_一种由γ‑戊内酯制备戊酸及戊酸酯的方法.pdf","CN201611131088.6_一种由γ‑戊内酯制备戊酸及戊酸酯的方法.pdf",".pdf",295860,45a46e1550c6e6afda6d556ecf8533a657af814e04e017f69c8b3038f62daac7,application/pdf,355,0.5,"fuzzy_title_low",documents/45a46e1550c6e6afda6d556ecf8533a657af814e04e017f69c8b3038f62daac7.pdf,0,,AUTO
"C:\Users\CAIHUI\MicroEra-Wiki-MVP-new\backend\data\zaozhi\CN201611131667.0_一种由乙酰丙酸制备戊酸及戊酸酯的方法.pdf","zaozhi/CN201611131667.0_一种由乙酰丙酸制备戊酸及戊酸酯的方法.pdf","CN201611131667.0_一种由乙酰丙酸制备戊酸及戊酸酯的方法.pdf",".pdf",295236,c5bc5e9efe2206e90882c52e94d70e6a77af486dc1ba08c90a9279c60453cc5e,application/pdf,189,0.98,"exact_title",documents/c5bc5e9efe2206e90882c52e94d70e6a77af486dc1ba08c90a9279c60453cc5e.pdf,0,,AUTO
"C:\Users\CAIHUI\MicroEra-Wiki-MVP-new\backend\data\zaozhi\CN201611131667.0_一种由乙酰丙酸制备戊酸及戊酸酯的方法.pdf","zaozhi/CN201611131667.0_一种由乙酰丙酸制备戊酸及戊酸酯的方法.pdf","CN201611131667.0_一种由乙酰丙酸制备戊酸及戊酸酯的方法.pdf",".pdf",295236,c5bc5e9efe2206e90882c52e94d70e6a77af486dc1ba08c90a9279c60453cc5e,application/pdf,188,0.65,"fuzzy_title",documents/c5bc5e9efe2206e90882c52e94d70e6a77af486dc1ba08c90a9279c60453cc5e.pdf,0,,AUTO
"C:\Users\CAIHUI\MicroEra-Wiki-MVP-new\backend\data\zaozhi\CN201611131667.0_一种由乙酰丙酸制备戊酸及戊酸酯的方法.pdf","zaozhi/CN201611131667.0_一种由乙酰丙酸制备戊酸及戊酸酯的方法.pdf","CN201611131667.0_一种由乙酰丙酸制备戊酸及戊酸酯的方法.pdf",".pdf",295236,c5bc5e9efe2206e90882c52e94d70e6a77af486dc1ba08c90a9279c60453cc5e,application/pdf,142,0.5,"fuzzy_title_low",documents/c5bc5e9efe2206e90882c52e94d70e6a77af486dc1ba08c90a9279c60453cc5e.pdf,0,,AUTO
"C:\Users\CAIHUI\MicroEra-Wiki-MVP-new\backend\data\zaozhi\CN201611131667.0_一种由乙酰丙酸制备戊酸及戊酸酯的方法.pdf","zaozhi/CN201611131667.0_一种由乙酰丙酸制备戊酸及戊酸酯的方法.pdf","CN201611131667.0_一种由乙酰丙酸制备戊酸及戊酸酯的方法.pdf",".pdf",295236,c5bc5e9efe2206e90882c52e94d70e6a77af486dc1ba08c90a9279c60453cc5e,application/pdf,143,0.5,"fuzzy_title_low",documents/c5bc5e9efe2206e90882c52e94d70e6a77af486dc1ba08c90a9279c60453cc5e.pdf,0,,AUTO
"C:\Users\CAIHUI\MicroEra-Wiki-MVP-new\backend\data\zaozhi\CN201611131667.0_一种由乙酰丙酸制备戊酸及戊酸酯的方法.pdf","zaozhi/CN201611131667.0_一种由乙酰丙酸制备戊酸及戊酸酯的方法.pdf","CN201611131667.0_一种由乙酰丙酸制备戊酸及戊酸酯的方法.pdf",".pdf",295236,c5bc5e9efe2206e90882c52e94d70e6a77af486dc1ba08c90a9279c60453cc5e,application/pdf,185,0.5,"fuzzy_title_low",documents/c5bc5e9efe2206e90882c52e94d70e6a77af486dc1ba08c90a9279c60453cc5e.pdf,0,,AUTO
"C:\Users\CAIHUI\MicroEra-Wiki-MVP-new\backend\data\zaozhi\CN201611131667.0_一种由乙酰丙酸制备戊酸及戊酸酯的方法.pdf","zaozhi/CN201611131667.0_一种由乙酰丙酸制备戊酸及戊酸酯的方法.pdf","CN201611131667.0_一种由乙酰丙酸制备戊酸及戊酸酯的方法.pdf",".pdf",295236,c5bc5e9efe2206e90882c52e94d70e6a77af486dc1ba08c90a9279c60453cc5e,application/pdf,186,0.5,"fuzzy_title_low",documents/c5bc5e9efe2206e90882c52e94d70e6a77af486dc1ba08c90a9279c60453cc5e.pdf,0,,AUTO
"C:\Users\CAIHUI\MicroEra-Wiki-MVP-new\backend\data\zaozhi\CN201611131667.0_一种由乙酰丙酸制备戊酸及戊酸酯的方法.pdf","zaozhi/CN201611131667.0_一种由乙酰丙酸制备戊酸及戊酸酯的方法.pdf","CN201611131667.0_一种由乙酰丙酸制备戊酸及戊酸酯的方法.pdf",".pdf",295236,c5bc5e9efe2206e90882c52e94d70e6a77af486dc1ba08c90a9279c60453cc5e,application/pdf,187,0.5,"fuzzy_title_low",documents/c5bc5e9efe2206e90882c52e94d70e6a77af486dc1ba08c90a9279c60453cc5e.pdf,0,,AUTO
"C:\Users\CAIHUI\MicroEra-Wiki-MVP-new\backend\data\zaozhi\CN201611131667.0_一种由乙酰丙酸制备戊酸及戊酸酯的方法.pdf","zaozhi/CN201611131667.0_一种由乙酰丙酸制备戊酸及戊酸酯的方法.pdf","CN201611131667.0_一种由乙酰丙酸制备戊酸及戊酸酯的方法.pdf",".pdf",295236,c5bc5e9efe2206e90882c52e94d70e6a77af486dc1ba08c90a9279c60453cc5e,application/pdf,193,0.5,"fuzzy_title_low",documents/c5bc5e9efe2206e90882c52e94d70e6a77af486dc1ba08c90a9279c60453cc5e.pdf,0,,AUTO
"C:\Users\CAIHUI\MicroEra-Wiki-MVP-new\backend\data\zaozhi\CN201611131667.0_一种由乙酰丙酸制备戊酸及戊酸酯的方法.pdf","zaozhi/CN201611131667.0_一种由乙酰丙酸制备戊酸及戊酸酯的方法.pdf","CN201611131667.0_一种由乙酰丙酸制备戊酸及戊酸酯的方法.pdf",".pdf",295236,c5bc5e9efe2206e90882c52e94d70e6a77af486dc1ba08c90a9279c60453cc5e,application/pdf,354,0.5,"fuzzy_title_low",documents/c5bc5e9efe2206e90882c52e94d70e6a77af486dc1ba08c90a9279c60453cc5e.pdf,0,,AUTO
"C:\Users\CAIHUI\MicroEra-Wiki-MVP-new\backend\data\zaozhi\CN201611131667.0_一种由乙酰丙酸制备戊酸及戊酸酯的方法.pdf","zaozhi/CN201611131667.0_一种由乙酰丙酸制备戊酸及戊酸酯的方法.pdf","CN201611131667.0_一种由乙酰丙酸制备戊酸及戊酸酯的方法.pdf",".pdf",295236,c5bc5e9efe2206e90882c52e94d70e6a77af486dc1ba08c90a9279c60453cc5e,application/pdf,355,0.5,"fuzzy_title_low",documents/c5bc5e9efe2206e90882c52e94d70e6a77af486dc1ba08c90a9279c60453cc5e.pdf,0,,AUTO
"C:\Users\CAIHUI\MicroEra-Wiki-MVP-new\backend\data\zaozhi\CN201710079914.5_一种2,5‑呋喃二甲醛的制备方法.pdf","zaozhi/CN201710079914.5_一种2,5‑呋喃二甲醛的制备方法.pdf","CN201710079914.5_一种2,5‑呋喃二甲醛的制备方法.pdf",".pdf",302561,f4855cab4398ac32190ede3ca433ec395734111cc60a089c8f5b537c2c4e785c,application/pdf,190,0.98,"exact_title",documents/f4855cab4398ac32190ede3ca433ec395734111cc60a089c8f5b537c2c4e785c.pdf,0,,AUTO
"C:\Users\CAIHUI\MicroEra-Wiki-MVP-new\backend\data\zaozhi\CN201710079914.5_一种2,5‑呋喃二甲醛的制备方法.pdf","zaozhi/CN201710079914.5_一种2,5‑呋喃二甲醛的制备方法.pdf","CN201710079914.5_一种2,5‑呋喃二甲醛的制备方法.pdf",".pdf",302561,f4855cab4398ac32190ede3ca433ec395734111cc60a089c8f5b537c2c4e785c,application/pdf,134,0.65,"fuzzy_title",documents/f4855cab4398ac32190ede3ca433ec395734111cc60a089c8f5b537c2c4e785c.pdf,0,,AUTO
"C:\Users\CAIHUI\MicroEra-Wiki-MVP-new\backend\data\zaozhi\CN201710079914.5_一种2,5‑呋喃二甲醛的制备方法.pdf","zaozhi/CN201710079914.5_一种2,5‑呋喃二甲醛的制备方法.pdf","CN201710079914.5_一种2,5‑呋喃二甲醛的制备方法.pdf",".pdf",302561,f4855cab4398ac32190ede3ca433ec395734111cc60a089c8f5b537c2c4e785c,application/pdf,136,0.65,"fuzzy_title",documents/f4855cab4398ac32190ede3ca433ec395734111cc60a089c8f5b537c2c4e785c.pdf,0,,AUTO
"C:\Users\CAIHUI\MicroEra-Wiki-MVP-new\backend\data\zaozhi\CN201710079914.5_一种2,5‑呋喃二甲醛的制备方法.pdf","zaozhi/CN201710079914.5_一种2,5‑呋喃二甲醛的制备方法.pdf","CN201710079914.5_一种2,5‑呋喃二甲醛的制备方法.pdf",".pdf",302561,f4855cab4398ac32190ede3ca433ec395734111cc60a089c8f5b537c2c4e785c,application/pdf,177,0.65,"fuzzy_title",documents/f4855cab4398ac32190ede3ca433ec395734111cc60a089c8f5b537c2c4e785c.pdf,0,,AUTO
"C:\Users\CAIHUI\MicroEra-Wiki-MVP-new\backend\data\zaozhi\CN201710079914.5_一种2,5‑呋喃二甲醛的制备方法.pdf","zaozhi/CN201710079914.5_一种2,5‑呋喃二甲醛的制备方法.pdf","CN201710079914.5_一种2,5‑呋喃二甲醛的制备方法.pdf",".pdf",302561,f4855cab4398ac32190ede3ca433ec395734111cc60a089c8f5b537c2c4e785c,application/pdf,179,0.65,"fuzzy_title",documents/f4855cab4398ac32190ede3ca433ec395734111cc60a089c8f5b537c2c4e785c.pdf,0,,AUTO
"C:\Users\CAIHUI\MicroEra-Wiki-MVP-new\backend\data\zaozhi\CN201710079914.5_一种2,5‑呋喃二甲醛的制备方法.pdf","zaozhi/CN201710079914.5_一种2,5‑呋喃二甲醛的制备方法.pdf","CN201710079914.5_一种2,5‑呋喃二甲醛的制备方法.pdf",".pdf",302561,f4855cab4398ac32190ede3ca433ec395734111cc60a089c8f5b537c2c4e785c,application/pdf,205,0.65,"fuzzy_title",documents/f4855cab4398ac32190ede3ca433ec395734111cc60a089c8f5b537c2c4e785c.pdf,0,,AUTO
"C:\Users\CAIHUI\MicroEra-Wiki-MVP-new\backend\data\zaozhi\CN201710079914.5_一种2,5‑呋喃二甲醛的制备方法.pdf","zaozhi/CN201710079914.5_一种2,5‑呋喃二甲醛的制备方法.pdf","CN201710079914.5_一种2,5‑呋喃二甲醛的制备方法.pdf",".pdf",302561,f4855cab4398ac32190ede3ca433ec395734111cc60a089c8f5b537c2c4e785c,application/pdf,135,0.5,"fuzzy_title_low",documents/f4855cab4398ac32190ede3ca433ec395734111cc60a089c8f5b537c2c4e785c.pdf,0,,AUTO
"C:\Users\CAIHUI\MicroEra-Wiki-MVP-new\backend\data\zaozhi\CN201710079914.5_一种2,5‑呋喃二甲醛的制备方法.pdf","zaozhi/CN201710079914.5_一种2,5‑呋喃二甲醛的制备方法.pdf","CN201710079914.5_一种2,5‑呋喃二甲醛的制备方法.pdf",".pdf",302561,f4855cab4398ac32190ede3ca433ec395734111cc60a089c8f5b537c2c4e785c,application/pdf,142,0.5,"fuzzy_title_low",documents/f4855cab4398ac32190ede3ca433ec395734111cc60a089c8f5b537c2c4e785c.pdf,0,,AUTO
"C:\Users\CAIHUI\MicroEra-Wiki-MVP-new\backend\data\zaozhi\CN201710079914.5_一种2,5‑呋喃二甲醛的制备方法.pdf","zaozhi/CN201710079914.5_一种2,5‑呋喃二甲醛的制备方法.pdf","CN201710079914.5_一种2,5‑呋喃二甲醛的制备方法.pdf",".pdf",302561,f4855cab4398ac32190ede3ca433ec395734111cc60a089c8f5b537c2c4e785c,application/pdf,178,0.5,"fuzzy_title_low",documents/f4855cab4398ac32190ede3ca433ec395734111cc60a089c8f5b537c2c4e785c.pdf,0,,AUTO
"C:\Users\CAIHUI\MicroEra-Wiki-MVP-new\backend\data\zaozhi\CN201710079914.5_一种2,5‑呋喃二甲醛的制备方法.pdf","zaozhi/CN201710079914.5_一种2,5‑呋喃二甲醛的制备方法.pdf","CN201710079914.5_一种2,5‑呋喃二甲醛的制备方法.pdf",".pdf",302561,f4855cab4398ac32190ede3ca433ec395734111cc60a089c8f5b537c2c4e785c,application/pdf,185,0.5,"fuzzy_title_low",documents/f4855cab4398ac32190ede3ca433ec395734111cc60a089c8f5b537c2c4e785c.pdf,0,,AUTO
"C:\Users\CAIHUI\MicroEra-Wiki-MVP-new\backend\data\zaozhi\CN201710079914.5_一种2,5‑呋喃二甲醛的制备方法.pdf","zaozhi/CN201710079914.5_一种2,5‑呋喃二甲醛的制备方法.pdf","CN201710079914.5_一种2,5‑呋喃二甲醛的制备方法.pdf",".pdf",302561,f4855cab4398ac32190ede3ca433ec395734111cc60a089c8f5b537c2c4e785c,application/pdf,187,0.5,"fuzzy_title_low",documents/f4855cab4398ac32190ede3ca433ec395734111cc60a089c8f5b537c2c4e785c.pdf,0,,AUTO
"C:\Users\CAIHUI\MicroEra-Wiki-MVP-new\backend\data\zaozhi\CN201710079914.5_一种2,5‑呋喃二甲醛的制备方法.pdf","zaozhi/CN201710079914.5_一种2,5‑呋喃二甲醛的制备方法.pdf","CN201710079914.5_一种2,5‑呋喃二甲醛的制备方法.pdf",".pdf",302561,f4855cab4398ac32190ede3ca433ec395734111cc60a089c8f5b537c2c4e785c,application/pdf,191,0.5,"fuzzy_title_low",documents/f4855cab4398ac32190ede3ca433ec395734111cc60a089c8f5b537c2c4e785c.pdf,0,,AUTO
"C:\Users\CAIHUI\MicroEra-Wiki-MVP-new\backend\data\zaozhi\CN201710079914.5_一种2,5‑呋喃二甲醛的制备方法.pdf","zaozhi/CN201710079914.5_一种2,5‑呋喃二甲醛的制备方法.pdf","CN201710079914.5_一种2,5‑呋喃二甲醛的制备方法.pdf",".pdf",302561,f4855cab4398ac32190ede3ca433ec395734111cc60a089c8f5b537c2c4e785c,application/pdf,193,0.5,"fuzzy_title_low",documents/f4855cab4398ac32190ede3ca433ec395734111cc60a089c8f5b537c2c4e785c.pdf,0,,AUTO
"C:\Users\CAIHUI\MicroEra-Wiki-MVP-new\backend\data\zaozhi\CN201710079914.5_一种2,5‑呋喃二甲醛的制备方法.pdf","zaozhi/CN201710079914.5_一种2,5‑呋喃二甲醛的制备方法.pdf","CN201710079914.5_一种2,5‑呋喃二甲醛的制备方法.pdf",".pdf",302561,f4855cab4398ac32190ede3ca433ec395734111cc60a089c8f5b537c2c4e785c,application/pdf,197,0.5,"fuzzy_title_low",documents/f4855cab4398ac32190ede3ca433ec395734111cc60a089c8f5b537c2c4e785c.pdf,0,,AUTO
"C:\Users\CAIHUI\MicroEra-Wiki-MVP-new\backend\data\zaozhi\CN201710079914.5_一种2,5‑呋喃二甲醛的制备方法.pdf","zaozhi/CN201710079914.5_一种2,5‑呋喃二甲醛的制备方法.pdf","CN201710079914.5_一种2,5‑呋喃二甲醛的制备方法.pdf",".pdf",302561,f4855cab4398ac32190ede3ca433ec395734111cc60a089c8f5b537c2c4e785c,application/pdf,206,0.5,"fuzzy_title_low",documents/f4855cab4398ac32190ede3ca433ec395734111cc60a089c8f5b537c2c4e785c.pdf,0,,AUTO
"C:\Users\CAIHUI\MicroEra-Wiki-MVP-new\backend\data\zaozhi\CN201710079914.5_一种2,5‑呋喃二甲醛的制备方法.pdf","zaozhi/CN201710079914.5_一种2,5‑呋喃二甲醛的制备方法.pdf","CN201710079914.5_一种2,5‑呋喃二甲醛的制备方法.pdf",".pdf",302561,f4855cab4398ac32190ede3ca433ec395734111cc60a089c8f5b537c2c4e785c,application/pdf,207,0.5,"fuzzy_title_low",documents/f4855cab4398ac32190ede3ca433ec395734111cc60a089c8f5b537c2c4e785c.pdf,0,,AUTO
"C:\Users\CAIHUI\MicroEra-Wiki-MVP-new\backend\data\zaozhi\CN201710079914.5_一种2,5‑呋喃二甲醛的制备方法.pdf","zaozhi/CN201710079914.5_一种2,5‑呋喃二甲醛的制备方法.pdf","CN201710079914.5_一种2,5‑呋喃二甲醛的制备方法.pdf",".pdf",302561,f4855cab4398ac32190ede3ca433ec395734111cc60a089c8f5b537c2c4e785c,application/pdf,209,0.5,"fuzzy_title_low",documents/f4855cab4398ac32190ede3ca433ec395734111cc60a089c8f5b537c2c4e785c.pdf,0,,AUTO
"C:\Users\CAIHUI\MicroEra-Wiki-MVP-new\backend\data\zaozhi\CN201710079914.5_一种2,5‑呋喃二甲醛的制备方法.pdf","zaozhi/CN201710079914.5_一种2,5‑呋喃二甲醛的制备方法.pdf","CN201710079914.5_一种2,5‑呋喃二甲醛的制备方法.pdf",".pdf",302561,f4855cab4398ac32190ede3ca433ec395734111cc60a089c8f5b537c2c4e785c,application/pdf,210,0.5,"fuzzy_title_low",documents/f4855cab4398ac32190ede3ca433ec395734111cc60a089c8f5b537c2c4e785c.pdf,0,,AUTO
"C:\Users\CAIHUI\MicroEra-Wiki-MVP-new\backend\data\zaozhi\CN201710079914.5_一种2,5‑呋喃二甲醛的制备方法.pdf","zaozhi/CN201710079914.5_一种2,5‑呋喃二甲醛的制备方法.pdf","CN201710079914.5_一种2,5‑呋喃二甲醛的制备方法.pdf",".pdf",302561,f4855cab4398ac32190ede3ca433ec395734111cc60a089c8f5b537c2c4e785c,application/pdf,211,0.5,"fuzzy_title_low",documents/f4855cab4398ac32190ede3ca433ec395734111cc60a089c8f5b537c2c4e785c.pdf,0,,AUTO
"C:\Users\CAIHUI\MicroEra-Wiki-MVP-new\backend\data\zaozhi\CN201710079914.5_一种2,5‑呋喃二甲醛的制备方法.pdf","zaozhi/CN201710079914.5_一种2,5‑呋喃二甲醛的制备方法.pdf","CN201710079914.5_一种2,5‑呋喃二甲醛的制备方法.pdf",".pdf",302561,f4855cab4398ac32190ede3ca433ec395734111cc60a089c8f5b537c2c4e785c,application/pdf,212,0.5,"fuzzy_title_low",documents/f4855cab4398ac32190ede3ca433ec395734111cc60a089c8f5b537c2c4e785c.pdf,0,,AUTO
"C:\Users\CAIHUI\MicroEra-Wiki-MVP-new\backend\data\zaozhi\CN201710079914.5_一种2,5‑呋喃二甲醛的制备方法.pdf","zaozhi/CN201710079914.5_一种2,5‑呋喃二甲醛的制备方法.pdf","CN201710079914.5_一种2,5‑呋喃二甲醛的制备方法.pdf",".pdf",302561,f4855cab4398ac32190ede3ca433ec395734111cc60a089c8f5b537c2c4e785c,application/pdf,213,0.5,"fuzzy_title_low",documents/f4855cab4398ac32190ede3ca433ec395734111cc60a089c8f5b537c2c4e785c.pdf,0,,AUTO
"C:\Users\CAIHUI\MicroEra-Wiki-MVP-new\backend\data\zaozhi\CN201710079914.5_一种2,5‑呋喃二甲醛的制备方法.pdf","zaozhi/CN201710079914.5_一种2,5‑呋喃二甲醛的制备方法.pdf","CN201710079914.5_一种2,5‑呋喃二甲醛的制备方法.pdf",".pdf",302561,f4855cab4398ac32190ede3ca433ec395734111cc60a089c8f5b537c2c4e785c,application/pdf,215,0.5,"fuzzy_title_low",documents/f4855cab4398ac32190ede3ca433ec395734111cc60a089c8f5b537c2c4e785c.pdf,0,,AUTO
"C:\Users\CAIHUI\MicroEra-Wiki-MVP-new\backend\data\zaozhi\CN201710079914.5_一种2,5‑呋喃二甲醛的制备方法.pdf","zaozhi/CN201710079914.5_一种2,5‑呋喃二甲醛的制备方法.pdf","CN201710079914.5_一种2,5‑呋喃二甲醛的制备方法.pdf",".pdf",302561,f4855cab4398ac32190ede3ca433ec395734111cc60a089c8f5b537c2c4e785c,application/pdf,216,0.5,"fuzzy_title_low",documents/f4855cab4398ac32190ede3ca433ec395734111cc60a089c8f5b537c2c4e785c.pdf,0,,AUTO
"C:\Users\CAIHUI\MicroEra-Wiki-MVP-new\backend\data\zaozhi\CN201710079914.5_一种2,5‑呋喃二甲醛的制备方法.pdf","zaozhi/CN201710079914.5_一种2,5‑呋喃二甲醛的制备方法.pdf","CN201710079914.5_一种2,5‑呋喃二甲醛的制备方法.pdf",".pdf",302561,f4855cab4398ac32190ede3ca433ec395734111cc60a089c8f5b537c2c4e785c,application/pdf,351,0.5,"fuzzy_title_low",documents/f4855cab4398ac32190ede3ca433ec395734111cc60a089c8f5b537c2c4e785c.pdf,0,,AUTO
"C:\Users\CAIHUI\MicroEra-Wiki-MVP-new\backend\data\zaozhi\CN201710079914.5_一种2,5‑呋喃二甲醛的制备方法.pdf","zaozhi/CN201710079914.5_一种2,5‑呋喃二甲醛的制备方法.pdf","CN201710079914.5_一种2,5‑呋喃二甲醛的制备方法.pdf",".pdf",302561,f4855cab4398ac32190ede3ca433ec395734111cc60a089c8f5b537c2c4e785c,application/pdf,353,0.5,"fuzzy_title_low",documents/f4855cab4398ac32190ede3ca433ec395734111cc60a089c8f5b537c2c4e785c.pdf,0,,AUTO
"C:\Users\CAIHUI\MicroEra-Wiki-MVP-new\backend\data\zaozhi\CN201710079914.5_一种2,5‑呋喃二甲醛的制备方法.pdf","zaozhi/CN201710079914.5_一种2,5‑呋喃二甲醛的制备方法.pdf","CN201710079914.5_一种2,5‑呋喃二甲醛的制备方法.pdf",".pdf",302561,f4855cab4398ac32190ede3ca433ec395734111cc60a089c8f5b537c2c4e785c,application/pdf,354,0.5,"fuzzy_title_low",documents/f4855cab4398ac32190ede3ca433ec395734111cc60a089c8f5b537c2c4e785c.pdf,0,,AUTO
"C:\Users\CAIHUI\MicroEra-Wiki-MVP-new\backend\data\zaozhi\CN201710079914.5_一种2,5‑呋喃二甲醛的制备方法.pdf","zaozhi/CN201710079914.5_一种2,5‑呋喃二甲醛的制备方法.pdf","CN201710079914.5_一种2,5‑呋喃二甲醛的制备方法.pdf",".pdf",302561,f4855cab4398ac32190ede3ca433ec395734111cc60a089c8f5b537c2c4e785c,application/pdf,355,0.5,"fuzzy_title_low",documents/f4855cab4398ac32190ede3ca433ec395734111cc60a089c8f5b537c2c4e785c.pdf,0,,AUTO
"C:\Users\CAIHUI\MicroEra-Wiki-MVP-new\backend\data\zaozhi\CN201710389333.1_一种噻唑‑4‑甲酸的制备方法.pdf","zaozhi/CN201710389333.1_一种噻唑‑4‑甲酸的制备方法.pdf","CN201710389333.1_一种噻唑‑4‑甲酸的制备方法.pdf",".pdf",220130,bcb02c13d109234ae0ed211e0ba5ecddc89d82b39a1343a0b2738d2203f900a6,application/pdf,191,0.98,"exact_title",documents/bcb02c13d109234ae0ed211e0ba5ecddc89d82b39a1343a0b2738d2203f900a6.pdf,0,,AUTO
"C:\Users\CAIHUI\MicroEra-Wiki-MVP-new\backend\data\zaozhi\CN201710389333.1_一种噻唑‑4‑甲酸的制备方法.pdf","zaozhi/CN201710389333.1_一种噻唑‑4‑甲酸的制备方法.pdf","CN201710389333.1_一种噻唑‑4‑甲酸的制备方法.pdf",".pdf",220130,bcb02c13d109234ae0ed211e0ba5ecddc89d82b39a1343a0b2738d2203f900a6,application/pdf,134,0.5,"fuzzy_title_low",documents/bcb02c13d109234ae0ed211e0ba5ecddc89d82b39a1343a0b2738d2203f900a6.pdf,0,,AUTO
"C:\Users\CAIHUI\MicroEra-Wiki-MVP-new\backend\data\zaozhi\CN201710389333.1_一种噻唑‑4‑甲酸的制备方法.pdf","zaozhi/CN201710389333.1_一种噻唑‑4‑甲酸的制备方法.pdf","CN201710389333.1_一种噻唑‑4‑甲酸的制备方法.pdf",".pdf",220130,bcb02c13d109234ae0ed211e0ba5ecddc89d82b39a1343a0b2738d2203f900a6,application/pdf,136,0.5,"fuzzy_title_low",documents/bcb02c13d109234ae0ed211e0ba5ecddc89d82b39a1343a0b2738d2203f900a6.pdf,0,,AUTO
"C:\Users\CAIHUI\MicroEra-Wiki-MVP-new\backend\data\zaozhi\CN201710389333.1_一种噻唑‑4‑甲酸的制备方法.pdf","zaozhi/CN201710389333.1_一种噻唑‑4‑甲酸的制备方法.pdf","CN201710389333.1_一种噻唑‑4‑甲酸的制备方法.pdf",".pdf",220130,bcb02c13d109234ae0ed211e0ba5ecddc89d82b39a1343a0b2738d2203f900a6,application/pdf,177,0.5,"fuzzy_title_low",documents/bcb02c13d109234ae0ed211e0ba5ecddc89d82b39a1343a0b2738d2203f900a6.pdf,0,,AUTO
"C:\Users\CAIHUI\MicroEra-Wiki-MVP-new\backend\data\zaozhi\CN201710389333.1_一种噻唑‑4‑甲酸的制备方法.pdf","zaozhi/CN201710389333.1_一种噻唑‑4‑甲酸的制备方法.pdf","CN201710389333.1_一种噻唑‑4‑甲酸的制备方法.pdf",".pdf",220130,bcb02c13d109234ae0ed211e0ba5ecddc89d82b39a1343a0b2738d2203f900a6,application/pdf,179,0.5,"fuzzy_title_low",documents/bcb02c13d109234ae0ed211e0ba5ecddc89d82b39a1343a0b2738d2203f900a6.pdf,0,,AUTO
"C:\Users\CAIHUI\MicroEra-Wiki-MVP-new\backend\data\zaozhi\CN201710389333.1_一种噻唑‑4‑甲酸的制备方法.pdf","zaozhi/CN201710389333.1_一种噻唑‑4‑甲酸的制备方法.pdf","CN201710389333.1_一种噻唑‑4‑甲酸的制备方法.pdf",".pdf",220130,bcb02c13d109234ae0ed211e0ba5ecddc89d82b39a1343a0b2738d2203f900a6,application/pdf,187,0.5,"fuzzy_title_low",documents/bcb02c13d109234ae0ed211e0ba5ecddc89d82b39a1343a0b2738d2203f900a6.pdf,0,,AUTO
"C:\Users\CAIHUI\MicroEra-Wiki-MVP-new\backend\data\zaozhi\CN201710389333.1_一种噻唑‑4‑甲酸的制备方法.pdf","zaozhi/CN201710389333.1_一种噻唑‑4‑甲酸的制备方法.pdf","CN201710389333.1_一种噻唑‑4‑甲酸的制备方法.pdf",".pdf",220130,bcb02c13d109234ae0ed211e0ba5ecddc89d82b39a1343a0b2738d2203f900a6,application/pdf,188,0.5,"fuzzy_title_low",documents/bcb02c13d109234ae0ed211e0ba5ecddc89d82b39a1343a0b2738d2203f900a6.pdf,0,,AUTO
"C:\Users\CAIHUI\MicroEra-Wiki-MVP-new\backend\data\zaozhi\CN201710389333.1_一种噻唑‑4‑甲酸的制备方法.pdf","zaozhi/CN201710389333.1_一种噻唑‑4‑甲酸的制备方法.pdf","CN201710389333.1_一种噻唑‑4‑甲酸的制备方法.pdf",".pdf",220130,bcb02c13d109234ae0ed211e0ba5ecddc89d82b39a1343a0b2738d2203f900a6,application/pdf,190,0.5,"fuzzy_title_low",documents/bcb02c13d109234ae0ed211e0ba5ecddc89d82b39a1343a0b2738d2203f900a6.pdf,0,,AUTO
"C:\Users\CAIHUI\MicroEra-Wiki-MVP-new\backend\data\zaozhi\CN201710389333.1_一种噻唑‑4‑甲酸的制备方法.pdf","zaozhi/CN201710389333.1_一种噻唑‑4‑甲酸的制备方法.pdf","CN201710389333.1_一种噻唑‑4‑甲酸的制备方法.pdf",".pdf",220130,bcb02c13d109234ae0ed211e0ba5ecddc89d82b39a1343a0b2738d2203f900a6,application/pdf,193,0.5,"fuzzy_title_low",documents/bcb02c13d109234ae0ed211e0ba5ecddc89d82b39a1343a0b2738d2203f900a6.pdf,0,,AUTO
"C:\Users\CAIHUI\MicroEra-Wiki-MVP-new\backend\data\zaozhi\CN201710389333.1_一种噻唑‑4‑甲酸的制备方法.pdf","zaozhi/CN201710389333.1_一种噻唑‑4‑甲酸的制备方法.pdf","CN201710389333.1_一种噻唑‑4‑甲酸的制备方法.pdf",".pdf",220130,bcb02c13d109234ae0ed211e0ba5ecddc89d82b39a1343a0b2738d2203f900a6,application/pdf,209,0.5,"fuzzy_title_low",documents/bcb02c13d109234ae0ed211e0ba5ecddc89d82b39a1343a0b2738d2203f900a6.pdf,0,,AUTO
"C:\Users\CAIHUI\MicroEra-Wiki-MVP-new\backend\data\zaozhi\CN201710389333.1_一种噻唑‑4‑甲酸的制备方法.pdf","zaozhi/CN201710389333.1_一种噻唑‑4‑甲酸的制备方法.pdf","CN201710389333.1_一种噻唑‑4‑甲酸的制备方法.pdf",".pdf",220130,bcb02c13d109234ae0ed211e0ba5ecddc89d82b39a1343a0b2738d2203f900a6,application/pdf,210,0.5,"fuzzy_title_low",documents/bcb02c13d109234ae0ed211e0ba5ecddc89d82b39a1343a0b2738d2203f900a6.pdf,0,,AUTO
"C:\Users\CAIHUI\MicroEra-Wiki-MVP-new\backend\data\zaozhi\CN201710389333.1_一种噻唑‑4‑甲酸的制备方法.pdf","zaozhi/CN201710389333.1_一种噻唑‑4‑甲酸的制备方法.pdf","CN201710389333.1_一种噻唑‑4‑甲酸的制备方法.pdf",".pdf",220130,bcb02c13d109234ae0ed211e0ba5ecddc89d82b39a1343a0b2738d2203f900a6,application/pdf,353,0.5,"fuzzy_title_low",documents/bcb02c13d109234ae0ed211e0ba5ecddc89d82b39a1343a0b2738d2203f900a6.pdf,0,,AUTO
"C:\Users\CAIHUI\MicroEra-Wiki-MVP-new\backend\data\zaozhi\CN201710389333.1_一种噻唑‑4‑甲酸的制备方法.pdf","zaozhi/CN201710389333.1_一种噻唑‑4‑甲酸的制备方法.pdf","CN201710389333.1_一种噻唑‑4‑甲酸的制备方法.pdf",".pdf",220130,bcb02c13d109234ae0ed211e0ba5ecddc89d82b39a1343a0b2738d2203f900a6,application/pdf,355,0.5,"fuzzy_title_low",documents/bcb02c13d109234ae0ed211e0ba5ecddc89d82b39a1343a0b2738d2203f900a6.pdf,0,,AUTO
"C:\Users\CAIHUI\MicroEra-Wiki-MVP-new\backend\data\zaozhi\CN201710396195.X_一种美罗培南侧链中间体硫醇内酯的制备方法.pdf","zaozhi/CN201710396195.X_一种美罗培南侧链中间体硫醇内酯的制备方法.pdf","CN201710396195.X_一种美罗培南侧链中间体硫醇内酯的制备方法.pdf",".pdf",405013,51f0e87e3cf2c91423bcb0a48f941e4f095c7d2442e12935be0fcd6bdfa87fa4,application/pdf,192,0.98,"exact_title",documents/51f0e87e3cf2c91423bcb0a48f941e4f095c7d2442e12935be0fcd6bdfa87fa4.pdf,0,,AUTO
"C:\Users\CAIHUI\MicroEra-Wiki-MVP-new\backend\data\zaozhi\CN201710396195.X_一种美罗培南侧链中间体硫醇内酯的制备方法.pdf","zaozhi/CN201710396195.X_一种美罗培南侧链中间体硫醇内酯的制备方法.pdf","CN201710396195.X_一种美罗培南侧链中间体硫醇内酯的制备方法.pdf",".pdf",405013,51f0e87e3cf2c91423bcb0a48f941e4f095c7d2442e12935be0fcd6bdfa87fa4,application/pdf,187,0.5,"fuzzy_title_low",documents/51f0e87e3cf2c91423bcb0a48f941e4f095c7d2442e12935be0fcd6bdfa87fa4.pdf,0,,AUTO
"C:\Users\CAIHUI\MicroEra-Wiki-MVP-new\backend\data\zaozhi\CN201710451177.7_一种间羟基苯乙酮的制备方法.pdf","zaozhi/CN201710451177.7_一种间羟基苯乙酮的制备方法.pdf","CN201710451177.7_一种间羟基苯乙酮的制备方法.pdf",".pdf",163840,8283f07ee8eaab917a59dcebb3d02ac45c2cf607e4b192476b57ae866cb79e6f,application/pdf,367,0.98,"exact_title",documents/8283f07ee8eaab917a59dcebb3d02ac45c2cf607e4b192476b57ae866cb79e6f.pdf,0,"zaozhi/甘蔗渣/利夫生物/专利/第三部分/CN201710451177.7_一种间羟基苯乙酮的制备方法.pdf",AUTO
"C:\Users\CAIHUI\MicroEra-Wiki-MVP-new\backend\data\zaozhi\CN201710451177.7_一种间羟基苯乙酮的制备方法.pdf","zaozhi/CN201710451177.7_一种间羟基苯乙酮的制备方法.pdf","CN201710451177.7_一种间羟基苯乙酮的制备方法.pdf",".pdf",163840,8283f07ee8eaab917a59dcebb3d02ac45c2cf607e4b192476b57ae866cb79e6f,application/pdf,142,0.5,"fuzzy_title_low",documents/8283f07ee8eaab917a59dcebb3d02ac45c2cf607e4b192476b57ae866cb79e6f.pdf,0,"zaozhi/甘蔗渣/利夫生物/专利/第三部分/CN201710451177.7_一种间羟基苯乙酮的制备方法.pdf",AUTO
"C:\Users\CAIHUI\MicroEra-Wiki-MVP-new\backend\data\zaozhi\CN201710451177.7_一种间羟基苯乙酮的制备方法.pdf","zaozhi/CN201710451177.7_一种间羟基苯乙酮的制备方法.pdf","CN201710451177.7_一种间羟基苯乙酮的制备方法.pdf",".pdf",163840,8283f07ee8eaab917a59dcebb3d02ac45c2cf607e4b192476b57ae866cb79e6f,application/pdf,143,0.5,"fuzzy_title_low",documents/8283f07ee8eaab917a59dcebb3d02ac45c2cf607e4b192476b57ae866cb79e6f.pdf,0,"zaozhi/甘蔗渣/利夫生物/专利/第三部分/CN201710451177.7_一种间羟基苯乙酮的制备方法.pdf",AUTO
"C:\Users\CAIHUI\MicroEra-Wiki-MVP-new\backend\data\zaozhi\CN201710451177.7_一种间羟基苯乙酮的制备方法.pdf","zaozhi/CN201710451177.7_一种间羟基苯乙酮的制备方法.pdf","CN201710451177.7_一种间羟基苯乙酮的制备方法.pdf",".pdf",163840,8283f07ee8eaab917a59dcebb3d02ac45c2cf607e4b192476b57ae866cb79e6f,application/pdf,185,0.5,"fuzzy_title_low",documents/8283f07ee8eaab917a59dcebb3d02ac45c2cf607e4b192476b57ae866cb79e6f.pdf,0,"zaozhi/甘蔗渣/利夫生物/专利/第三部分/CN201710451177.7_一种间羟基苯乙酮的制备方法.pdf",AUTO
"C:\Users\CAIHUI\MicroEra-Wiki-MVP-new\backend\data\zaozhi\CN201710451177.7_一种间羟基苯乙酮的制备方法.pdf","zaozhi/CN201710451177.7_一种间羟基苯乙酮的制备方法.pdf","CN201710451177.7_一种间羟基苯乙酮的制备方法.pdf",".pdf",163840,8283f07ee8eaab917a59dcebb3d02ac45c2cf607e4b192476b57ae866cb79e6f,application/pdf,186,0.5,"fuzzy_title_low",documents/8283f07ee8eaab917a59dcebb3d02ac45c2cf607e4b192476b57ae866cb79e6f.pdf,0,"zaozhi/甘蔗渣/利夫生物/专利/第三部分/CN201710451177.7_一种间羟基苯乙酮的制备方法.pdf",AUTO
"C:\Users\CAIHUI\MicroEra-Wiki-MVP-new\backend\data\zaozhi\CN201710451177.7_一种间羟基苯乙酮的制备方法.pdf","zaozhi/CN201710451177.7_一种间羟基苯乙酮的制备方法.pdf","CN201710451177.7_一种间羟基苯乙酮的制备方法.pdf",".pdf",163840,8283f07ee8eaab917a59dcebb3d02ac45c2cf607e4b192476b57ae866cb79e6f,application/pdf,187,0.5,"fuzzy_title_low",documents/8283f07ee8eaab917a59dcebb3d02ac45c2cf607e4b192476b57ae866cb79e6f.pdf,0,"zaozhi/甘蔗渣/利夫生物/专利/第三部分/CN201710451177.7_一种间羟基苯乙酮的制备方法.pdf",AUTO
"C:\Users\CAIHUI\MicroEra-Wiki-MVP-new\backend\data\zaozhi\CN201710451177.7_一种间羟基苯乙酮的制备方法.pdf","zaozhi/CN201710451177.7_一种间羟基苯乙酮的制备方法.pdf","CN201710451177.7_一种间羟基苯乙酮的制备方法.pdf",".pdf",163840,8283f07ee8eaab917a59dcebb3d02ac45c2cf607e4b192476b57ae866cb79e6f,application/pdf,193,0.5,"fuzzy_title_low",documents/8283f07ee8eaab917a59dcebb3d02ac45c2cf607e4b192476b57ae866cb79e6f.pdf,0,"zaozhi/甘蔗渣/利夫生物/专利/第三部分/CN201710451177.7_一种间羟基苯乙酮的制备方法.pdf",AUTO
"C:\Users\CAIHUI\MicroEra-Wiki-MVP-new\backend\data\zaozhi\CN201710451177.7_一种间羟基苯乙酮的制备方法.pdf","zaozhi/CN201710451177.7_一种间羟基苯乙酮的制备方法.pdf","CN201710451177.7_一种间羟基苯乙酮的制备方法.pdf",".pdf",163840,8283f07ee8eaab917a59dcebb3d02ac45c2cf607e4b192476b57ae866cb79e6f,application/pdf,197,0.5,"fuzzy_title_low",documents/8283f07ee8eaab917a59dcebb3d02ac45c2cf607e4b192476b57ae866cb79e6f.pdf,0,"zaozhi/甘蔗渣/利夫生物/专利/第三部分/CN201710451177.7_一种间羟基苯乙酮的制备方法.pdf",AUTO
"C:\Users\CAIHUI\MicroEra-Wiki-MVP-new\backend\data\zaozhi\CN201710451177.7_一种间羟基苯乙酮的制备方法.pdf","zaozhi/CN201710451177.7_一种间羟基苯乙酮的制备方法.pdf","CN201710451177.7_一种间羟基苯乙酮的制备方法.pdf",".pdf",163840,8283f07ee8eaab917a59dcebb3d02ac45c2cf607e4b192476b57ae866cb79e6f,application/pdf,206,0.5,"fuzzy_title_low",documents/8283f07ee8eaab917a59dcebb3d02ac45c2cf607e4b192476b57ae866cb79e6f.pdf,0,"zaozhi/甘蔗渣/利夫生物/专利/第三部分/CN201710451177.7_一种间羟基苯乙酮的制备方法.pdf",AUTO
"C:\Users\CAIHUI\MicroEra-Wiki-MVP-new\backend\data\zaozhi\CN201710451177.7_一种间羟基苯乙酮的制备方法.pdf","zaozhi/CN201710451177.7_一种间羟基苯乙酮的制备方法.pdf","CN201710451177.7_一种间羟基苯乙酮的制备方法.pdf",".pdf",163840,8283f07ee8eaab917a59dcebb3d02ac45c2cf607e4b192476b57ae866cb79e6f,application/pdf,209,0.5,"fuzzy_title_low",documents/8283f07ee8eaab917a59dcebb3d02ac45c2cf607e4b192476b57ae866cb79e6f.pdf,0,"zaozhi/甘蔗渣/利夫生物/专利/第三部分/CN201710451177.7_一种间羟基苯乙酮的制备方法.pdf",AUTO
"C:\Users\CAIHUI\MicroEra-Wiki-MVP-new\backend\data\zaozhi\CN201710451177.7_一种间羟基苯乙酮的制备方法.pdf","zaozhi/CN201710451177.7_一种间羟基苯乙酮的制备方法.pdf","CN201710451177.7_一种间羟基苯乙酮的制备方法.pdf",".pdf",163840,8283f07ee8eaab917a59dcebb3d02ac45c2cf607e4b192476b57ae866cb79e6f,application/pdf,210,0.5,"fuzzy_title_low",documents/8283f07ee8eaab917a59dcebb3d02ac45c2cf607e4b192476b57ae866cb79e6f.pdf,0,"zaozhi/甘蔗渣/利夫生物/专利/第三部分/CN201710451177.7_一种间羟基苯乙酮的制备方法.pdf",AUTO
"C:\Users\CAIHUI\MicroEra-Wiki-MVP-new\backend\data\zaozhi\CN201710768965.9_一种正癸酸的制备方法.pdf","zaozhi/CN201710768965.9_一种正癸酸的制备方法.pdf","CN201710768965.9_一种正癸酸的制备方法.pdf",".pdf",674278,06f88640713a559f14e8ac572f02e41637f2f750441e3822ed88808a4835cf13,application/pdf,193,0.98,"exact_title",documents/06f88640713a559f14e8ac572f02e41637f2f750441e3822ed88808a4835cf13.pdf,0,,AUTO
"C:\Users\CAIHUI\MicroEra-Wiki-MVP-new\backend\data\zaozhi\CN201710768965.9_一种正癸酸的制备方法.pdf","zaozhi/CN201710768965.9_一种正癸酸的制备方法.pdf","CN201710768965.9_一种正癸酸的制备方法.pdf",".pdf",674278,06f88640713a559f14e8ac572f02e41637f2f750441e3822ed88808a4835cf13,application/pdf,134,0.5,"fuzzy_title_low",documents/06f88640713a559f14e8ac572f02e41637f2f750441e3822ed88808a4835cf13.pdf,0,,AUTO
"C:\Users\CAIHUI\MicroEra-Wiki-MVP-new\backend\data\zaozhi\CN201710768965.9_一种正癸酸的制备方法.pdf","zaozhi/CN201710768965.9_一种正癸酸的制备方法.pdf","CN201710768965.9_一种正癸酸的制备方法.pdf",".pdf",674278,06f88640713a559f14e8ac572f02e41637f2f750441e3822ed88808a4835cf13,application/pdf,177,0.5,"fuzzy_title_low",documents/06f88640713a559f14e8ac572f02e41637f2f750441e3822ed88808a4835cf13.pdf,0,,AUTO
"C:\Users\CAIHUI\MicroEra-Wiki-MVP-new\backend\data\zaozhi\CN201710768965.9_一种正癸酸的制备方法.pdf","zaozhi/CN201710768965.9_一种正癸酸的制备方法.pdf","CN201710768965.9_一种正癸酸的制备方法.pdf",".pdf",674278,06f88640713a559f14e8ac572f02e41637f2f750441e3822ed88808a4835cf13,application/pdf,187,0.5,"fuzzy_title_low",documents/06f88640713a559f14e8ac572f02e41637f2f750441e3822ed88808a4835cf13.pdf,0,,AUTO
"C:\Users\CAIHUI\MicroEra-Wiki-MVP-new\backend\data\zaozhi\CN201710768965.9_一种正癸酸的制备方法.pdf","zaozhi/CN201710768965.9_一种正癸酸的制备方法.pdf","CN201710768965.9_一种正癸酸的制备方法.pdf",".pdf",674278,06f88640713a559f14e8ac572f02e41637f2f750441e3822ed88808a4835cf13,application/pdf,188,0.5,"fuzzy_title_low",documents/06f88640713a559f14e8ac572f02e41637f2f750441e3822ed88808a4835cf13.pdf,0,,AUTO
"C:\Users\CAIHUI\MicroEra-Wiki-MVP-new\backend\data\zaozhi\CN201710768965.9_一种正癸酸的制备方法.pdf","zaozhi/CN201710768965.9_一种正癸酸的制备方法.pdf","CN201710768965.9_一种正癸酸的制备方法.pdf",".pdf",674278,06f88640713a559f14e8ac572f02e41637f2f750441e3822ed88808a4835cf13,application/pdf,189,0.5,"fuzzy_title_low",documents/06f88640713a559f14e8ac572f02e41637f2f750441e3822ed88808a4835cf13.pdf,0,,AUTO
"C:\Users\CAIHUI\MicroEra-Wiki-MVP-new\backend\data\zaozhi\CN201710768965.9_一种正癸酸的制备方法.pdf","zaozhi/CN201710768965.9_一种正癸酸的制备方法.pdf","CN201710768965.9_一种正癸酸的制备方法.pdf",".pdf",674278,06f88640713a559f14e8ac572f02e41637f2f750441e3822ed88808a4835cf13,application/pdf,190,0.5,"fuzzy_title_low",documents/06f88640713a559f14e8ac572f02e41637f2f750441e3822ed88808a4835cf13.pdf,0,,AUTO
"C:\Users\CAIHUI\MicroEra-Wiki-MVP-new\backend\data\zaozhi\CN201710768965.9_一种正癸酸的制备方法.pdf","zaozhi/CN201710768965.9_一种正癸酸的制备方法.pdf","CN201710768965.9_一种正癸酸的制备方法.pdf",".pdf",674278,06f88640713a559f14e8ac572f02e41637f2f750441e3822ed88808a4835cf13,application/pdf,191,0.5,"fuzzy_title_low",documents/06f88640713a559f14e8ac572f02e41637f2f750441e3822ed88808a4835cf13.pdf,0,,AUTO
"C:\Users\CAIHUI\MicroEra-Wiki-MVP-new\backend\data\zaozhi\CN201710768965.9_一种正癸酸的制备方法.pdf","zaozhi/CN201710768965.9_一种正癸酸的制备方法.pdf","CN201710768965.9_一种正癸酸的制备方法.pdf",".pdf",674278,06f88640713a559f14e8ac572f02e41637f2f750441e3822ed88808a4835cf13,application/pdf,197,0.5,"fuzzy_title_low",documents/06f88640713a559f14e8ac572f02e41637f2f750441e3822ed88808a4835cf13.pdf,0,,AUTO
"C:\Users\CAIHUI\MicroEra-Wiki-MVP-new\backend\data\zaozhi\CN201710768965.9_一种正癸酸的制备方法.pdf","zaozhi/CN201710768965.9_一种正癸酸的制备方法.pdf","CN201710768965.9_一种正癸酸的制备方法.pdf",".pdf",674278,06f88640713a559f14e8ac572f02e41637f2f750441e3822ed88808a4835cf13,application/pdf,209,0.5,"fuzzy_title_low",documents/06f88640713a559f14e8ac572f02e41637f2f750441e3822ed88808a4835cf13.pdf,0,,AUTO
"C:\Users\CAIHUI\MicroEra-Wiki-MVP-new\backend\data\zaozhi\CN201710768965.9_一种正癸酸的制备方法.pdf","zaozhi/CN201710768965.9_一种正癸酸的制备方法.pdf","CN201710768965.9_一种正癸酸的制备方法.pdf",".pdf",674278,06f88640713a559f14e8ac572f02e41637f2f750441e3822ed88808a4835cf13,application/pdf,210,0.5,"fuzzy_title_low",documents/06f88640713a559f14e8ac572f02e41637f2f750441e3822ed88808a4835cf13.pdf,0,,AUTO
"C:\Users\CAIHUI\MicroEra-Wiki-MVP-new\backend\data\zaozhi\CN201710768965.9_一种正癸酸的制备方法.pdf","zaozhi/CN201710768965.9_一种正癸酸的制备方法.pdf","CN201710768965.9_一种正癸酸的制备方法.pdf",".pdf",674278,06f88640713a559f14e8ac572f02e41637f2f750441e3822ed88808a4835cf13,application/pdf,353,0.5,"fuzzy_title_low",documents/06f88640713a559f14e8ac572f02e41637f2f750441e3822ed88808a4835cf13.pdf,0,,AUTO
"C:\Users\CAIHUI\MicroEra-Wiki-MVP-new\backend\data\zaozhi\CN201710768965.9_一种正癸酸的制备方法.pdf","zaozhi/CN201710768965.9_一种正癸酸的制备方法.pdf","CN201710768965.9_一种正癸酸的制备方法.pdf",".pdf",674278,06f88640713a559f14e8ac572f02e41637f2f750441e3822ed88808a4835cf13,application/pdf,354,0.5,"fuzzy_title_low",documents/06f88640713a559f14e8ac572f02e41637f2f750441e3822ed88808a4835cf13.pdf,0,,AUTO
"C:\Users\CAIHUI\MicroEra-Wiki-MVP-new\backend\data\zaozhi\CN201710768965.9_一种正癸酸的制备方法.pdf","zaozhi/CN201710768965.9_一种正癸酸的制备方法.pdf","CN201710768965.9_一种正癸酸的制备方法.pdf",".pdf",674278,06f88640713a559f14e8ac572f02e41637f2f750441e3822ed88808a4835cf13,application/pdf,355,0.5,"fuzzy_title_low",documents/06f88640713a559f14e8ac572f02e41637f2f750441e3822ed88808a4835cf13.pdf,0,,AUTO
"C:\Users\CAIHUI\MicroEra-Wiki-MVP-new\backend\data\zaozhi\CN201710768965.9_一种正癸酸的制备方法.pdf","zaozhi/CN201710768965.9_一种正癸酸的制备方法.pdf","CN201710768965.9_一种正癸酸的制备方法.pdf",".pdf",674278,06f88640713a559f14e8ac572f02e41637f2f750441e3822ed88808a4835cf13,application/pdf,367,0.5,"fuzzy_title_low",documents/06f88640713a559f14e8ac572f02e41637f2f750441e3822ed88808a4835cf13.pdf,0,,AUTO
"C:\Users\CAIHUI\MicroEra-Wiki-MVP-new\backend\data\zaozhi\CN201710768995.X_一种1,10‑癸二酸的制备方法.pdf","zaozhi/CN201710768995.X_一种1,10‑癸二酸的制备方法.pdf","CN201710768995.X_一种1,10‑癸二酸的制备方法.pdf",".pdf",725474,5e3a1d10f15e80dd7d577e3020345fd74359b8e96548118292396db2df1f4c8a,application/pdf,353,0.95,"normalized_title",documents/5e3a1d10f15e80dd7d577e3020345fd74359b8e96548118292396db2df1f4c8a.pdf,0,"zaozhi/甘蔗渣/利夫生物/专利/第一部分/CN201710768995.X_一种1,10‑癸二酸的制备方法.pdf",AUTO
"C:\Users\CAIHUI\MicroEra-Wiki-MVP-new\backend\data\zaozhi\CN201710768995.X_一种1,10‑癸二酸的制备方法.pdf","zaozhi/CN201710768995.X_一种1,10‑癸二酸的制备方法.pdf","CN201710768995.X_一种1,10‑癸二酸的制备方法.pdf",".pdf",725474,5e3a1d10f15e80dd7d577e3020345fd74359b8e96548118292396db2df1f4c8a,application/pdf,134,0.5,"fuzzy_title_low",documents/5e3a1d10f15e80dd7d577e3020345fd74359b8e96548118292396db2df1f4c8a.pdf,0,"zaozhi/甘蔗渣/利夫生物/专利/第一部分/CN201710768995.X_一种1,10‑癸二酸的制备方法.pdf",AUTO
"C:\Users\CAIHUI\MicroEra-Wiki-MVP-new\backend\data\zaozhi\CN201710768995.X_一种1,10‑癸二酸的制备方法.pdf","zaozhi/CN201710768995.X_一种1,10‑癸二酸的制备方法.pdf","CN201710768995.X_一种1,10‑癸二酸的制备方法.pdf",".pdf",725474,5e3a1d10f15e80dd7d577e3020345fd74359b8e96548118292396db2df1f4c8a,application/pdf,136,0.5,"fuzzy_title_low",documents/5e3a1d10f15e80dd7d577e3020345fd74359b8e96548118292396db2df1f4c8a.pdf,0,"zaozhi/甘蔗渣/利夫生物/专利/第一部分/CN201710768995.X_一种1,10‑癸二酸的制备方法.pdf",AUTO
"C:\Users\CAIHUI\MicroEra-Wiki-MVP-new\backend\data\zaozhi\CN201710768995.X_一种1,10‑癸二酸的制备方法.pdf","zaozhi/CN201710768995.X_一种1,10‑癸二酸的制备方法.pdf","CN201710768995.X_一种1,10‑癸二酸的制备方法.pdf",".pdf",725474,5e3a1d10f15e80dd7d577e3020345fd74359b8e96548118292396db2df1f4c8a,application/pdf,143,0.5,"fuzzy_title_low",documents/5e3a1d10f15e80dd7d577e3020345fd74359b8e96548118292396db2df1f4c8a.pdf,0,"zaozhi/甘蔗渣/利夫生物/专利/第一部分/CN201710768995.X_一种1,10‑癸二酸的制备方法.pdf",AUTO
"C:\Users\CAIHUI\MicroEra-Wiki-MVP-new\backend\data\zaozhi\CN201710768995.X_一种1,10‑癸二酸的制备方法.pdf","zaozhi/CN201710768995.X_一种1,10‑癸二酸的制备方法.pdf","CN201710768995.X_一种1,10‑癸二酸的制备方法.pdf",".pdf",725474,5e3a1d10f15e80dd7d577e3020345fd74359b8e96548118292396db2df1f4c8a,application/pdf,177,0.5,"fuzzy_title_low",documents/5e3a1d10f15e80dd7d577e3020345fd74359b8e96548118292396db2df1f4c8a.pdf,0,"zaozhi/甘蔗渣/利夫生物/专利/第一部分/CN201710768995.X_一种1,10‑癸二酸的制备方法.pdf",AUTO
"C:\Users\CAIHUI\MicroEra-Wiki-MVP-new\backend\data\zaozhi\CN201710768995.X_一种1,10‑癸二酸的制备方法.pdf","zaozhi/CN201710768995.X_一种1,10‑癸二酸的制备方法.pdf","CN201710768995.X_一种1,10‑癸二酸的制备方法.pdf",".pdf",725474,5e3a1d10f15e80dd7d577e3020345fd74359b8e96548118292396db2df1f4c8a,application/pdf,179,0.5,"fuzzy_title_low",documents/5e3a1d10f15e80dd7d577e3020345fd74359b8e96548118292396db2df1f4c8a.pdf,0,"zaozhi/甘蔗渣/利夫生物/专利/第一部分/CN201710768995.X_一种1,10‑癸二酸的制备方法.pdf",AUTO
"C:\Users\CAIHUI\MicroEra-Wiki-MVP-new\backend\data\zaozhi\CN201710768995.X_一种1,10‑癸二酸的制备方法.pdf","zaozhi/CN201710768995.X_一种1,10‑癸二酸的制备方法.pdf","CN201710768995.X_一种1,10‑癸二酸的制备方法.pdf",".pdf",725474,5e3a1d10f15e80dd7d577e3020345fd74359b8e96548118292396db2df1f4c8a,application/pdf,186,0.5,"fuzzy_title_low",documents/5e3a1d10f15e80dd7d577e3020345fd74359b8e96548118292396db2df1f4c8a.pdf,0,"zaozhi/甘蔗渣/利夫生物/专利/第一部分/CN201710768995.X_一种1,10‑癸二酸的制备方法.pdf",AUTO
"C:\Users\CAIHUI\MicroEra-Wiki-MVP-new\backend\data\zaozhi\CN201710768995.X_一种1,10‑癸二酸的制备方法.pdf","zaozhi/CN201710768995.X_一种1,10‑癸二酸的制备方法.pdf","CN201710768995.X_一种1,10‑癸二酸的制备方法.pdf",".pdf",725474,5e3a1d10f15e80dd7d577e3020345fd74359b8e96548118292396db2df1f4c8a,application/pdf,187,0.5,"fuzzy_title_low",documents/5e3a1d10f15e80dd7d577e3020345fd74359b8e96548118292396db2df1f4c8a.pdf,0,"zaozhi/甘蔗渣/利夫生物/专利/第一部分/CN201710768995.X_一种1,10‑癸二酸的制备方法.pdf",AUTO
"C:\Users\CAIHUI\MicroEra-Wiki-MVP-new\backend\data\zaozhi\CN201710768995.X_一种1,10‑癸二酸的制备方法.pdf","zaozhi/CN201710768995.X_一种1,10‑癸二酸的制备方法.pdf","CN201710768995.X_一种1,10‑癸二酸的制备方法.pdf",".pdf",725474,5e3a1d10f15e80dd7d577e3020345fd74359b8e96548118292396db2df1f4c8a,application/pdf,188,0.5,"fuzzy_title_low",documents/5e3a1d10f15e80dd7d577e3020345fd74359b8e96548118292396db2df1f4c8a.pdf,0,"zaozhi/甘蔗渣/利夫生物/专利/第一部分/CN201710768995.X_一种1,10‑癸二酸的制备方法.pdf",AUTO
"C:\Users\CAIHUI\MicroEra-Wiki-MVP-new\backend\data\zaozhi\CN201710768995.X_一种1,10‑癸二酸的制备方法.pdf","zaozhi/CN201710768995.X_一种1,10‑癸二酸的制备方法.pdf","CN201710768995.X_一种1,10‑癸二酸的制备方法.pdf",".pdf",725474,5e3a1d10f15e80dd7d577e3020345fd74359b8e96548118292396db2df1f4c8a,application/pdf,190,0.5,"fuzzy_title_low",documents/5e3a1d10f15e80dd7d577e3020345fd74359b8e96548118292396db2df1f4c8a.pdf,0,"zaozhi/甘蔗渣/利夫生物/专利/第一部分/CN201710768995.X_一种1,10‑癸二酸的制备方法.pdf",AUTO
"C:\Users\CAIHUI\MicroEra-Wiki-MVP-new\backend\data\zaozhi\CN201710768995.X_一种1,10‑癸二酸的制备方法.pdf","zaozhi/CN201710768995.X_一种1,10‑癸二酸的制备方法.pdf","CN201710768995.X_一种1,10‑癸二酸的制备方法.pdf",".pdf",725474,5e3a1d10f15e80dd7d577e3020345fd74359b8e96548118292396db2df1f4c8a,application/pdf,191,0.5,"fuzzy_title_low",documents/5e3a1d10f15e80dd7d577e3020345fd74359b8e96548118292396db2df1f4c8a.pdf,0,"zaozhi/甘蔗渣/利夫生物/专利/第一部分/CN201710768995.X_一种1,10‑癸二酸的制备方法.pdf",AUTO
"C:\Users\CAIHUI\MicroEra-Wiki-MVP-new\backend\data\zaozhi\CN201710768995.X_一种1,10‑癸二酸的制备方法.pdf","zaozhi/CN201710768995.X_一种1,10‑癸二酸的制备方法.pdf","CN201710768995.X_一种1,10‑癸二酸的制备方法.pdf",".pdf",725474,5e3a1d10f15e80dd7d577e3020345fd74359b8e96548118292396db2df1f4c8a,application/pdf,193,0.5,"fuzzy_title_low",documents/5e3a1d10f15e80dd7d577e3020345fd74359b8e96548118292396db2df1f4c8a.pdf,0,"zaozhi/甘蔗渣/利夫生物/专利/第一部分/CN201710768995.X_一种1,10‑癸二酸的制备方法.pdf",AUTO
"C:\Users\CAIHUI\MicroEra-Wiki-MVP-new\backend\data\zaozhi\CN201710768995.X_一种1,10‑癸二酸的制备方法.pdf","zaozhi/CN201710768995.X_一种1,10‑癸二酸的制备方法.pdf","CN201710768995.X_一种1,10‑癸二酸的制备方法.pdf",".pdf",725474,5e3a1d10f15e80dd7d577e3020345fd74359b8e96548118292396db2df1f4c8a,application/pdf,194,0.5,"fuzzy_title_low",documents/5e3a1d10f15e80dd7d577e3020345fd74359b8e96548118292396db2df1f4c8a.pdf,0,"zaozhi/甘蔗渣/利夫生物/专利/第一部分/CN201710768995.X_一种1,10‑癸二酸的制备方法.pdf",AUTO
"C:\Users\CAIHUI\MicroEra-Wiki-MVP-new\backend\data\zaozhi\CN201710768995.X_一种1,10‑癸二酸的制备方法.pdf","zaozhi/CN201710768995.X_一种1,10‑癸二酸的制备方法.pdf","CN201710768995.X_一种1,10‑癸二酸的制备方法.pdf",".pdf",725474,5e3a1d10f15e80dd7d577e3020345fd74359b8e96548118292396db2df1f4c8a,application/pdf,209,0.5,"fuzzy_title_low",documents/5e3a1d10f15e80dd7d577e3020345fd74359b8e96548118292396db2df1f4c8a.pdf,0,"zaozhi/甘蔗渣/利夫生物/专利/第一部分/CN201710768995.X_一种1,10‑癸二酸的制备方法.pdf",AUTO
"C:\Users\CAIHUI\MicroEra-Wiki-MVP-new\backend\data\zaozhi\CN201710768995.X_一种1,10‑癸二酸的制备方法.pdf","zaozhi/CN201710768995.X_一种1,10‑癸二酸的制备方法.pdf","CN201710768995.X_一种1,10‑癸二酸的制备方法.pdf",".pdf",725474,5e3a1d10f15e80dd7d577e3020345fd74359b8e96548118292396db2df1f4c8a,application/pdf,355,0.5,"fuzzy_title_low",documents/5e3a1d10f15e80dd7d577e3020345fd74359b8e96548118292396db2df1f4c8a.pdf,0,"zaozhi/甘蔗渣/利夫生物/专利/第一部分/CN201710768995.X_一种1,10‑癸二酸的制备方法.pdf",AUTO
"C:\Users\CAIHUI\MicroEra-Wiki-MVP-new\backend\data\zaozhi\CN201810320426.3_一种1,13-十三烷二醇酯及其1,13-十三烷二醇的制备方法.pdf","zaozhi/CN201810320426.3_一种1,13-十三烷二醇酯及其1,13-十三烷二醇的制备方法.pdf","CN201810320426.3_一种1,13-十三烷二醇酯及其1,13-十三烷二醇的制备方法.pdf",".pdf",499109,fb3747b3472cc67f0b9a5417ddafc8db552b864969dd30f311ce08388dce8378,application/pdf,194,0.98,"exact_title",documents/fb3747b3472cc67f0b9a5417ddafc8db552b864969dd30f311ce08388dce8378.pdf,0,,AUTO
"C:\Users\CAIHUI\MicroEra-Wiki-MVP-new\backend\data\zaozhi\CN201810320426.3_一种1,13-十三烷二醇酯及其1,13-十三烷二醇的制备方法.pdf","zaozhi/CN201810320426.3_一种1,13-十三烷二醇酯及其1,13-十三烷二醇的制备方法.pdf","CN201810320426.3_一种1,13-十三烷二醇酯及其1,13-十三烷二醇的制备方法.pdf",".pdf",499109,fb3747b3472cc67f0b9a5417ddafc8db552b864969dd30f311ce08388dce8378,application/pdf,188,0.5,"fuzzy_title_low",documents/fb3747b3472cc67f0b9a5417ddafc8db552b864969dd30f311ce08388dce8378.pdf,0,,AUTO
"C:\Users\CAIHUI\MicroEra-Wiki-MVP-new\backend\data\zaozhi\CN201810320426.3_一种1,13-十三烷二醇酯及其1,13-十三烷二醇的制备方法.pdf","zaozhi/CN201810320426.3_一种1,13-十三烷二醇酯及其1,13-十三烷二醇的制备方法.pdf","CN201810320426.3_一种1,13-十三烷二醇酯及其1,13-十三烷二醇的制备方法.pdf",".pdf",499109,fb3747b3472cc67f0b9a5417ddafc8db552b864969dd30f311ce08388dce8378,application/pdf,353,0.5,"fuzzy_title_low",documents/fb3747b3472cc67f0b9a5417ddafc8db552b864969dd30f311ce08388dce8378.pdf,0,,AUTO
"C:\Users\CAIHUI\MicroEra-Wiki-MVP-new\backend\data\zaozhi\CN201810320426.3_一种1,13-十三烷二醇酯及其1,13-十三烷二醇的制备方法.pdf","zaozhi/CN201810320426.3_一种1,13-十三烷二醇酯及其1,13-十三烷二醇的制备方法.pdf","CN201810320426.3_一种1,13-十三烷二醇酯及其1,13-十三烷二醇的制备方法.pdf",".pdf",499109,fb3747b3472cc67f0b9a5417ddafc8db552b864969dd30f311ce08388dce8378,application/pdf,354,0.5,"fuzzy_title_low",documents/fb3747b3472cc67f0b9a5417ddafc8db552b864969dd30f311ce08388dce8378.pdf,0,,AUTO
"C:\Users\CAIHUI\MicroEra-Wiki-MVP-new\backend\data\zaozhi\CN201810321005.2_一种正辛醇酯及其正辛醇的制备方法.pdf","zaozhi/CN201810321005.2_一种正辛醇酯及其正辛醇的制备方法.pdf","CN201810321005.2_一种正辛醇酯及其正辛醇的制备方法.pdf",".pdf",507351,4a4675b64288a502562701d5cfe33e25d28b2ab13d3bf833c865c37dd5db1811,application/pdf,354,0.98,"exact_title",documents/4a4675b64288a502562701d5cfe33e25d28b2ab13d3bf833c865c37dd5db1811.pdf,0,"zaozhi/甘蔗渣/利夫生物/专利/第一部分/CN201810321005.2_一种正辛醇酯及其正辛醇的制备方法.pdf",AUTO
"C:\Users\CAIHUI\MicroEra-Wiki-MVP-new\backend\data\zaozhi\CN201810321005.2_一种正辛醇酯及其正辛醇的制备方法.pdf","zaozhi/CN201810321005.2_一种正辛醇酯及其正辛醇的制备方法.pdf","CN201810321005.2_一种正辛醇酯及其正辛醇的制备方法.pdf",".pdf",507351,4a4675b64288a502562701d5cfe33e25d28b2ab13d3bf833c865c37dd5db1811,application/pdf,187,0.5,"fuzzy_title_low",documents/4a4675b64288a502562701d5cfe33e25d28b2ab13d3bf833c865c37dd5db1811.pdf,0,"zaozhi/甘蔗渣/利夫生物/专利/第一部分/CN201810321005.2_一种正辛醇酯及其正辛醇的制备方法.pdf",AUTO
"C:\Users\CAIHUI\MicroEra-Wiki-MVP-new\backend\data\zaozhi\CN201810321005.2_一种正辛醇酯及其正辛醇的制备方法.pdf","zaozhi/CN201810321005.2_一种正辛醇酯及其正辛醇的制备方法.pdf","CN201810321005.2_一种正辛醇酯及其正辛醇的制备方法.pdf",".pdf",507351,4a4675b64288a502562701d5cfe33e25d28b2ab13d3bf833c865c37dd5db1811,application/pdf,188,0.5,"fuzzy_title_low",documents/4a4675b64288a502562701d5cfe33e25d28b2ab13d3bf833c865c37dd5db1811.pdf,0,"zaozhi/甘蔗渣/利夫生物/专利/第一部分/CN201810321005.2_一种正辛醇酯及其正辛醇的制备方法.pdf",AUTO
"C:\Users\CAIHUI\MicroEra-Wiki-MVP-new\backend\data\zaozhi\CN201810321005.2_一种正辛醇酯及其正辛醇的制备方法.pdf","zaozhi/CN201810321005.2_一种正辛醇酯及其正辛醇的制备方法.pdf","CN201810321005.2_一种正辛醇酯及其正辛醇的制备方法.pdf",".pdf",507351,4a4675b64288a502562701d5cfe33e25d28b2ab13d3bf833c865c37dd5db1811,application/pdf,189,0.5,"fuzzy_title_low",documents/4a4675b64288a502562701d5cfe33e25d28b2ab13d3bf833c865c37dd5db1811.pdf,0,"zaozhi/甘蔗渣/利夫生物/专利/第一部分/CN201810321005.2_一种正辛醇酯及其正辛醇的制备方法.pdf",AUTO
"C:\Users\CAIHUI\MicroEra-Wiki-MVP-new\backend\data\zaozhi\CN201810321005.2_一种正辛醇酯及其正辛醇的制备方法.pdf","zaozhi/CN201810321005.2_一种正辛醇酯及其正辛醇的制备方法.pdf","CN201810321005.2_一种正辛醇酯及其正辛醇的制备方法.pdf",".pdf",507351,4a4675b64288a502562701d5cfe33e25d28b2ab13d3bf833c865c37dd5db1811,application/pdf,190,0.5,"fuzzy_title_low",documents/4a4675b64288a502562701d5cfe33e25d28b2ab13d3bf833c865c37dd5db1811.pdf,0,"zaozhi/甘蔗渣/利夫生物/专利/第一部分/CN201810321005.2_一种正辛醇酯及其正辛醇的制备方法.pdf",AUTO
"C:\Users\CAIHUI\MicroEra-Wiki-MVP-new\backend\data\zaozhi\CN201810321005.2_一种正辛醇酯及其正辛醇的制备方法.pdf","zaozhi/CN201810321005.2_一种正辛醇酯及其正辛醇的制备方法.pdf","CN201810321005.2_一种正辛醇酯及其正辛醇的制备方法.pdf",".pdf",507351,4a4675b64288a502562701d5cfe33e25d28b2ab13d3bf833c865c37dd5db1811,application/pdf,193,0.5,"fuzzy_title_low",documents/4a4675b64288a502562701d5cfe33e25d28b2ab13d3bf833c865c37dd5db1811.pdf,0,"zaozhi/甘蔗渣/利夫生物/专利/第一部分/CN201810321005.2_一种正辛醇酯及其正辛醇的制备方法.pdf",AUTO
"C:\Users\CAIHUI\MicroEra-Wiki-MVP-new\backend\data\zaozhi\CN201810321005.2_一种正辛醇酯及其正辛醇的制备方法.pdf","zaozhi/CN201810321005.2_一种正辛醇酯及其正辛醇的制备方法.pdf","CN201810321005.2_一种正辛醇酯及其正辛醇的制备方法.pdf",".pdf",507351,4a4675b64288a502562701d5cfe33e25d28b2ab13d3bf833c865c37dd5db1811,application/pdf,194,0.5,"fuzzy_title_low",documents/4a4675b64288a502562701d5cfe33e25d28b2ab13d3bf833c865c37dd5db1811.pdf,0,"zaozhi/甘蔗渣/利夫生物/专利/第一部分/CN201810321005.2_一种正辛醇酯及其正辛醇的制备方法.pdf",AUTO
"C:\Users\CAIHUI\MicroEra-Wiki-MVP-new\backend\data\zaozhi\CN201810321005.2_一种正辛醇酯及其正辛醇的制备方法.pdf","zaozhi/CN201810321005.2_一种正辛醇酯及其正辛醇的制备方法.pdf","CN201810321005.2_一种正辛醇酯及其正辛醇的制备方法.pdf",".pdf",507351,4a4675b64288a502562701d5cfe33e25d28b2ab13d3bf833c865c37dd5db1811,application/pdf,197,0.5,"fuzzy_title_low",documents/4a4675b64288a502562701d5cfe33e25d28b2ab13d3bf833c865c37dd5db1811.pdf,0,"zaozhi/甘蔗渣/利夫生物/专利/第一部分/CN201810321005.2_一种正辛醇酯及其正辛醇的制备方法.pdf",AUTO
"C:\Users\CAIHUI\MicroEra-Wiki-MVP-new\backend\data\zaozhi\CN201810916648.1_一种二氟磷酸锂的生产装置及生产方法.pdf","zaozhi/CN201810916648.1_一种二氟磷酸锂的生产装置及生产方法.pdf","CN201810916648.1_一种二氟磷酸锂的生产装置及生产方法.pdf",".pdf",565281,6df193ce2e08fd479b659c558ae3af3791f8106287b13dcfa9aba49a81754787,application/pdf,195,0.98,"exact_title",documents/6df193ce2e08fd479b659c558ae3af3791f8106287b13dcfa9aba49a81754787.pdf,0,,AUTO
"C:\Users\CAIHUI\MicroEra-Wiki-MVP-new\backend\data\zaozhi\CN201810916648.1_一种二氟磷酸锂的生产装置及生产方法.pdf","zaozhi/CN201810916648.1_一种二氟磷酸锂的生产装置及生产方法.pdf","CN201810916648.1_一种二氟磷酸锂的生产装置及生产方法.pdf",".pdf",565281,6df193ce2e08fd479b659c558ae3af3791f8106287b13dcfa9aba49a81754787,application/pdf,196,0.65,"fuzzy_title",documents/6df193ce2e08fd479b659c558ae3af3791f8106287b13dcfa9aba49a81754787.pdf,0,,AUTO
"C:\Users\CAIHUI\MicroEra-Wiki-MVP-new\backend\data\zaozhi\CN201810916648.1_一种二氟磷酸锂的生产装置及生产方法.pdf","zaozhi/CN201810916648.1_一种二氟磷酸锂的生产装置及生产方法.pdf","CN201810916648.1_一种二氟磷酸锂的生产装置及生产方法.pdf",".pdf",565281,6df193ce2e08fd479b659c558ae3af3791f8106287b13dcfa9aba49a81754787,application/pdf,355,0.5,"fuzzy_title_low",documents/6df193ce2e08fd479b659c558ae3af3791f8106287b13dcfa9aba49a81754787.pdf,0,,AUTO
"C:\Users\CAIHUI\MicroEra-Wiki-MVP-new\backend\data\zaozhi\CN201821301208.7_一种二氟磷酸锂的生产装置.pdf","zaozhi/CN201821301208.7_一种二氟磷酸锂的生产装置.pdf","CN201821301208.7_一种二氟磷酸锂的生产装置.pdf",".pdf",572694,dc97d30a0d09854c72ac016290daecaf366f79ef29fc286433451e7b5cce0a16,application/pdf,196,0.98,"exact_title",documents/dc97d30a0d09854c72ac016290daecaf366f79ef29fc286433451e7b5cce0a16.pdf,0,,AUTO
"C:\Users\CAIHUI\MicroEra-Wiki-MVP-new\backend\data\zaozhi\CN201821301208.7_一种二氟磷酸锂的生产装置.pdf","zaozhi/CN201821301208.7_一种二氟磷酸锂的生产装置.pdf","CN201821301208.7_一种二氟磷酸锂的生产装置.pdf",".pdf",572694,dc97d30a0d09854c72ac016290daecaf366f79ef29fc286433451e7b5cce0a16,application/pdf,195,0.65,"fuzzy_title",documents/dc97d30a0d09854c72ac016290daecaf366f79ef29fc286433451e7b5cce0a16.pdf,0,,AUTO
"C:\Users\CAIHUI\MicroEra-Wiki-MVP-new\backend\data\zaozhi\CN201910695504.2_一种对羟基苯海因的制备方法.pdf","zaozhi/CN201910695504.2_一种对羟基苯海因的制备方法.pdf","CN201910695504.2_一种对羟基苯海因的制备方法.pdf",".pdf",285983,e40795e44b5734eb9a2fd882b814b67e6e8dd871691ce75fd4feefb8b5502bec,application/pdf,197,0.98,"exact_title",documents/e40795e44b5734eb9a2fd882b814b67e6e8dd871691ce75fd4feefb8b5502bec.pdf,0,,AUTO
"C:\Users\CAIHUI\MicroEra-Wiki-MVP-new\backend\data\zaozhi\CN201910695504.2_一种对羟基苯海因的制备方法.pdf","zaozhi/CN201910695504.2_一种对羟基苯海因的制备方法.pdf","CN201910695504.2_一种对羟基苯海因的制备方法.pdf",".pdf",285983,e40795e44b5734eb9a2fd882b814b67e6e8dd871691ce75fd4feefb8b5502bec,application/pdf,142,0.5,"fuzzy_title_low",documents/e40795e44b5734eb9a2fd882b814b67e6e8dd871691ce75fd4feefb8b5502bec.pdf,0,,AUTO
"C:\Users\CAIHUI\MicroEra-Wiki-MVP-new\backend\data\zaozhi\CN201910695504.2_一种对羟基苯海因的制备方法.pdf","zaozhi/CN201910695504.2_一种对羟基苯海因的制备方法.pdf","CN201910695504.2_一种对羟基苯海因的制备方法.pdf",".pdf",285983,e40795e44b5734eb9a2fd882b814b67e6e8dd871691ce75fd4feefb8b5502bec,application/pdf,185,0.5,"fuzzy_title_low",documents/e40795e44b5734eb9a2fd882b814b67e6e8dd871691ce75fd4feefb8b5502bec.pdf,0,,AUTO
"C:\Users\CAIHUI\MicroEra-Wiki-MVP-new\backend\data\zaozhi\CN201910695504.2_一种对羟基苯海因的制备方法.pdf","zaozhi/CN201910695504.2_一种对羟基苯海因的制备方法.pdf","CN201910695504.2_一种对羟基苯海因的制备方法.pdf",".pdf",285983,e40795e44b5734eb9a2fd882b814b67e6e8dd871691ce75fd4feefb8b5502bec,application/pdf,187,0.5,"fuzzy_title_low",documents/e40795e44b5734eb9a2fd882b814b67e6e8dd871691ce75fd4feefb8b5502bec.pdf,0,,AUTO
"C:\Users\CAIHUI\MicroEra-Wiki-MVP-new\backend\data\zaozhi\CN201910695504.2_一种对羟基苯海因的制备方法.pdf","zaozhi/CN201910695504.2_一种对羟基苯海因的制备方法.pdf","CN201910695504.2_一种对羟基苯海因的制备方法.pdf",".pdf",285983,e40795e44b5734eb9a2fd882b814b67e6e8dd871691ce75fd4feefb8b5502bec,application/pdf,190,0.5,"fuzzy_title_low",documents/e40795e44b5734eb9a2fd882b814b67e6e8dd871691ce75fd4feefb8b5502bec.pdf,0,,AUTO
"C:\Users\CAIHUI\MicroEra-Wiki-MVP-new\backend\data\zaozhi\CN201910695504.2_一种对羟基苯海因的制备方法.pdf","zaozhi/CN201910695504.2_一种对羟基苯海因的制备方法.pdf","CN201910695504.2_一种对羟基苯海因的制备方法.pdf",".pdf",285983,e40795e44b5734eb9a2fd882b814b67e6e8dd871691ce75fd4feefb8b5502bec,application/pdf,193,0.5,"fuzzy_title_low",documents/e40795e44b5734eb9a2fd882b814b67e6e8dd871691ce75fd4feefb8b5502bec.pdf,0,,AUTO
"C:\Users\CAIHUI\MicroEra-Wiki-MVP-new\backend\data\zaozhi\CN201910695504.2_一种对羟基苯海因的制备方法.pdf","zaozhi/CN201910695504.2_一种对羟基苯海因的制备方法.pdf","CN201910695504.2_一种对羟基苯海因的制备方法.pdf",".pdf",285983,e40795e44b5734eb9a2fd882b814b67e6e8dd871691ce75fd4feefb8b5502bec,application/pdf,205,0.5,"fuzzy_title_low",documents/e40795e44b5734eb9a2fd882b814b67e6e8dd871691ce75fd4feefb8b5502bec.pdf,0,,AUTO
"C:\Users\CAIHUI\MicroEra-Wiki-MVP-new\backend\data\zaozhi\CN201910695504.2_一种对羟基苯海因的制备方法.pdf","zaozhi/CN201910695504.2_一种对羟基苯海因的制备方法.pdf","CN201910695504.2_一种对羟基苯海因的制备方法.pdf",".pdf",285983,e40795e44b5734eb9a2fd882b814b67e6e8dd871691ce75fd4feefb8b5502bec,application/pdf,206,0.5,"fuzzy_title_low",documents/e40795e44b5734eb9a2fd882b814b67e6e8dd871691ce75fd4feefb8b5502bec.pdf,0,,AUTO
"C:\Users\CAIHUI\MicroEra-Wiki-MVP-new\backend\data\zaozhi\CN201910695504.2_一种对羟基苯海因的制备方法.pdf","zaozhi/CN201910695504.2_一种对羟基苯海因的制备方法.pdf","CN201910695504.2_一种对羟基苯海因的制备方法.pdf",".pdf",285983,e40795e44b5734eb9a2fd882b814b67e6e8dd871691ce75fd4feefb8b5502bec,application/pdf,209,0.5,"fuzzy_title_low",documents/e40795e44b5734eb9a2fd882b814b67e6e8dd871691ce75fd4feefb8b5502bec.pdf,0,,AUTO
"C:\Users\CAIHUI\MicroEra-Wiki-MVP-new\backend\data\zaozhi\CN201910695504.2_一种对羟基苯海因的制备方法.pdf","zaozhi/CN201910695504.2_一种对羟基苯海因的制备方法.pdf","CN201910695504.2_一种对羟基苯海因的制备方法.pdf",".pdf",285983,e40795e44b5734eb9a2fd882b814b67e6e8dd871691ce75fd4feefb8b5502bec,application/pdf,210,0.5,"fuzzy_title_low",documents/e40795e44b5734eb9a2fd882b814b67e6e8dd871691ce75fd4feefb8b5502bec.pdf,0,,AUTO
"C:\Users\CAIHUI\MicroEra-Wiki-MVP-new\backend\data\zaozhi\CN201910695504.2_一种对羟基苯海因的制备方法.pdf","zaozhi/CN201910695504.2_一种对羟基苯海因的制备方法.pdf","CN201910695504.2_一种对羟基苯海因的制备方法.pdf",".pdf",285983,e40795e44b5734eb9a2fd882b814b67e6e8dd871691ce75fd4feefb8b5502bec,application/pdf,354,0.5,"fuzzy_title_low",documents/e40795e44b5734eb9a2fd882b814b67e6e8dd871691ce75fd4feefb8b5502bec.pdf,0,,AUTO
"C:\Users\CAIHUI\MicroEra-Wiki-MVP-new\backend\data\zaozhi\CN201910695504.2_一种对羟基苯海因的制备方法.pdf","zaozhi/CN201910695504.2_一种对羟基苯海因的制备方法.pdf","CN201910695504.2_一种对羟基苯海因的制备方法.pdf",".pdf",285983,e40795e44b5734eb9a2fd882b814b67e6e8dd871691ce75fd4feefb8b5502bec,application/pdf,367,0.5,"fuzzy_title_low",documents/e40795e44b5734eb9a2fd882b814b67e6e8dd871691ce75fd4feefb8b5502bec.pdf,0,,AUTO
"C:\Users\CAIHUI\MicroEra-Wiki-MVP-new\backend\data\zaozhi\CN202110399634.9_一种生物基隔膜涂敷液及其制备方法和在锂电池中的应用.pdf","zaozhi/CN202110399634.9_一种生物基隔膜涂敷液及其制备方法和在锂电池中的应用.pdf","CN202110399634.9_一种生物基隔膜涂敷液及其制备方法和在锂电池中的应用.pdf",".pdf",409894,05440c1d88210c72557f96ff1f4e052799e748b5181130f4b1d3b7aec25f98fc,application/pdf,198,0.98,"exact_title",documents/05440c1d88210c72557f96ff1f4e052799e748b5181130f4b1d3b7aec25f98fc.pdf,0,,AUTO
"C:\Users\CAIHUI\MicroEra-Wiki-MVP-new\backend\data\zaozhi\CN202110399634.9_一种生物基隔膜涂敷液及其制备方法和在锂电池中的应用.pdf","zaozhi/CN202110399634.9_一种生物基隔膜涂敷液及其制备方法和在锂电池中的应用.pdf","CN202110399634.9_一种生物基隔膜涂敷液及其制备方法和在锂电池中的应用.pdf",".pdf",409894,05440c1d88210c72557f96ff1f4e052799e748b5181130f4b1d3b7aec25f98fc,application/pdf,199,0.5,"fuzzy_title_low",documents/05440c1d88210c72557f96ff1f4e052799e748b5181130f4b1d3b7aec25f98fc.pdf,0,,AUTO
"C:\Users\CAIHUI\MicroEra-Wiki-MVP-new\backend\data\zaozhi\CN202110399634.9_一种生物基隔膜涂敷液及其制备方法和在锂电池中的应用.pdf","zaozhi/CN202110399634.9_一种生物基隔膜涂敷液及其制备方法和在锂电池中的应用.pdf","CN202110399634.9_一种生物基隔膜涂敷液及其制备方法和在锂电池中的应用.pdf",".pdf",409894,05440c1d88210c72557f96ff1f4e052799e748b5181130f4b1d3b7aec25f98fc,application/pdf,204,0.5,"fuzzy_title_low",documents/05440c1d88210c72557f96ff1f4e052799e748b5181130f4b1d3b7aec25f98fc.pdf,0,,AUTO
"C:\Users\CAIHUI\MicroEra-Wiki-MVP-new\backend\data\zaozhi\CN202110400674.0_一种基于生物质呋喃基聚合物的锂电池隔膜及其制备方法.pdf","zaozhi/CN202110400674.0_一种基于生物质呋喃基聚合物的锂电池隔膜及其制备方法.pdf","CN202110400674.0_一种基于生物质呋喃基聚合物的锂电池隔膜及其制备方法.pdf",".pdf",548785,efeac33e154dcf75cca4e98140eabc4f2e54325a8667285a597c9faf3c359f99,application/pdf,199,0.98,"exact_title",documents/efeac33e154dcf75cca4e98140eabc4f2e54325a8667285a597c9faf3c359f99.pdf,0,,AUTO
"C:\Users\CAIHUI\MicroEra-Wiki-MVP-new\backend\data\zaozhi\CN202110400674.0_一种基于生物质呋喃基聚合物的锂电池隔膜及其制备方法.pdf","zaozhi/CN202110400674.0_一种基于生物质呋喃基聚合物的锂电池隔膜及其制备方法.pdf","CN202110400674.0_一种基于生物质呋喃基聚合物的锂电池隔膜及其制备方法.pdf",".pdf",548785,efeac33e154dcf75cca4e98140eabc4f2e54325a8667285a597c9faf3c359f99,application/pdf,198,0.5,"fuzzy_title_low",documents/efeac33e154dcf75cca4e98140eabc4f2e54325a8667285a597c9faf3c359f99.pdf,0,,AUTO
"C:\Users\CAIHUI\MicroEra-Wiki-MVP-new\backend\data\zaozhi\CN202110400674.0_一种基于生物质呋喃基聚合物的锂电池隔膜及其制备方法.pdf","zaozhi/CN202110400674.0_一种基于生物质呋喃基聚合物的锂电池隔膜及其制备方法.pdf","CN202110400674.0_一种基于生物质呋喃基聚合物的锂电池隔膜及其制备方法.pdf",".pdf",548785,efeac33e154dcf75cca4e98140eabc4f2e54325a8667285a597c9faf3c359f99,application/pdf,204,0.5,"fuzzy_title_low",documents/efeac33e154dcf75cca4e98140eabc4f2e54325a8667285a597c9faf3c359f99.pdf,0,,AUTO
"C:\Users\CAIHUI\MicroEra-Wiki-MVP-new\backend\data\zaozhi\CN202110400675.5_一种S-(+)-3-羟基四氢呋喃的纯化和异构体检测方法.pdf","zaozhi/CN202110400675.5_一种S-(+)-3-羟基四氢呋喃的纯化和异构体检测方法.pdf","CN202110400675.5_一种S-(+)-3-羟基四氢呋喃的纯化和异构体检测方法.pdf",".pdf",978842,4c1f5a5db63efee1c54d62e3b7ac0f7ef53775162593de9c46156197f7129fad,application/pdf,200,0.98,"exact_title",documents/4c1f5a5db63efee1c54d62e3b7ac0f7ef53775162593de9c46156197f7129fad.pdf,0,,AUTO
"C:\Users\CAIHUI\MicroEra-Wiki-MVP-new\backend\data\zaozhi\CN202110400675.5_一种S-(+)-3-羟基四氢呋喃的纯化和异构体检测方法.pdf","zaozhi/CN202110400675.5_一种S-(+)-3-羟基四氢呋喃的纯化和异构体检测方法.pdf","CN202110400675.5_一种S-(+)-3-羟基四氢呋喃的纯化和异构体检测方法.pdf",".pdf",978842,4c1f5a5db63efee1c54d62e3b7ac0f7ef53775162593de9c46156197f7129fad,application/pdf,212,0.5,"fuzzy_title_low",documents/4c1f5a5db63efee1c54d62e3b7ac0f7ef53775162593de9c46156197f7129fad.pdf,0,,AUTO
"C:\Users\CAIHUI\MicroEra-Wiki-MVP-new\backend\data\zaozhi\CN202110400675.5_一种S-(+)-3-羟基四氢呋喃的纯化和异构体检测方法.pdf","zaozhi/CN202110400675.5_一种S-(+)-3-羟基四氢呋喃的纯化和异构体检测方法.pdf","CN202110400675.5_一种S-(+)-3-羟基四氢呋喃的纯化和异构体检测方法.pdf",".pdf",978842,4c1f5a5db63efee1c54d62e3b7ac0f7ef53775162593de9c46156197f7129fad,application/pdf,216,0.5,"fuzzy_title_low",documents/4c1f5a5db63efee1c54d62e3b7ac0f7ef53775162593de9c46156197f7129fad.pdf,0,,AUTO
"C:\Users\CAIHUI\MicroEra-Wiki-MVP-new\backend\data\zaozhi\CN202110448463.4_一种高手性纯度(S)-1-(2-氯乙酰基)吡咯烷-2-甲腈的制备方法.pdf","zaozhi/CN202110448463.4_一种高手性纯度(S)-1-(2-氯乙酰基)吡咯烷-2-甲腈的制备方法.pdf","CN202110448463.4_一种高手性纯度(S)-1-(2-氯乙酰基)吡咯烷-2-甲腈的制备方法.pdf",".pdf",541562,ed8658b554bbe3af50172ee3d5f2f5a1e04c2fdc347b053af3ab81b8a32c8f07,application/pdf,201,0.98,"exact_title",documents/ed8658b554bbe3af50172ee3d5f2f5a1e04c2fdc347b053af3ab81b8a32c8f07.pdf,0,,AUTO
"C:\Users\CAIHUI\MicroEra-Wiki-MVP-new\backend\data\zaozhi\CN202110448463.4_一种高手性纯度(S)-1-(2-氯乙酰基)吡咯烷-2-甲腈的制备方法.pdf","zaozhi/CN202110448463.4_一种高手性纯度(S)-1-(2-氯乙酰基)吡咯烷-2-甲腈的制备方法.pdf","CN202110448463.4_一种高手性纯度(S)-1-(2-氯乙酰基)吡咯烷-2-甲腈的制备方法.pdf",".pdf",541562,ed8658b554bbe3af50172ee3d5f2f5a1e04c2fdc347b053af3ab81b8a32c8f07,application/pdf,143,0.5,"fuzzy_title_low",documents/ed8658b554bbe3af50172ee3d5f2f5a1e04c2fdc347b053af3ab81b8a32c8f07.pdf,0,,AUTO
"C:\Users\CAIHUI\MicroEra-Wiki-MVP-new\backend\data\zaozhi\CN202110448463.4_一种高手性纯度(S)-1-(2-氯乙酰基)吡咯烷-2-甲腈的制备方法.pdf","zaozhi/CN202110448463.4_一种高手性纯度(S)-1-(2-氯乙酰基)吡咯烷-2-甲腈的制备方法.pdf","CN202110448463.4_一种高手性纯度(S)-1-(2-氯乙酰基)吡咯烷-2-甲腈的制备方法.pdf",".pdf",541562,ed8658b554bbe3af50172ee3d5f2f5a1e04c2fdc347b053af3ab81b8a32c8f07,application/pdf,186,0.5,"fuzzy_title_low",documents/ed8658b554bbe3af50172ee3d5f2f5a1e04c2fdc347b053af3ab81b8a32c8f07.pdf,0,,AUTO
"C:\Users\CAIHUI\MicroEra-Wiki-MVP-new\backend\data\zaozhi\CN202110448463.4_一种高手性纯度(S)-1-(2-氯乙酰基)吡咯烷-2-甲腈的制备方法.pdf","zaozhi/CN202110448463.4_一种高手性纯度(S)-1-(2-氯乙酰基)吡咯烷-2-甲腈的制备方法.pdf","CN202110448463.4_一种高手性纯度(S)-1-(2-氯乙酰基)吡咯烷-2-甲腈的制备方法.pdf",".pdf",541562,ed8658b554bbe3af50172ee3d5f2f5a1e04c2fdc347b053af3ab81b8a32c8f07,application/pdf,206,0.5,"fuzzy_title_low",documents/ed8658b554bbe3af50172ee3d5f2f5a1e04c2fdc347b053af3ab81b8a32c8f07.pdf,0,,AUTO
"C:\Users\CAIHUI\MicroEra-Wiki-MVP-new\backend\data\zaozhi\CN202111026582.7_一种酪氨酸激酶抑制剂关键中间体的合成方法.pdf","zaozhi/CN202111026582.7_一种酪氨酸激酶抑制剂关键中间体的合成方法.pdf","CN202111026582.7_一种酪氨酸激酶抑制剂关键中间体的合成方法.pdf",".pdf",515073,718f86772a48a012c7c8aec10977af13359ed25ae6b749293f23cdb9cdd28cfd,application/pdf,202,0.98,"exact_title",documents/718f86772a48a012c7c8aec10977af13359ed25ae6b749293f23cdb9cdd28cfd.pdf,0,,AUTO
"C:\Users\CAIHUI\MicroEra-Wiki-MVP-new\backend\data\zaozhi\CN202111026582.7_一种酪氨酸激酶抑制剂关键中间体的合成方法.pdf","zaozhi/CN202111026582.7_一种酪氨酸激酶抑制剂关键中间体的合成方法.pdf","CN202111026582.7_一种酪氨酸激酶抑制剂关键中间体的合成方法.pdf",".pdf",515073,718f86772a48a012c7c8aec10977af13359ed25ae6b749293f23cdb9cdd28cfd,application/pdf,203,0.65,"fuzzy_title",documents/718f86772a48a012c7c8aec10977af13359ed25ae6b749293f23cdb9cdd28cfd.pdf,0,,AUTO
"C:\Users\CAIHUI\MicroEra-Wiki-MVP-new\backend\data\zaozhi\CN202111026582.7_一种酪氨酸激酶抑制剂关键中间体的合成方法.pdf","zaozhi/CN202111026582.7_一种酪氨酸激酶抑制剂关键中间体的合成方法.pdf","CN202111026582.7_一种酪氨酸激酶抑制剂关键中间体的合成方法.pdf",".pdf",515073,718f86772a48a012c7c8aec10977af13359ed25ae6b749293f23cdb9cdd28cfd,application/pdf,139,0.5,"fuzzy_title_low",documents/718f86772a48a012c7c8aec10977af13359ed25ae6b749293f23cdb9cdd28cfd.pdf,0,,AUTO
"C:\Users\CAIHUI\MicroEra-Wiki-MVP-new\backend\data\zaozhi\CN202111026582.7_一种酪氨酸激酶抑制剂关键中间体的合成方法.pdf","zaozhi/CN202111026582.7_一种酪氨酸激酶抑制剂关键中间体的合成方法.pdf","CN202111026582.7_一种酪氨酸激酶抑制剂关键中间体的合成方法.pdf",".pdf",515073,718f86772a48a012c7c8aec10977af13359ed25ae6b749293f23cdb9cdd28cfd,application/pdf,140,0.5,"fuzzy_title_low",documents/718f86772a48a012c7c8aec10977af13359ed25ae6b749293f23cdb9cdd28cfd.pdf,0,,AUTO
"C:\Users\CAIHUI\MicroEra-Wiki-MVP-new\backend\data\zaozhi\CN202111026582.7_一种酪氨酸激酶抑制剂关键中间体的合成方法.pdf","zaozhi/CN202111026582.7_一种酪氨酸激酶抑制剂关键中间体的合成方法.pdf","CN202111026582.7_一种酪氨酸激酶抑制剂关键中间体的合成方法.pdf",".pdf",515073,718f86772a48a012c7c8aec10977af13359ed25ae6b749293f23cdb9cdd28cfd,application/pdf,182,0.5,"fuzzy_title_low",documents/718f86772a48a012c7c8aec10977af13359ed25ae6b749293f23cdb9cdd28cfd.pdf,0,,AUTO
"C:\Users\CAIHUI\MicroEra-Wiki-MVP-new\backend\data\zaozhi\CN202111026582.7_一种酪氨酸激酶抑制剂关键中间体的合成方法.pdf","zaozhi/CN202111026582.7_一种酪氨酸激酶抑制剂关键中间体的合成方法.pdf","CN202111026582.7_一种酪氨酸激酶抑制剂关键中间体的合成方法.pdf",".pdf",515073,718f86772a48a012c7c8aec10977af13359ed25ae6b749293f23cdb9cdd28cfd,application/pdf,183,0.5,"fuzzy_title_low",documents/718f86772a48a012c7c8aec10977af13359ed25ae6b749293f23cdb9cdd28cfd.pdf,0,,AUTO
"C:\Users\CAIHUI\MicroEra-Wiki-MVP-new\backend\data\zaozhi\CN202111368937.0_一种吡咯吡啶激酶抑制剂关键中间体的合成方法.pdf","zaozhi/CN202111368937.0_一种吡咯吡啶激酶抑制剂关键中间体的合成方法.pdf","CN202111368937.0_一种吡咯吡啶激酶抑制剂关键中间体的合成方法.pdf",".pdf",503817,f2497baff23bd139fbfe9f3849bf5cbd919a98fd619f9fe7211f553313c5cf82,application/pdf,203,0.98,"exact_title",documents/f2497baff23bd139fbfe9f3849bf5cbd919a98fd619f9fe7211f553313c5cf82.pdf,0,,AUTO
"C:\Users\CAIHUI\MicroEra-Wiki-MVP-new\backend\data\zaozhi\CN202111368937.0_一种吡咯吡啶激酶抑制剂关键中间体的合成方法.pdf","zaozhi/CN202111368937.0_一种吡咯吡啶激酶抑制剂关键中间体的合成方法.pdf","CN202111368937.0_一种吡咯吡啶激酶抑制剂关键中间体的合成方法.pdf",".pdf",503817,f2497baff23bd139fbfe9f3849bf5cbd919a98fd619f9fe7211f553313c5cf82,application/pdf,202,0.65,"fuzzy_title",documents/f2497baff23bd139fbfe9f3849bf5cbd919a98fd619f9fe7211f553313c5cf82.pdf,0,,AUTO
"C:\Users\CAIHUI\MicroEra-Wiki-MVP-new\backend\data\zaozhi\CN202111368937.0_一种吡咯吡啶激酶抑制剂关键中间体的合成方法.pdf","zaozhi/CN202111368937.0_一种吡咯吡啶激酶抑制剂关键中间体的合成方法.pdf","CN202111368937.0_一种吡咯吡啶激酶抑制剂关键中间体的合成方法.pdf",".pdf",503817,f2497baff23bd139fbfe9f3849bf5cbd919a98fd619f9fe7211f553313c5cf82,application/pdf,139,0.5,"fuzzy_title_low",documents/f2497baff23bd139fbfe9f3849bf5cbd919a98fd619f9fe7211f553313c5cf82.pdf,0,,AUTO
"C:\Users\CAIHUI\MicroEra-Wiki-MVP-new\backend\data\zaozhi\CN202111368937.0_一种吡咯吡啶激酶抑制剂关键中间体的合成方法.pdf","zaozhi/CN202111368937.0_一种吡咯吡啶激酶抑制剂关键中间体的合成方法.pdf","CN202111368937.0_一种吡咯吡啶激酶抑制剂关键中间体的合成方法.pdf",".pdf",503817,f2497baff23bd139fbfe9f3849bf5cbd919a98fd619f9fe7211f553313c5cf82,application/pdf,140,0.5,"fuzzy_title_low",documents/f2497baff23bd139fbfe9f3849bf5cbd919a98fd619f9fe7211f553313c5cf82.pdf,0,,AUTO
"C:\Users\CAIHUI\MicroEra-Wiki-MVP-new\backend\data\zaozhi\CN202111368937.0_一种吡咯吡啶激酶抑制剂关键中间体的合成方法.pdf","zaozhi/CN202111368937.0_一种吡咯吡啶激酶抑制剂关键中间体的合成方法.pdf","CN202111368937.0_一种吡咯吡啶激酶抑制剂关键中间体的合成方法.pdf",".pdf",503817,f2497baff23bd139fbfe9f3849bf5cbd919a98fd619f9fe7211f553313c5cf82,application/pdf,182,0.5,"fuzzy_title_low",documents/f2497baff23bd139fbfe9f3849bf5cbd919a98fd619f9fe7211f553313c5cf82.pdf,0,,AUTO
"C:\Users\CAIHUI\MicroEra-Wiki-MVP-new\backend\data\zaozhi\CN202111368937.0_一种吡咯吡啶激酶抑制剂关键中间体的合成方法.pdf","zaozhi/CN202111368937.0_一种吡咯吡啶激酶抑制剂关键中间体的合成方法.pdf","CN202111368937.0_一种吡咯吡啶激酶抑制剂关键中间体的合成方法.pdf",".pdf",503817,f2497baff23bd139fbfe9f3849bf5cbd919a98fd619f9fe7211f553313c5cf82,application/pdf,183,0.5,"fuzzy_title_low",documents/f2497baff23bd139fbfe9f3849bf5cbd919a98fd619f9fe7211f553313c5cf82.pdf,0,,AUTO
"C:\Users\CAIHUI\MicroEra-Wiki-MVP-new\backend\data\zaozhi\CN202111478797.2_一种纯呋喃基聚合物膜材料及其在锂电池中的应用.pdf","zaozhi/CN202111478797.2_一种纯呋喃基聚合物膜材料及其在锂电池中的应用.pdf","CN202111478797.2_一种纯呋喃基聚合物膜材料及其在锂电池中的应用.pdf",".pdf",642482,39b7e9fe5c948a0c4a6256ff6a0a82b4e1921c62c2cc4a8d21ee269e35faa3ce,application/pdf,204,0.98,"exact_title",documents/39b7e9fe5c948a0c4a6256ff6a0a82b4e1921c62c2cc4a8d21ee269e35faa3ce.pdf,0,,AUTO
"C:\Users\CAIHUI\MicroEra-Wiki-MVP-new\backend\data\zaozhi\CN202111478797.2_一种纯呋喃基聚合物膜材料及其在锂电池中的应用.pdf","zaozhi/CN202111478797.2_一种纯呋喃基聚合物膜材料及其在锂电池中的应用.pdf","CN202111478797.2_一种纯呋喃基聚合物膜材料及其在锂电池中的应用.pdf",".pdf",642482,39b7e9fe5c948a0c4a6256ff6a0a82b4e1921c62c2cc4a8d21ee269e35faa3ce,application/pdf,198,0.5,"fuzzy_title_low",documents/39b7e9fe5c948a0c4a6256ff6a0a82b4e1921c62c2cc4a8d21ee269e35faa3ce.pdf,0,,AUTO
"C:\Users\CAIHUI\MicroEra-Wiki-MVP-new\backend\data\zaozhi\CN202111478797.2_一种纯呋喃基聚合物膜材料及其在锂电池中的应用.pdf","zaozhi/CN202111478797.2_一种纯呋喃基聚合物膜材料及其在锂电池中的应用.pdf","CN202111478797.2_一种纯呋喃基聚合物膜材料及其在锂电池中的应用.pdf",".pdf",642482,39b7e9fe5c948a0c4a6256ff6a0a82b4e1921c62c2cc4a8d21ee269e35faa3ce,application/pdf,199,0.5,"fuzzy_title_low",documents/39b7e9fe5c948a0c4a6256ff6a0a82b4e1921c62c2cc4a8d21ee269e35faa3ce.pdf,0,,AUTO
"C:\Users\CAIHUI\MicroEra-Wiki-MVP-new\backend\data\zaozhi\CN202210424424.5_一种由5-羟甲基糠醛制备2,5-呋喃二甲酸的生产方法.pdf","zaozhi/CN202210424424.5_一种由5-羟甲基糠醛制备2,5-呋喃二甲酸的生产方法.pdf","CN202210424424.5_一种由5-羟甲基糠醛制备2,5-呋喃二甲酸的生产方法.pdf",".pdf",291093,4dfe152059fd46f0a2192e6c8388929a6e2113577b591221dffc0dceba27dc94,application/pdf,205,0.98,"exact_title",documents/4dfe152059fd46f0a2192e6c8388929a6e2113577b591221dffc0dceba27dc94.pdf,0,,AUTO
"C:\Users\CAIHUI\MicroEra-Wiki-MVP-new\backend\data\zaozhi\CN202210424424.5_一种由5-羟甲基糠醛制备2,5-呋喃二甲酸的生产方法.pdf","zaozhi/CN202210424424.5_一种由5-羟甲基糠醛制备2,5-呋喃二甲酸的生产方法.pdf","CN202210424424.5_一种由5-羟甲基糠醛制备2,5-呋喃二甲酸的生产方法.pdf",".pdf",291093,4dfe152059fd46f0a2192e6c8388929a6e2113577b591221dffc0dceba27dc94,application/pdf,190,0.65,"fuzzy_title",documents/4dfe152059fd46f0a2192e6c8388929a6e2113577b591221dffc0dceba27dc94.pdf,0,,AUTO
"C:\Users\CAIHUI\MicroEra-Wiki-MVP-new\backend\data\zaozhi\CN202210424424.5_一种由5-羟甲基糠醛制备2,5-呋喃二甲酸的生产方法.pdf","zaozhi/CN202210424424.5_一种由5-羟甲基糠醛制备2,5-呋喃二甲酸的生产方法.pdf","CN202210424424.5_一种由5-羟甲基糠醛制备2,5-呋喃二甲酸的生产方法.pdf",".pdf",291093,4dfe152059fd46f0a2192e6c8388929a6e2113577b591221dffc0dceba27dc94,application/pdf,134,0.5,"fuzzy_title_low",documents/4dfe152059fd46f0a2192e6c8388929a6e2113577b591221dffc0dceba27dc94.pdf,0,,AUTO
"C:\Users\CAIHUI\MicroEra-Wiki-MVP-new\backend\data\zaozhi\CN202210424424.5_一种由5-羟甲基糠醛制备2,5-呋喃二甲酸的生产方法.pdf","zaozhi/CN202210424424.5_一种由5-羟甲基糠醛制备2,5-呋喃二甲酸的生产方法.pdf","CN202210424424.5_一种由5-羟甲基糠醛制备2,5-呋喃二甲酸的生产方法.pdf",".pdf",291093,4dfe152059fd46f0a2192e6c8388929a6e2113577b591221dffc0dceba27dc94,application/pdf,135,0.5,"fuzzy_title_low",documents/4dfe152059fd46f0a2192e6c8388929a6e2113577b591221dffc0dceba27dc94.pdf,0,,AUTO
"C:\Users\CAIHUI\MicroEra-Wiki-MVP-new\backend\data\zaozhi\CN202210424424.5_一种由5-羟甲基糠醛制备2,5-呋喃二甲酸的生产方法.pdf","zaozhi/CN202210424424.5_一种由5-羟甲基糠醛制备2,5-呋喃二甲酸的生产方法.pdf","CN202210424424.5_一种由5-羟甲基糠醛制备2,5-呋喃二甲酸的生产方法.pdf",".pdf",291093,4dfe152059fd46f0a2192e6c8388929a6e2113577b591221dffc0dceba27dc94,application/pdf,136,0.5,"fuzzy_title_low",documents/4dfe152059fd46f0a2192e6c8388929a6e2113577b591221dffc0dceba27dc94.pdf,0,,AUTO
"C:\Users\CAIHUI\MicroEra-Wiki-MVP-new\backend\data\zaozhi\CN202210424424.5_一种由5-羟甲基糠醛制备2,5-呋喃二甲酸的生产方法.pdf","zaozhi/CN202210424424.5_一种由5-羟甲基糠醛制备2,5-呋喃二甲酸的生产方法.pdf","CN202210424424.5_一种由5-羟甲基糠醛制备2,5-呋喃二甲酸的生产方法.pdf",".pdf",291093,4dfe152059fd46f0a2192e6c8388929a6e2113577b591221dffc0dceba27dc94,application/pdf,137,0.5,"fuzzy_title_low",documents/4dfe152059fd46f0a2192e6c8388929a6e2113577b591221dffc0dceba27dc94.pdf,0,,AUTO
"C:\Users\CAIHUI\MicroEra-Wiki-MVP-new\backend\data\zaozhi\CN202210424424.5_一种由5-羟甲基糠醛制备2,5-呋喃二甲酸的生产方法.pdf","zaozhi/CN202210424424.5_一种由5-羟甲基糠醛制备2,5-呋喃二甲酸的生产方法.pdf","CN202210424424.5_一种由5-羟甲基糠醛制备2,5-呋喃二甲酸的生产方法.pdf",".pdf",291093,4dfe152059fd46f0a2192e6c8388929a6e2113577b591221dffc0dceba27dc94,application/pdf,142,0.5,"fuzzy_title_low",documents/4dfe152059fd46f0a2192e6c8388929a6e2113577b591221dffc0dceba27dc94.pdf,0,,AUTO
"C:\Users\CAIHUI\MicroEra-Wiki-MVP-new\backend\data\zaozhi\CN202210424424.5_一种由5-羟甲基糠醛制备2,5-呋喃二甲酸的生产方法.pdf","zaozhi/CN202210424424.5_一种由5-羟甲基糠醛制备2,5-呋喃二甲酸的生产方法.pdf","CN202210424424.5_一种由5-羟甲基糠醛制备2,5-呋喃二甲酸的生产方法.pdf",".pdf",291093,4dfe152059fd46f0a2192e6c8388929a6e2113577b591221dffc0dceba27dc94,application/pdf,177,0.5,"fuzzy_title_low",documents/4dfe152059fd46f0a2192e6c8388929a6e2113577b591221dffc0dceba27dc94.pdf,0,,AUTO
"C:\Users\CAIHUI\MicroEra-Wiki-MVP-new\backend\data\zaozhi\CN202210424424.5_一种由5-羟甲基糠醛制备2,5-呋喃二甲酸的生产方法.pdf","zaozhi/CN202210424424.5_一种由5-羟甲基糠醛制备2,5-呋喃二甲酸的生产方法.pdf","CN202210424424.5_一种由5-羟甲基糠醛制备2,5-呋喃二甲酸的生产方法.pdf",".pdf",291093,4dfe152059fd46f0a2192e6c8388929a6e2113577b591221dffc0dceba27dc94,application/pdf,178,0.5,"fuzzy_title_low",documents/4dfe152059fd46f0a2192e6c8388929a6e2113577b591221dffc0dceba27dc94.pdf,0,,AUTO
"C:\Users\CAIHUI\MicroEra-Wiki-MVP-new\backend\data\zaozhi\CN202210424424.5_一种由5-羟甲基糠醛制备2,5-呋喃二甲酸的生产方法.pdf","zaozhi/CN202210424424.5_一种由5-羟甲基糠醛制备2,5-呋喃二甲酸的生产方法.pdf","CN202210424424.5_一种由5-羟甲基糠醛制备2,5-呋喃二甲酸的生产方法.pdf",".pdf",291093,4dfe152059fd46f0a2192e6c8388929a6e2113577b591221dffc0dceba27dc94,application/pdf,179,0.5,"fuzzy_title_low",documents/4dfe152059fd46f0a2192e6c8388929a6e2113577b591221dffc0dceba27dc94.pdf,0,,AUTO
"C:\Users\CAIHUI\MicroEra-Wiki-MVP-new\backend\data\zaozhi\CN202210424424.5_一种由5-羟甲基糠醛制备2,5-呋喃二甲酸的生产方法.pdf","zaozhi/CN202210424424.5_一种由5-羟甲基糠醛制备2,5-呋喃二甲酸的生产方法.pdf","CN202210424424.5_一种由5-羟甲基糠醛制备2,5-呋喃二甲酸的生产方法.pdf",".pdf",291093,4dfe152059fd46f0a2192e6c8388929a6e2113577b591221dffc0dceba27dc94,application/pdf,180,0.5,"fuzzy_title_low",documents/4dfe152059fd46f0a2192e6c8388929a6e2113577b591221dffc0dceba27dc94.pdf,0,,AUTO
"C:\Users\CAIHUI\MicroEra-Wiki-MVP-new\backend\data\zaozhi\CN202210424424.5_一种由5-羟甲基糠醛制备2,5-呋喃二甲酸的生产方法.pdf","zaozhi/CN202210424424.5_一种由5-羟甲基糠醛制备2,5-呋喃二甲酸的生产方法.pdf","CN202210424424.5_一种由5-羟甲基糠醛制备2,5-呋喃二甲酸的生产方法.pdf",".pdf",291093,4dfe152059fd46f0a2192e6c8388929a6e2113577b591221dffc0dceba27dc94,application/pdf,185,0.5,"fuzzy_title_low",documents/4dfe152059fd46f0a2192e6c8388929a6e2113577b591221dffc0dceba27dc94.pdf,0,,AUTO
"C:\Users\CAIHUI\MicroEra-Wiki-MVP-new\backend\data\zaozhi\CN202210424424.5_一种由5-羟甲基糠醛制备2,5-呋喃二甲酸的生产方法.pdf","zaozhi/CN202210424424.5_一种由5-羟甲基糠醛制备2,5-呋喃二甲酸的生产方法.pdf","CN202210424424.5_一种由5-羟甲基糠醛制备2,5-呋喃二甲酸的生产方法.pdf",".pdf",291093,4dfe152059fd46f0a2192e6c8388929a6e2113577b591221dffc0dceba27dc94,application/pdf,197,0.5,"fuzzy_title_low",documents/4dfe152059fd46f0a2192e6c8388929a6e2113577b591221dffc0dceba27dc94.pdf,0,,AUTO
"C:\Users\CAIHUI\MicroEra-Wiki-MVP-new\backend\data\zaozhi\CN202210424424.5_一种由5-羟甲基糠醛制备2,5-呋喃二甲酸的生产方法.pdf","zaozhi/CN202210424424.5_一种由5-羟甲基糠醛制备2,5-呋喃二甲酸的生产方法.pdf","CN202210424424.5_一种由5-羟甲基糠醛制备2,5-呋喃二甲酸的生产方法.pdf",".pdf",291093,4dfe152059fd46f0a2192e6c8388929a6e2113577b591221dffc0dceba27dc94,application/pdf,206,0.5,"fuzzy_title_low",documents/4dfe152059fd46f0a2192e6c8388929a6e2113577b591221dffc0dceba27dc94.pdf,0,,AUTO
"C:\Users\CAIHUI\MicroEra-Wiki-MVP-new\backend\data\zaozhi\CN202210424424.5_一种由5-羟甲基糠醛制备2,5-呋喃二甲酸的生产方法.pdf","zaozhi/CN202210424424.5_一种由5-羟甲基糠醛制备2,5-呋喃二甲酸的生产方法.pdf","CN202210424424.5_一种由5-羟甲基糠醛制备2,5-呋喃二甲酸的生产方法.pdf",".pdf",291093,4dfe152059fd46f0a2192e6c8388929a6e2113577b591221dffc0dceba27dc94,application/pdf,207,0.5,"fuzzy_title_low",documents/4dfe152059fd46f0a2192e6c8388929a6e2113577b591221dffc0dceba27dc94.pdf,0,,AUTO
"C:\Users\CAIHUI\MicroEra-Wiki-MVP-new\backend\data\zaozhi\CN202210424424.5_一种由5-羟甲基糠醛制备2,5-呋喃二甲酸的生产方法.pdf","zaozhi/CN202210424424.5_一种由5-羟甲基糠醛制备2,5-呋喃二甲酸的生产方法.pdf","CN202210424424.5_一种由5-羟甲基糠醛制备2,5-呋喃二甲酸的生产方法.pdf",".pdf",291093,4dfe152059fd46f0a2192e6c8388929a6e2113577b591221dffc0dceba27dc94,application/pdf,209,0.5,"fuzzy_title_low",documents/4dfe152059fd46f0a2192e6c8388929a6e2113577b591221dffc0dceba27dc94.pdf,0,,AUTO
"C:\Users\CAIHUI\MicroEra-Wiki-MVP-new\backend\data\zaozhi\CN202210424424.5_一种由5-羟甲基糠醛制备2,5-呋喃二甲酸的生产方法.pdf","zaozhi/CN202210424424.5_一种由5-羟甲基糠醛制备2,5-呋喃二甲酸的生产方法.pdf","CN202210424424.5_一种由5-羟甲基糠醛制备2,5-呋喃二甲酸的生产方法.pdf",".pdf",291093,4dfe152059fd46f0a2192e6c8388929a6e2113577b591221dffc0dceba27dc94,application/pdf,210,0.5,"fuzzy_title_low",documents/4dfe152059fd46f0a2192e6c8388929a6e2113577b591221dffc0dceba27dc94.pdf,0,,AUTO
"C:\Users\CAIHUI\MicroEra-Wiki-MVP-new\backend\data\zaozhi\CN202210424424.5_一种由5-羟甲基糠醛制备2,5-呋喃二甲酸的生产方法.pdf","zaozhi/CN202210424424.5_一种由5-羟甲基糠醛制备2,5-呋喃二甲酸的生产方法.pdf","CN202210424424.5_一种由5-羟甲基糠醛制备2,5-呋喃二甲酸的生产方法.pdf",".pdf",291093,4dfe152059fd46f0a2192e6c8388929a6e2113577b591221dffc0dceba27dc94,application/pdf,211,0.5,"fuzzy_title_low",documents/4dfe152059fd46f0a2192e6c8388929a6e2113577b591221dffc0dceba27dc94.pdf,0,,AUTO
"C:\Users\CAIHUI\MicroEra-Wiki-MVP-new\backend\data\zaozhi\CN202210424424.5_一种由5-羟甲基糠醛制备2,5-呋喃二甲酸的生产方法.pdf","zaozhi/CN202210424424.5_一种由5-羟甲基糠醛制备2,5-呋喃二甲酸的生产方法.pdf","CN202210424424.5_一种由5-羟甲基糠醛制备2,5-呋喃二甲酸的生产方法.pdf",".pdf",291093,4dfe152059fd46f0a2192e6c8388929a6e2113577b591221dffc0dceba27dc94,application/pdf,212,0.5,"fuzzy_title_low",documents/4dfe152059fd46f0a2192e6c8388929a6e2113577b591221dffc0dceba27dc94.pdf,0,,AUTO
"C:\Users\CAIHUI\MicroEra-Wiki-MVP-new\backend\data\zaozhi\CN202210424424.5_一种由5-羟甲基糠醛制备2,5-呋喃二甲酸的生产方法.pdf","zaozhi/CN202210424424.5_一种由5-羟甲基糠醛制备2,5-呋喃二甲酸的生产方法.pdf","CN202210424424.5_一种由5-羟甲基糠醛制备2,5-呋喃二甲酸的生产方法.pdf",".pdf",291093,4dfe152059fd46f0a2192e6c8388929a6e2113577b591221dffc0dceba27dc94,application/pdf,213,0.5,"fuzzy_title_low",documents/4dfe152059fd46f0a2192e6c8388929a6e2113577b591221dffc0dceba27dc94.pdf,0,,AUTO
"C:\Users\CAIHUI\MicroEra-Wiki-MVP-new\backend\data\zaozhi\CN202210424424.5_一种由5-羟甲基糠醛制备2,5-呋喃二甲酸的生产方法.pdf","zaozhi/CN202210424424.5_一种由5-羟甲基糠醛制备2,5-呋喃二甲酸的生产方法.pdf","CN202210424424.5_一种由5-羟甲基糠醛制备2,5-呋喃二甲酸的生产方法.pdf",".pdf",291093,4dfe152059fd46f0a2192e6c8388929a6e2113577b591221dffc0dceba27dc94,application/pdf,215,0.5,"fuzzy_title_low",documents/4dfe152059fd46f0a2192e6c8388929a6e2113577b591221dffc0dceba27dc94.pdf,0,,AUTO
"C:\Users\CAIHUI\MicroEra-Wiki-MVP-new\backend\data\zaozhi\CN202210424424.5_一种由5-羟甲基糠醛制备2,5-呋喃二甲酸的生产方法.pdf","zaozhi/CN202210424424.5_一种由5-羟甲基糠醛制备2,5-呋喃二甲酸的生产方法.pdf","CN202210424424.5_一种由5-羟甲基糠醛制备2,5-呋喃二甲酸的生产方法.pdf",".pdf",291093,4dfe152059fd46f0a2192e6c8388929a6e2113577b591221dffc0dceba27dc94,application/pdf,216,0.5,"fuzzy_title_low",documents/4dfe152059fd46f0a2192e6c8388929a6e2113577b591221dffc0dceba27dc94.pdf,0,,AUTO
"C:\Users\CAIHUI\MicroEra-Wiki-MVP-new\backend\data\zaozhi\CN202210424424.5_一种由5-羟甲基糠醛制备2,5-呋喃二甲酸的生产方法.pdf","zaozhi/CN202210424424.5_一种由5-羟甲基糠醛制备2,5-呋喃二甲酸的生产方法.pdf","CN202210424424.5_一种由5-羟甲基糠醛制备2,5-呋喃二甲酸的生产方法.pdf",".pdf",291093,4dfe152059fd46f0a2192e6c8388929a6e2113577b591221dffc0dceba27dc94,application/pdf,351,0.5,"fuzzy_title_low",documents/4dfe152059fd46f0a2192e6c8388929a6e2113577b591221dffc0dceba27dc94.pdf,0,,AUTO
"C:\Users\CAIHUI\MicroEra-Wiki-MVP-new\backend\data\zaozhi\CN202210424424.5_一种由5-羟甲基糠醛制备2,5-呋喃二甲酸的生产方法.pdf","zaozhi/CN202210424424.5_一种由5-羟甲基糠醛制备2,5-呋喃二甲酸的生产方法.pdf","CN202210424424.5_一种由5-羟甲基糠醛制备2,5-呋喃二甲酸的生产方法.pdf",".pdf",291093,4dfe152059fd46f0a2192e6c8388929a6e2113577b591221dffc0dceba27dc94,application/pdf,355,0.5,"fuzzy_title_low",documents/4dfe152059fd46f0a2192e6c8388929a6e2113577b591221dffc0dceba27dc94.pdf,0,,AUTO
"C:\Users\CAIHUI\MicroEra-Wiki-MVP-new\backend\data\zaozhi\CN202210493713.0_一种高纯度5-羟甲基糠醛的制备方法.pdf","zaozhi/CN202210493713.0_一种高纯度5-羟甲基糠醛的制备方法.pdf","CN202210493713.0_一种高纯度5-羟甲基糠醛的制备方法.pdf",".pdf",265200,27e569dd2542a82818395b2ed2d288b18e74640573119a99a795b4cb29eb2e72,application/pdf,206,0.98,"exact_title",documents/27e569dd2542a82818395b2ed2d288b18e74640573119a99a795b4cb29eb2e72.pdf,0,,AUTO
"C:\Users\CAIHUI\MicroEra-Wiki-MVP-new\backend\data\zaozhi\CN202210493713.0_一种高纯度5-羟甲基糠醛的制备方法.pdf","zaozhi/CN202210493713.0_一种高纯度5-羟甲基糠醛的制备方法.pdf","CN202210493713.0_一种高纯度5-羟甲基糠醛的制备方法.pdf",".pdf",265200,27e569dd2542a82818395b2ed2d288b18e74640573119a99a795b4cb29eb2e72,application/pdf,142,0.65,"fuzzy_title",documents/27e569dd2542a82818395b2ed2d288b18e74640573119a99a795b4cb29eb2e72.pdf,0,,AUTO
"C:\Users\CAIHUI\MicroEra-Wiki-MVP-new\backend\data\zaozhi\CN202210493713.0_一种高纯度5-羟甲基糠醛的制备方法.pdf","zaozhi/CN202210493713.0_一种高纯度5-羟甲基糠醛的制备方法.pdf","CN202210493713.0_一种高纯度5-羟甲基糠醛的制备方法.pdf",".pdf",265200,27e569dd2542a82818395b2ed2d288b18e74640573119a99a795b4cb29eb2e72,application/pdf,185,0.65,"fuzzy_title",documents/27e569dd2542a82818395b2ed2d288b18e74640573119a99a795b4cb29eb2e72.pdf,0,,AUTO
"C:\Users\CAIHUI\MicroEra-Wiki-MVP-new\backend\data\zaozhi\CN202210493713.0_一种高纯度5-羟甲基糠醛的制备方法.pdf","zaozhi/CN202210493713.0_一种高纯度5-羟甲基糠醛的制备方法.pdf","CN202210493713.0_一种高纯度5-羟甲基糠醛的制备方法.pdf",".pdf",265200,27e569dd2542a82818395b2ed2d288b18e74640573119a99a795b4cb29eb2e72,application/pdf,209,0.65,"fuzzy_title",documents/27e569dd2542a82818395b2ed2d288b18e74640573119a99a795b4cb29eb2e72.pdf,0,,AUTO
"C:\Users\CAIHUI\MicroEra-Wiki-MVP-new\backend\data\zaozhi\CN202210493713.0_一种高纯度5-羟甲基糠醛的制备方法.pdf","zaozhi/CN202210493713.0_一种高纯度5-羟甲基糠醛的制备方法.pdf","CN202210493713.0_一种高纯度5-羟甲基糠醛的制备方法.pdf",".pdf",265200,27e569dd2542a82818395b2ed2d288b18e74640573119a99a795b4cb29eb2e72,application/pdf,210,0.65,"fuzzy_title",documents/27e569dd2542a82818395b2ed2d288b18e74640573119a99a795b4cb29eb2e72.pdf,0,,AUTO
"C:\Users\CAIHUI\MicroEra-Wiki-MVP-new\backend\data\zaozhi\CN202210493713.0_一种高纯度5-羟甲基糠醛的制备方法.pdf","zaozhi/CN202210493713.0_一种高纯度5-羟甲基糠醛的制备方法.pdf","CN202210493713.0_一种高纯度5-羟甲基糠醛的制备方法.pdf",".pdf",265200,27e569dd2542a82818395b2ed2d288b18e74640573119a99a795b4cb29eb2e72,application/pdf,216,0.65,"fuzzy_title",documents/27e569dd2542a82818395b2ed2d288b18e74640573119a99a795b4cb29eb2e72.pdf,0,,AUTO
"C:\Users\CAIHUI\MicroEra-Wiki-MVP-new\backend\data\zaozhi\CN202210493713.0_一种高纯度5-羟甲基糠醛的制备方法.pdf","zaozhi/CN202210493713.0_一种高纯度5-羟甲基糠醛的制备方法.pdf","CN202210493713.0_一种高纯度5-羟甲基糠醛的制备方法.pdf",".pdf",265200,27e569dd2542a82818395b2ed2d288b18e74640573119a99a795b4cb29eb2e72,application/pdf,134,0.5,"fuzzy_title_low",documents/27e569dd2542a82818395b2ed2d288b18e74640573119a99a795b4cb29eb2e72.pdf,0,,AUTO
"C:\Users\CAIHUI\MicroEra-Wiki-MVP-new\backend\data\zaozhi\CN202210493713.0_一种高纯度5-羟甲基糠醛的制备方法.pdf","zaozhi/CN202210493713.0_一种高纯度5-羟甲基糠醛的制备方法.pdf","CN202210493713.0_一种高纯度5-羟甲基糠醛的制备方法.pdf",".pdf",265200,27e569dd2542a82818395b2ed2d288b18e74640573119a99a795b4cb29eb2e72,application/pdf,136,0.5,"fuzzy_title_low",documents/27e569dd2542a82818395b2ed2d288b18e74640573119a99a795b4cb29eb2e72.pdf,0,,AUTO
"C:\Users\CAIHUI\MicroEra-Wiki-MVP-new\backend\data\zaozhi\CN202210493713.0_一种高纯度5-羟甲基糠醛的制备方法.pdf","zaozhi/CN202210493713.0_一种高纯度5-羟甲基糠醛的制备方法.pdf","CN202210493713.0_一种高纯度5-羟甲基糠醛的制备方法.pdf",".pdf",265200,27e569dd2542a82818395b2ed2d288b18e74640573119a99a795b4cb29eb2e72,application/pdf,177,0.5,"fuzzy_title_low",documents/27e569dd2542a82818395b2ed2d288b18e74640573119a99a795b4cb29eb2e72.pdf,0,,AUTO
"C:\Users\CAIHUI\MicroEra-Wiki-MVP-new\backend\data\zaozhi\CN202210493713.0_一种高纯度5-羟甲基糠醛的制备方法.pdf","zaozhi/CN202210493713.0_一种高纯度5-羟甲基糠醛的制备方法.pdf","CN202210493713.0_一种高纯度5-羟甲基糠醛的制备方法.pdf",".pdf",265200,27e569dd2542a82818395b2ed2d288b18e74640573119a99a795b4cb29eb2e72,application/pdf,179,0.5,"fuzzy_title_low",documents/27e569dd2542a82818395b2ed2d288b18e74640573119a99a795b4cb29eb2e72.pdf,0,,AUTO
"C:\Users\CAIHUI\MicroEra-Wiki-MVP-new\backend\data\zaozhi\CN202210493713.0_一种高纯度5-羟甲基糠醛的制备方法.pdf","zaozhi/CN202210493713.0_一种高纯度5-羟甲基糠醛的制备方法.pdf","CN202210493713.0_一种高纯度5-羟甲基糠醛的制备方法.pdf",".pdf",265200,27e569dd2542a82818395b2ed2d288b18e74640573119a99a795b4cb29eb2e72,application/pdf,190,0.5,"fuzzy_title_low",documents/27e569dd2542a82818395b2ed2d288b18e74640573119a99a795b4cb29eb2e72.pdf,0,,AUTO
"C:\Users\CAIHUI\MicroEra-Wiki-MVP-new\backend\data\zaozhi\CN202210493713.0_一种高纯度5-羟甲基糠醛的制备方法.pdf","zaozhi/CN202210493713.0_一种高纯度5-羟甲基糠醛的制备方法.pdf","CN202210493713.0_一种高纯度5-羟甲基糠醛的制备方法.pdf",".pdf",265200,27e569dd2542a82818395b2ed2d288b18e74640573119a99a795b4cb29eb2e72,application/pdf,197,0.5,"fuzzy_title_low",documents/27e569dd2542a82818395b2ed2d288b18e74640573119a99a795b4cb29eb2e72.pdf,0,,AUTO
"C:\Users\CAIHUI\MicroEra-Wiki-MVP-new\backend\data\zaozhi\CN202210493713.0_一种高纯度5-羟甲基糠醛的制备方法.pdf","zaozhi/CN202210493713.0_一种高纯度5-羟甲基糠醛的制备方法.pdf","CN202210493713.0_一种高纯度5-羟甲基糠醛的制备方法.pdf",".pdf",265200,27e569dd2542a82818395b2ed2d288b18e74640573119a99a795b4cb29eb2e72,application/pdf,201,0.5,"fuzzy_title_low",documents/27e569dd2542a82818395b2ed2d288b18e74640573119a99a795b4cb29eb2e72.pdf,0,,AUTO
"C:\Users\CAIHUI\MicroEra-Wiki-MVP-new\backend\data\zaozhi\CN202210493713.0_一种高纯度5-羟甲基糠醛的制备方法.pdf","zaozhi/CN202210493713.0_一种高纯度5-羟甲基糠醛的制备方法.pdf","CN202210493713.0_一种高纯度5-羟甲基糠醛的制备方法.pdf",".pdf",265200,27e569dd2542a82818395b2ed2d288b18e74640573119a99a795b4cb29eb2e72,application/pdf,205,0.5,"fuzzy_title_low",documents/27e569dd2542a82818395b2ed2d288b18e74640573119a99a795b4cb29eb2e72.pdf,0,,AUTO
"C:\Users\CAIHUI\MicroEra-Wiki-MVP-new\backend\data\zaozhi\CN202210493713.0_一种高纯度5-羟甲基糠醛的制备方法.pdf","zaozhi/CN202210493713.0_一种高纯度5-羟甲基糠醛的制备方法.pdf","CN202210493713.0_一种高纯度5-羟甲基糠醛的制备方法.pdf",".pdf",265200,27e569dd2542a82818395b2ed2d288b18e74640573119a99a795b4cb29eb2e72,application/pdf,211,0.5,"fuzzy_title_low",documents/27e569dd2542a82818395b2ed2d288b18e74640573119a99a795b4cb29eb2e72.pdf,0,,AUTO
"C:\Users\CAIHUI\MicroEra-Wiki-MVP-new\backend\data\zaozhi\CN202210493713.0_一种高纯度5-羟甲基糠醛的制备方法.pdf","zaozhi/CN202210493713.0_一种高纯度5-羟甲基糠醛的制备方法.pdf","CN202210493713.0_一种高纯度5-羟甲基糠醛的制备方法.pdf",".pdf",265200,27e569dd2542a82818395b2ed2d288b18e74640573119a99a795b4cb29eb2e72,application/pdf,367,0.5,"fuzzy_title_low",documents/27e569dd2542a82818395b2ed2d288b18e74640573119a99a795b4cb29eb2e72.pdf,0,,AUTO
"C:\Users\CAIHUI\MicroEra-Wiki-MVP-new\backend\data\zaozhi\CN202210877671.0_一种无金属催化果糖一锅法制备呋喃二甲酸的方法.pdf","zaozhi/CN202210877671.0_一种无金属催化果糖一锅法制备呋喃二甲酸的方法.pdf","CN202210877671.0_一种无金属催化果糖一锅法制备呋喃二甲酸的方法.pdf",".pdf",393808,621cf6b2a3b1026c1a12d8a9cbf0a45e5bafd32ec16bd91c49e63af32fd01e41,application/pdf,207,0.98,"exact_title",documents/621cf6b2a3b1026c1a12d8a9cbf0a45e5bafd32ec16bd91c49e63af32fd01e41.pdf,0,,AUTO
"C:\Users\CAIHUI\MicroEra-Wiki-MVP-new\backend\data\zaozhi\CN202210877671.0_一种无金属催化果糖一锅法制备呋喃二甲酸的方法.pdf","zaozhi/CN202210877671.0_一种无金属催化果糖一锅法制备呋喃二甲酸的方法.pdf","CN202210877671.0_一种无金属催化果糖一锅法制备呋喃二甲酸的方法.pdf",".pdf",393808,621cf6b2a3b1026c1a12d8a9cbf0a45e5bafd32ec16bd91c49e63af32fd01e41,application/pdf,134,0.5,"fuzzy_title_low",documents/621cf6b2a3b1026c1a12d8a9cbf0a45e5bafd32ec16bd91c49e63af32fd01e41.pdf,0,,AUTO
"C:\Users\CAIHUI\MicroEra-Wiki-MVP-new\backend\data\zaozhi\CN202210877671.0_一种无金属催化果糖一锅法制备呋喃二甲酸的方法.pdf","zaozhi/CN202210877671.0_一种无金属催化果糖一锅法制备呋喃二甲酸的方法.pdf","CN202210877671.0_一种无金属催化果糖一锅法制备呋喃二甲酸的方法.pdf",".pdf",393808,621cf6b2a3b1026c1a12d8a9cbf0a45e5bafd32ec16bd91c49e63af32fd01e41,application/pdf,135,0.5,"fuzzy_title_low",documents/621cf6b2a3b1026c1a12d8a9cbf0a45e5bafd32ec16bd91c49e63af32fd01e41.pdf,0,,AUTO
"C:\Users\CAIHUI\MicroEra-Wiki-MVP-new\backend\data\zaozhi\CN202210877671.0_一种无金属催化果糖一锅法制备呋喃二甲酸的方法.pdf","zaozhi/CN202210877671.0_一种无金属催化果糖一锅法制备呋喃二甲酸的方法.pdf","CN202210877671.0_一种无金属催化果糖一锅法制备呋喃二甲酸的方法.pdf",".pdf",393808,621cf6b2a3b1026c1a12d8a9cbf0a45e5bafd32ec16bd91c49e63af32fd01e41,application/pdf,136,0.5,"fuzzy_title_low",documents/621cf6b2a3b1026c1a12d8a9cbf0a45e5bafd32ec16bd91c49e63af32fd01e41.pdf,0,,AUTO
"C:\Users\CAIHUI\MicroEra-Wiki-MVP-new\backend\data\zaozhi\CN202210877671.0_一种无金属催化果糖一锅法制备呋喃二甲酸的方法.pdf","zaozhi/CN202210877671.0_一种无金属催化果糖一锅法制备呋喃二甲酸的方法.pdf","CN202210877671.0_一种无金属催化果糖一锅法制备呋喃二甲酸的方法.pdf",".pdf",393808,621cf6b2a3b1026c1a12d8a9cbf0a45e5bafd32ec16bd91c49e63af32fd01e41,application/pdf,177,0.5,"fuzzy_title_low",documents/621cf6b2a3b1026c1a12d8a9cbf0a45e5bafd32ec16bd91c49e63af32fd01e41.pdf,0,,AUTO
"C:\Users\CAIHUI\MicroEra-Wiki-MVP-new\backend\data\zaozhi\CN202210877671.0_一种无金属催化果糖一锅法制备呋喃二甲酸的方法.pdf","zaozhi/CN202210877671.0_一种无金属催化果糖一锅法制备呋喃二甲酸的方法.pdf","CN202210877671.0_一种无金属催化果糖一锅法制备呋喃二甲酸的方法.pdf",".pdf",393808,621cf6b2a3b1026c1a12d8a9cbf0a45e5bafd32ec16bd91c49e63af32fd01e41,application/pdf,178,0.5,"fuzzy_title_low",documents/621cf6b2a3b1026c1a12d8a9cbf0a45e5bafd32ec16bd91c49e63af32fd01e41.pdf,0,,AUTO
"C:\Users\CAIHUI\MicroEra-Wiki-MVP-new\backend\data\zaozhi\CN202210877671.0_一种无金属催化果糖一锅法制备呋喃二甲酸的方法.pdf","zaozhi/CN202210877671.0_一种无金属催化果糖一锅法制备呋喃二甲酸的方法.pdf","CN202210877671.0_一种无金属催化果糖一锅法制备呋喃二甲酸的方法.pdf",".pdf",393808,621cf6b2a3b1026c1a12d8a9cbf0a45e5bafd32ec16bd91c49e63af32fd01e41,application/pdf,179,0.5,"fuzzy_title_low",documents/621cf6b2a3b1026c1a12d8a9cbf0a45e5bafd32ec16bd91c49e63af32fd01e41.pdf,0,,AUTO
"C:\Users\CAIHUI\MicroEra-Wiki-MVP-new\backend\data\zaozhi\CN202210877671.0_一种无金属催化果糖一锅法制备呋喃二甲酸的方法.pdf","zaozhi/CN202210877671.0_一种无金属催化果糖一锅法制备呋喃二甲酸的方法.pdf","CN202210877671.0_一种无金属催化果糖一锅法制备呋喃二甲酸的方法.pdf",".pdf",393808,621cf6b2a3b1026c1a12d8a9cbf0a45e5bafd32ec16bd91c49e63af32fd01e41,application/pdf,190,0.5,"fuzzy_title_low",documents/621cf6b2a3b1026c1a12d8a9cbf0a45e5bafd32ec16bd91c49e63af32fd01e41.pdf,0,,AUTO
"C:\Users\CAIHUI\MicroEra-Wiki-MVP-new\backend\data\zaozhi\CN202210877671.0_一种无金属催化果糖一锅法制备呋喃二甲酸的方法.pdf","zaozhi/CN202210877671.0_一种无金属催化果糖一锅法制备呋喃二甲酸的方法.pdf","CN202210877671.0_一种无金属催化果糖一锅法制备呋喃二甲酸的方法.pdf",".pdf",393808,621cf6b2a3b1026c1a12d8a9cbf0a45e5bafd32ec16bd91c49e63af32fd01e41,application/pdf,205,0.5,"fuzzy_title_low",documents/621cf6b2a3b1026c1a12d8a9cbf0a45e5bafd32ec16bd91c49e63af32fd01e41.pdf,0,,AUTO
"C:\Users\CAIHUI\MicroEra-Wiki-MVP-new\backend\data\zaozhi\CN202210877671.0_一种无金属催化果糖一锅法制备呋喃二甲酸的方法.pdf","zaozhi/CN202210877671.0_一种无金属催化果糖一锅法制备呋喃二甲酸的方法.pdf","CN202210877671.0_一种无金属催化果糖一锅法制备呋喃二甲酸的方法.pdf",".pdf",393808,621cf6b2a3b1026c1a12d8a9cbf0a45e5bafd32ec16bd91c49e63af32fd01e41,application/pdf,215,0.5,"fuzzy_title_low",documents/621cf6b2a3b1026c1a12d8a9cbf0a45e5bafd32ec16bd91c49e63af32fd01e41.pdf,0,,AUTO
"C:\Users\CAIHUI\MicroEra-Wiki-MVP-new\backend\data\zaozhi\CN202210877671.0_一种无金属催化果糖一锅法制备呋喃二甲酸的方法.pdf","zaozhi/CN202210877671.0_一种无金属催化果糖一锅法制备呋喃二甲酸的方法.pdf","CN202210877671.0_一种无金属催化果糖一锅法制备呋喃二甲酸的方法.pdf",".pdf",393808,621cf6b2a3b1026c1a12d8a9cbf0a45e5bafd32ec16bd91c49e63af32fd01e41,application/pdf,355,0.5,"fuzzy_title_low",documents/621cf6b2a3b1026c1a12d8a9cbf0a45e5bafd32ec16bd91c49e63af32fd01e41.pdf,0,,AUTO
"C:\Users\CAIHUI\MicroEra-Wiki-MVP-new\backend\data\zaozhi\CN202211173701.6_法匹拉韦中间体3,6-二氟-2-吡嗪甲腈的制备方法.pdf","zaozhi/CN202211173701.6_法匹拉韦中间体3,6-二氟-2-吡嗪甲腈的制备方法.pdf","CN202211173701.6_法匹拉韦中间体3,6-二氟-2-吡嗪甲腈的制备方法.pdf",".pdf",585137,37a48402a90fa91eb4e71a6351e31fb38b29b3bf8c86daa605bb1fa6b0a39e6e,application/pdf,208,0.98,"exact_title",documents/37a48402a90fa91eb4e71a6351e31fb38b29b3bf8c86daa605bb1fa6b0a39e6e.pdf,0,,AUTO
"C:\Users\CAIHUI\MicroEra-Wiki-MVP-new\backend\data\zaozhi\CN202211414220.X_一种5-羟甲基糠醛的制备方法.pdf","zaozhi/CN202211414220.X_一种5-羟甲基糠醛的制备方法.pdf","CN202211414220.X_一种5-羟甲基糠醛的制备方法.pdf",".pdf",1336702,f78c802e9a03f98a76337b1d58173bbeac361590df342fce546ffbe206743a32,application/pdf,209,0.98,"exact_title",documents/f78c802e9a03f98a76337b1d58173bbeac361590df342fce546ffbe206743a32.pdf,0,,AUTO
"C:\Users\CAIHUI\MicroEra-Wiki-MVP-new\backend\data\zaozhi\CN202211414220.X_一种5-羟甲基糠醛的制备方法.pdf","zaozhi/CN202211414220.X_一种5-羟甲基糠醛的制备方法.pdf","CN202211414220.X_一种5-羟甲基糠醛的制备方法.pdf",".pdf",1336702,f78c802e9a03f98a76337b1d58173bbeac361590df342fce546ffbe206743a32,application/pdf,142,0.65,"fuzzy_title",documents/f78c802e9a03f98a76337b1d58173bbeac361590df342fce546ffbe206743a32.pdf,0,,AUTO
"C:\Users\CAIHUI\MicroEra-Wiki-MVP-new\backend\data\zaozhi\CN202211414220.X_一种5-羟甲基糠醛的制备方法.pdf","zaozhi/CN202211414220.X_一种5-羟甲基糠醛的制备方法.pdf","CN202211414220.X_一种5-羟甲基糠醛的制备方法.pdf",".pdf",1336702,f78c802e9a03f98a76337b1d58173bbeac361590df342fce546ffbe206743a32,application/pdf,185,0.65,"fuzzy_title",documents/f78c802e9a03f98a76337b1d58173bbeac361590df342fce546ffbe206743a32.pdf,0,,AUTO
"C:\Users\CAIHUI\MicroEra-Wiki-MVP-new\backend\data\zaozhi\CN202211414220.X_一种5-羟甲基糠醛的制备方法.pdf","zaozhi/CN202211414220.X_一种5-羟甲基糠醛的制备方法.pdf","CN202211414220.X_一种5-羟甲基糠醛的制备方法.pdf",".pdf",1336702,f78c802e9a03f98a76337b1d58173bbeac361590df342fce546ffbe206743a32,application/pdf,206,0.65,"fuzzy_title",documents/f78c802e9a03f98a76337b1d58173bbeac361590df342fce546ffbe206743a32.pdf,0,,AUTO
"C:\Users\CAIHUI\MicroEra-Wiki-MVP-new\backend\data\zaozhi\CN202211414220.X_一种5-羟甲基糠醛的制备方法.pdf","zaozhi/CN202211414220.X_一种5-羟甲基糠醛的制备方法.pdf","CN202211414220.X_一种5-羟甲基糠醛的制备方法.pdf",".pdf",1336702,f78c802e9a03f98a76337b1d58173bbeac361590df342fce546ffbe206743a32,application/pdf,210,0.65,"fuzzy_title",documents/f78c802e9a03f98a76337b1d58173bbeac361590df342fce546ffbe206743a32.pdf,0,,AUTO
"C:\Users\CAIHUI\MicroEra-Wiki-MVP-new\backend\data\zaozhi\CN202211414220.X_一种5-羟甲基糠醛的制备方法.pdf","zaozhi/CN202211414220.X_一种5-羟甲基糠醛的制备方法.pdf","CN202211414220.X_一种5-羟甲基糠醛的制备方法.pdf",".pdf",1336702,f78c802e9a03f98a76337b1d58173bbeac361590df342fce546ffbe206743a32,application/pdf,134,0.5,"fuzzy_title_low",documents/f78c802e9a03f98a76337b1d58173bbeac361590df342fce546ffbe206743a32.pdf,0,,AUTO
"C:\Users\CAIHUI\MicroEra-Wiki-MVP-new\backend\data\zaozhi\CN202211414220.X_一种5-羟甲基糠醛的制备方法.pdf","zaozhi/CN202211414220.X_一种5-羟甲基糠醛的制备方法.pdf","CN202211414220.X_一种5-羟甲基糠醛的制备方法.pdf",".pdf",1336702,f78c802e9a03f98a76337b1d58173bbeac361590df342fce546ffbe206743a32,application/pdf,136,0.5,"fuzzy_title_low",documents/f78c802e9a03f98a76337b1d58173bbeac361590df342fce546ffbe206743a32.pdf,0,,AUTO
"C:\Users\CAIHUI\MicroEra-Wiki-MVP-new\backend\data\zaozhi\CN202211414220.X_一种5-羟甲基糠醛的制备方法.pdf","zaozhi/CN202211414220.X_一种5-羟甲基糠醛的制备方法.pdf","CN202211414220.X_一种5-羟甲基糠醛的制备方法.pdf",".pdf",1336702,f78c802e9a03f98a76337b1d58173bbeac361590df342fce546ffbe206743a32,application/pdf,137,0.5,"fuzzy_title_low",documents/f78c802e9a03f98a76337b1d58173bbeac361590df342fce546ffbe206743a32.pdf,0,,AUTO
"C:\Users\CAIHUI\MicroEra-Wiki-MVP-new\backend\data\zaozhi\CN202211414220.X_一种5-羟甲基糠醛的制备方法.pdf","zaozhi/CN202211414220.X_一种5-羟甲基糠醛的制备方法.pdf","CN202211414220.X_一种5-羟甲基糠醛的制备方法.pdf",".pdf",1336702,f78c802e9a03f98a76337b1d58173bbeac361590df342fce546ffbe206743a32,application/pdf,177,0.5,"fuzzy_title_low",documents/f78c802e9a03f98a76337b1d58173bbeac361590df342fce546ffbe206743a32.pdf,0,,AUTO
"C:\Users\CAIHUI\MicroEra-Wiki-MVP-new\backend\data\zaozhi\CN202211414220.X_一种5-羟甲基糠醛的制备方法.pdf","zaozhi/CN202211414220.X_一种5-羟甲基糠醛的制备方法.pdf","CN202211414220.X_一种5-羟甲基糠醛的制备方法.pdf",".pdf",1336702,f78c802e9a03f98a76337b1d58173bbeac361590df342fce546ffbe206743a32,application/pdf,179,0.5,"fuzzy_title_low",documents/f78c802e9a03f98a76337b1d58173bbeac361590df342fce546ffbe206743a32.pdf,0,,AUTO
"C:\Users\CAIHUI\MicroEra-Wiki-MVP-new\backend\data\zaozhi\CN202211414220.X_一种5-羟甲基糠醛的制备方法.pdf","zaozhi/CN202211414220.X_一种5-羟甲基糠醛的制备方法.pdf","CN202211414220.X_一种5-羟甲基糠醛的制备方法.pdf",".pdf",1336702,f78c802e9a03f98a76337b1d58173bbeac361590df342fce546ffbe206743a32,application/pdf,180,0.5,"fuzzy_title_low",documents/f78c802e9a03f98a76337b1d58173bbeac361590df342fce546ffbe206743a32.pdf,0,,AUTO
"C:\Users\CAIHUI\MicroEra-Wiki-MVP-new\backend\data\zaozhi\CN202211414220.X_一种5-羟甲基糠醛的制备方法.pdf","zaozhi/CN202211414220.X_一种5-羟甲基糠醛的制备方法.pdf","CN202211414220.X_一种5-羟甲基糠醛的制备方法.pdf",".pdf",1336702,f78c802e9a03f98a76337b1d58173bbeac361590df342fce546ffbe206743a32,application/pdf,187,0.5,"fuzzy_title_low",documents/f78c802e9a03f98a76337b1d58173bbeac361590df342fce546ffbe206743a32.pdf,0,,AUTO
"C:\Users\CAIHUI\MicroEra-Wiki-MVP-new\backend\data\zaozhi\CN202211414220.X_一种5-羟甲基糠醛的制备方法.pdf","zaozhi/CN202211414220.X_一种5-羟甲基糠醛的制备方法.pdf","CN202211414220.X_一种5-羟甲基糠醛的制备方法.pdf",".pdf",1336702,f78c802e9a03f98a76337b1d58173bbeac361590df342fce546ffbe206743a32,application/pdf,190,0.5,"fuzzy_title_low",documents/f78c802e9a03f98a76337b1d58173bbeac361590df342fce546ffbe206743a32.pdf,0,,AUTO
"C:\Users\CAIHUI\MicroEra-Wiki-MVP-new\backend\data\zaozhi\CN202211414220.X_一种5-羟甲基糠醛的制备方法.pdf","zaozhi/CN202211414220.X_一种5-羟甲基糠醛的制备方法.pdf","CN202211414220.X_一种5-羟甲基糠醛的制备方法.pdf",".pdf",1336702,f78c802e9a03f98a76337b1d58173bbeac361590df342fce546ffbe206743a32,application/pdf,191,0.5,"fuzzy_title_low",documents/f78c802e9a03f98a76337b1d58173bbeac361590df342fce546ffbe206743a32.pdf,0,,AUTO
"C:\Users\CAIHUI\MicroEra-Wiki-MVP-new\backend\data\zaozhi\CN202211414220.X_一种5-羟甲基糠醛的制备方法.pdf","zaozhi/CN202211414220.X_一种5-羟甲基糠醛的制备方法.pdf","CN202211414220.X_一种5-羟甲基糠醛的制备方法.pdf",".pdf",1336702,f78c802e9a03f98a76337b1d58173bbeac361590df342fce546ffbe206743a32,application/pdf,193,0.5,"fuzzy_title_low",documents/f78c802e9a03f98a76337b1d58173bbeac361590df342fce546ffbe206743a32.pdf,0,,AUTO
"C:\Users\CAIHUI\MicroEra-Wiki-MVP-new\backend\data\zaozhi\CN202211414220.X_一种5-羟甲基糠醛的制备方法.pdf","zaozhi/CN202211414220.X_一种5-羟甲基糠醛的制备方法.pdf","CN202211414220.X_一种5-羟甲基糠醛的制备方法.pdf",".pdf",1336702,f78c802e9a03f98a76337b1d58173bbeac361590df342fce546ffbe206743a32,application/pdf,197,0.5,"fuzzy_title_low",documents/f78c802e9a03f98a76337b1d58173bbeac361590df342fce546ffbe206743a32.pdf,0,,AUTO
"C:\Users\CAIHUI\MicroEra-Wiki-MVP-new\backend\data\zaozhi\CN202211414220.X_一种5-羟甲基糠醛的制备方法.pdf","zaozhi/CN202211414220.X_一种5-羟甲基糠醛的制备方法.pdf","CN202211414220.X_一种5-羟甲基糠醛的制备方法.pdf",".pdf",1336702,f78c802e9a03f98a76337b1d58173bbeac361590df342fce546ffbe206743a32,application/pdf,205,0.5,"fuzzy_title_low",documents/f78c802e9a03f98a76337b1d58173bbeac361590df342fce546ffbe206743a32.pdf,0,,AUTO
"C:\Users\CAIHUI\MicroEra-Wiki-MVP-new\backend\data\zaozhi\CN202211414220.X_一种5-羟甲基糠醛的制备方法.pdf","zaozhi/CN202211414220.X_一种5-羟甲基糠醛的制备方法.pdf","CN202211414220.X_一种5-羟甲基糠醛的制备方法.pdf",".pdf",1336702,f78c802e9a03f98a76337b1d58173bbeac361590df342fce546ffbe206743a32,application/pdf,211,0.5,"fuzzy_title_low",documents/f78c802e9a03f98a76337b1d58173bbeac361590df342fce546ffbe206743a32.pdf,0,,AUTO
"C:\Users\CAIHUI\MicroEra-Wiki-MVP-new\backend\data\zaozhi\CN202211414220.X_一种5-羟甲基糠醛的制备方法.pdf","zaozhi/CN202211414220.X_一种5-羟甲基糠醛的制备方法.pdf","CN202211414220.X_一种5-羟甲基糠醛的制备方法.pdf",".pdf",1336702,f78c802e9a03f98a76337b1d58173bbeac361590df342fce546ffbe206743a32,application/pdf,216,0.5,"fuzzy_title_low",documents/f78c802e9a03f98a76337b1d58173bbeac361590df342fce546ffbe206743a32.pdf,0,,AUTO
"C:\Users\CAIHUI\MicroEra-Wiki-MVP-new\backend\data\zaozhi\CN202211414220.X_一种5-羟甲基糠醛的制备方法.pdf","zaozhi/CN202211414220.X_一种5-羟甲基糠醛的制备方法.pdf","CN202211414220.X_一种5-羟甲基糠醛的制备方法.pdf",".pdf",1336702,f78c802e9a03f98a76337b1d58173bbeac361590df342fce546ffbe206743a32,application/pdf,351,0.5,"fuzzy_title_low",documents/f78c802e9a03f98a76337b1d58173bbeac361590df342fce546ffbe206743a32.pdf,0,,AUTO
"C:\Users\CAIHUI\MicroEra-Wiki-MVP-new\backend\data\zaozhi\CN202211414220.X_一种5-羟甲基糠醛的制备方法.pdf","zaozhi/CN202211414220.X_一种5-羟甲基糠醛的制备方法.pdf","CN202211414220.X_一种5-羟甲基糠醛的制备方法.pdf",".pdf",1336702,f78c802e9a03f98a76337b1d58173bbeac361590df342fce546ffbe206743a32,application/pdf,353,0.5,"fuzzy_title_low",documents/f78c802e9a03f98a76337b1d58173bbeac361590df342fce546ffbe206743a32.pdf,0,,AUTO
"C:\Users\CAIHUI\MicroEra-Wiki-MVP-new\backend\data\zaozhi\CN202211414220.X_一种5-羟甲基糠醛的制备方法.pdf","zaozhi/CN202211414220.X_一种5-羟甲基糠醛的制备方法.pdf","CN202211414220.X_一种5-羟甲基糠醛的制备方法.pdf",".pdf",1336702,f78c802e9a03f98a76337b1d58173bbeac361590df342fce546ffbe206743a32,application/pdf,367,0.5,"fuzzy_title_low",documents/f78c802e9a03f98a76337b1d58173bbeac361590df342fce546ffbe206743a32.pdf,0,,AUTO
"C:\Users\CAIHUI\MicroEra-Wiki-MVP-new\backend\data\zaozhi\CN202311420375.9_一种5-羟甲基糠醛的制备方法.pdf","zaozhi/CN202311420375.9_一种5-羟甲基糠醛的制备方法.pdf","CN202311420375.9_一种5-羟甲基糠醛的制备方法.pdf",".pdf",1217757,42c1c4165568f4c7b56d1364fdc5516ede8d5b218b7a7a6a45f8f8cd3135e657,application/pdf,210,0.98,"exact_title",documents/42c1c4165568f4c7b56d1364fdc5516ede8d5b218b7a7a6a45f8f8cd3135e657.pdf,0,,AUTO
"C:\Users\CAIHUI\MicroEra-Wiki-MVP-new\backend\data\zaozhi\CN202311420375.9_一种5-羟甲基糠醛的制备方法.pdf","zaozhi/CN202311420375.9_一种5-羟甲基糠醛的制备方法.pdf","CN202311420375.9_一种5-羟甲基糠醛的制备方法.pdf",".pdf",1217757,42c1c4165568f4c7b56d1364fdc5516ede8d5b218b7a7a6a45f8f8cd3135e657,application/pdf,142,0.65,"fuzzy_title",documents/42c1c4165568f4c7b56d1364fdc5516ede8d5b218b7a7a6a45f8f8cd3135e657.pdf,0,,AUTO
"C:\Users\CAIHUI\MicroEra-Wiki-MVP-new\backend\data\zaozhi\CN202311420375.9_一种5-羟甲基糠醛的制备方法.pdf","zaozhi/CN202311420375.9_一种5-羟甲基糠醛的制备方法.pdf","CN202311420375.9_一种5-羟甲基糠醛的制备方法.pdf",".pdf",1217757,42c1c4165568f4c7b56d1364fdc5516ede8d5b218b7a7a6a45f8f8cd3135e657,application/pdf,185,0.65,"fuzzy_title",documents/42c1c4165568f4c7b56d1364fdc5516ede8d5b218b7a7a6a45f8f8cd3135e657.pdf,0,,AUTO
"C:\Users\CAIHUI\MicroEra-Wiki-MVP-new\backend\data\zaozhi\CN202311420375.9_一种5-羟甲基糠醛的制备方法.pdf","zaozhi/CN202311420375.9_一种5-羟甲基糠醛的制备方法.pdf","CN202311420375.9_一种5-羟甲基糠醛的制备方法.pdf",".pdf",1217757,42c1c4165568f4c7b56d1364fdc5516ede8d5b218b7a7a6a45f8f8cd3135e657,application/pdf,206,0.65,"fuzzy_title",documents/42c1c4165568f4c7b56d1364fdc5516ede8d5b218b7a7a6a45f8f8cd3135e657.pdf,0,,AUTO
"C:\Users\CAIHUI\MicroEra-Wiki-MVP-new\backend\data\zaozhi\CN202311420375.9_一种5-羟甲基糠醛的制备方法.pdf","zaozhi/CN202311420375.9_一种5-羟甲基糠醛的制备方法.pdf","CN202311420375.9_一种5-羟甲基糠醛的制备方法.pdf",".pdf",1217757,42c1c4165568f4c7b56d1364fdc5516ede8d5b218b7a7a6a45f8f8cd3135e657,application/pdf,209,0.65,"fuzzy_title",documents/42c1c4165568f4c7b56d1364fdc5516ede8d5b218b7a7a6a45f8f8cd3135e657.pdf,0,,AUTO
"C:\Users\CAIHUI\MicroEra-Wiki-MVP-new\backend\data\zaozhi\CN202311420375.9_一种5-羟甲基糠醛的制备方法.pdf","zaozhi/CN202311420375.9_一种5-羟甲基糠醛的制备方法.pdf","CN202311420375.9_一种5-羟甲基糠醛的制备方法.pdf",".pdf",1217757,42c1c4165568f4c7b56d1364fdc5516ede8d5b218b7a7a6a45f8f8cd3135e657,application/pdf,211,0.65,"fuzzy_title",documents/42c1c4165568f4c7b56d1364fdc5516ede8d5b218b7a7a6a45f8f8cd3135e657.pdf,0,,AUTO
"C:\Users\CAIHUI\MicroEra-Wiki-MVP-new\backend\data\zaozhi\CN202311420375.9_一种5-羟甲基糠醛的制备方法.pdf","zaozhi/CN202311420375.9_一种5-羟甲基糠醛的制备方法.pdf","CN202311420375.9_一种5-羟甲基糠醛的制备方法.pdf",".pdf",1217757,42c1c4165568f4c7b56d1364fdc5516ede8d5b218b7a7a6a45f8f8cd3135e657,application/pdf,134,0.5,"fuzzy_title_low",documents/42c1c4165568f4c7b56d1364fdc5516ede8d5b218b7a7a6a45f8f8cd3135e657.pdf,0,,AUTO
"C:\Users\CAIHUI\MicroEra-Wiki-MVP-new\backend\data\zaozhi\CN202311420375.9_一种5-羟甲基糠醛的制备方法.pdf","zaozhi/CN202311420375.9_一种5-羟甲基糠醛的制备方法.pdf","CN202311420375.9_一种5-羟甲基糠醛的制备方法.pdf",".pdf",1217757,42c1c4165568f4c7b56d1364fdc5516ede8d5b218b7a7a6a45f8f8cd3135e657,application/pdf,136,0.5,"fuzzy_title_low",documents/42c1c4165568f4c7b56d1364fdc5516ede8d5b218b7a7a6a45f8f8cd3135e657.pdf,0,,AUTO
"C:\Users\CAIHUI\MicroEra-Wiki-MVP-new\backend\data\zaozhi\CN202311420375.9_一种5-羟甲基糠醛的制备方法.pdf","zaozhi/CN202311420375.9_一种5-羟甲基糠醛的制备方法.pdf","CN202311420375.9_一种5-羟甲基糠醛的制备方法.pdf",".pdf",1217757,42c1c4165568f4c7b56d1364fdc5516ede8d5b218b7a7a6a45f8f8cd3135e657,application/pdf,137,0.5,"fuzzy_title_low",documents/42c1c4165568f4c7b56d1364fdc5516ede8d5b218b7a7a6a45f8f8cd3135e657.pdf,0,,AUTO
"C:\Users\CAIHUI\MicroEra-Wiki-MVP-new\backend\data\zaozhi\CN202311420375.9_一种5-羟甲基糠醛的制备方法.pdf","zaozhi/CN202311420375.9_一种5-羟甲基糠醛的制备方法.pdf","CN202311420375.9_一种5-羟甲基糠醛的制备方法.pdf",".pdf",1217757,42c1c4165568f4c7b56d1364fdc5516ede8d5b218b7a7a6a45f8f8cd3135e657,application/pdf,177,0.5,"fuzzy_title_low",documents/42c1c4165568f4c7b56d1364fdc5516ede8d5b218b7a7a6a45f8f8cd3135e657.pdf,0,,AUTO
"C:\Users\CAIHUI\MicroEra-Wiki-MVP-new\backend\data\zaozhi\CN202311420375.9_一种5-羟甲基糠醛的制备方法.pdf","zaozhi/CN202311420375.9_一种5-羟甲基糠醛的制备方法.pdf","CN202311420375.9_一种5-羟甲基糠醛的制备方法.pdf",".pdf",1217757,42c1c4165568f4c7b56d1364fdc5516ede8d5b218b7a7a6a45f8f8cd3135e657,application/pdf,179,0.5,"fuzzy_title_low",documents/42c1c4165568f4c7b56d1364fdc5516ede8d5b218b7a7a6a45f8f8cd3135e657.pdf,0,,AUTO
"C:\Users\CAIHUI\MicroEra-Wiki-MVP-new\backend\data\zaozhi\CN202311420375.9_一种5-羟甲基糠醛的制备方法.pdf","zaozhi/CN202311420375.9_一种5-羟甲基糠醛的制备方法.pdf","CN202311420375.9_一种5-羟甲基糠醛的制备方法.pdf",".pdf",1217757,42c1c4165568f4c7b56d1364fdc5516ede8d5b218b7a7a6a45f8f8cd3135e657,application/pdf,180,0.5,"fuzzy_title_low",documents/42c1c4165568f4c7b56d1364fdc5516ede8d5b218b7a7a6a45f8f8cd3135e657.pdf,0,,AUTO
"C:\Users\CAIHUI\MicroEra-Wiki-MVP-new\backend\data\zaozhi\CN202311420375.9_一种5-羟甲基糠醛的制备方法.pdf","zaozhi/CN202311420375.9_一种5-羟甲基糠醛的制备方法.pdf","CN202311420375.9_一种5-羟甲基糠醛的制备方法.pdf",".pdf",1217757,42c1c4165568f4c7b56d1364fdc5516ede8d5b218b7a7a6a45f8f8cd3135e657,application/pdf,187,0.5,"fuzzy_title_low",documents/42c1c4165568f4c7b56d1364fdc5516ede8d5b218b7a7a6a45f8f8cd3135e657.pdf,0,,AUTO
"C:\Users\CAIHUI\MicroEra-Wiki-MVP-new\backend\data\zaozhi\CN202311420375.9_一种5-羟甲基糠醛的制备方法.pdf","zaozhi/CN202311420375.9_一种5-羟甲基糠醛的制备方法.pdf","CN202311420375.9_一种5-羟甲基糠醛的制备方法.pdf",".pdf",1217757,42c1c4165568f4c7b56d1364fdc5516ede8d5b218b7a7a6a45f8f8cd3135e657,application/pdf,190,0.5,"fuzzy_title_low",documents/42c1c4165568f4c7b56d1364fdc5516ede8d5b218b7a7a6a45f8f8cd3135e657.pdf,0,,AUTO
"C:\Users\CAIHUI\MicroEra-Wiki-MVP-new\backend\data\zaozhi\CN202311420375.9_一种5-羟甲基糠醛的制备方法.pdf","zaozhi/CN202311420375.9_一种5-羟甲基糠醛的制备方法.pdf","CN202311420375.9_一种5-羟甲基糠醛的制备方法.pdf",".pdf",1217757,42c1c4165568f4c7b56d1364fdc5516ede8d5b218b7a7a6a45f8f8cd3135e657,application/pdf,191,0.5,"fuzzy_title_low",documents/42c1c4165568f4c7b56d1364fdc5516ede8d5b218b7a7a6a45f8f8cd3135e657.pdf,0,,AUTO
"C:\Users\CAIHUI\MicroEra-Wiki-MVP-new\backend\data\zaozhi\CN202311420375.9_一种5-羟甲基糠醛的制备方法.pdf","zaozhi/CN202311420375.9_一种5-羟甲基糠醛的制备方法.pdf","CN202311420375.9_一种5-羟甲基糠醛的制备方法.pdf",".pdf",1217757,42c1c4165568f4c7b56d1364fdc5516ede8d5b218b7a7a6a45f8f8cd3135e657,application/pdf,193,0.5,"fuzzy_title_low",documents/42c1c4165568f4c7b56d1364fdc5516ede8d5b218b7a7a6a45f8f8cd3135e657.pdf,0,,AUTO
"C:\Users\CAIHUI\MicroEra-Wiki-MVP-new\backend\data\zaozhi\CN202311420375.9_一种5-羟甲基糠醛的制备方法.pdf","zaozhi/CN202311420375.9_一种5-羟甲基糠醛的制备方法.pdf","CN202311420375.9_一种5-羟甲基糠醛的制备方法.pdf",".pdf",1217757,42c1c4165568f4c7b56d1364fdc5516ede8d5b218b7a7a6a45f8f8cd3135e657,application/pdf,197,0.5,"fuzzy_title_low",documents/42c1c4165568f4c7b56d1364fdc5516ede8d5b218b7a7a6a45f8f8cd3135e657.pdf,0,,AUTO
"C:\Users\CAIHUI\MicroEra-Wiki-MVP-new\backend\data\zaozhi\CN202311420375.9_一种5-羟甲基糠醛的制备方法.pdf","zaozhi/CN202311420375.9_一种5-羟甲基糠醛的制备方法.pdf","CN202311420375.9_一种5-羟甲基糠醛的制备方法.pdf",".pdf",1217757,42c1c4165568f4c7b56d1364fdc5516ede8d5b218b7a7a6a45f8f8cd3135e657,application/pdf,205,0.5,"fuzzy_title_low",documents/42c1c4165568f4c7b56d1364fdc5516ede8d5b218b7a7a6a45f8f8cd3135e657.pdf,0,,AUTO
"C:\Users\CAIHUI\MicroEra-Wiki-MVP-new\backend\data\zaozhi\CN202311420375.9_一种5-羟甲基糠醛的制备方法.pdf","zaozhi/CN202311420375.9_一种5-羟甲基糠醛的制备方法.pdf","CN202311420375.9_一种5-羟甲基糠醛的制备方法.pdf",".pdf",1217757,42c1c4165568f4c7b56d1364fdc5516ede8d5b218b7a7a6a45f8f8cd3135e657,application/pdf,216,0.5,"fuzzy_title_low",documents/42c1c4165568f4c7b56d1364fdc5516ede8d5b218b7a7a6a45f8f8cd3135e657.pdf,0,,AUTO
"C:\Users\CAIHUI\MicroEra-Wiki-MVP-new\backend\data\zaozhi\CN202311420375.9_一种5-羟甲基糠醛的制备方法.pdf","zaozhi/CN202311420375.9_一种5-羟甲基糠醛的制备方法.pdf","CN202311420375.9_一种5-羟甲基糠醛的制备方法.pdf",".pdf",1217757,42c1c4165568f4c7b56d1364fdc5516ede8d5b218b7a7a6a45f8f8cd3135e657,application/pdf,351,0.5,"fuzzy_title_low",documents/42c1c4165568f4c7b56d1364fdc5516ede8d5b218b7a7a6a45f8f8cd3135e657.pdf,0,,AUTO
"C:\Users\CAIHUI\MicroEra-Wiki-MVP-new\backend\data\zaozhi\CN202311420375.9_一种5-羟甲基糠醛的制备方法.pdf","zaozhi/CN202311420375.9_一种5-羟甲基糠醛的制备方法.pdf","CN202311420375.9_一种5-羟甲基糠醛的制备方法.pdf",".pdf",1217757,42c1c4165568f4c7b56d1364fdc5516ede8d5b218b7a7a6a45f8f8cd3135e657,application/pdf,367,0.5,"fuzzy_title_low",documents/42c1c4165568f4c7b56d1364fdc5516ede8d5b218b7a7a6a45f8f8cd3135e657.pdf,0,,AUTO
"C:\Users\CAIHUI\MicroEra-Wiki-MVP-new\backend\data\zaozhi\CN202311732340.9_一种5-羟甲基糠醛的合成方法.pdf","zaozhi/CN202311732340.9_一种5-羟甲基糠醛的合成方法.pdf","CN202311732340.9_一种5-羟甲基糠醛的合成方法.pdf",".pdf",931560,9b478c6b42799a873328971b9009a38e295dcf85ab445e46c11d20cd84bcb089,application/pdf,211,0.98,"exact_title",documents/9b478c6b42799a873328971b9009a38e295dcf85ab445e46c11d20cd84bcb089.pdf,0,,AUTO
"C:\Users\CAIHUI\MicroEra-Wiki-MVP-new\backend\data\zaozhi\CN202311732340.9_一种5-羟甲基糠醛的合成方法.pdf","zaozhi/CN202311732340.9_一种5-羟甲基糠醛的合成方法.pdf","CN202311732340.9_一种5-羟甲基糠醛的合成方法.pdf",".pdf",931560,9b478c6b42799a873328971b9009a38e295dcf85ab445e46c11d20cd84bcb089,application/pdf,210,0.65,"fuzzy_title",documents/9b478c6b42799a873328971b9009a38e295dcf85ab445e46c11d20cd84bcb089.pdf,0,,AUTO
"C:\Users\CAIHUI\MicroEra-Wiki-MVP-new\backend\data\zaozhi\CN202311732340.9_一种5-羟甲基糠醛的合成方法.pdf","zaozhi/CN202311732340.9_一种5-羟甲基糠醛的合成方法.pdf","CN202311732340.9_一种5-羟甲基糠醛的合成方法.pdf",".pdf",931560,9b478c6b42799a873328971b9009a38e295dcf85ab445e46c11d20cd84bcb089,application/pdf,142,0.5,"fuzzy_title_low",documents/9b478c6b42799a873328971b9009a38e295dcf85ab445e46c11d20cd84bcb089.pdf,0,,AUTO
"C:\Users\CAIHUI\MicroEra-Wiki-MVP-new\backend\data\zaozhi\CN202311732340.9_一种5-羟甲基糠醛的合成方法.pdf","zaozhi/CN202311732340.9_一种5-羟甲基糠醛的合成方法.pdf","CN202311732340.9_一种5-羟甲基糠醛的合成方法.pdf",".pdf",931560,9b478c6b42799a873328971b9009a38e295dcf85ab445e46c11d20cd84bcb089,application/pdf,185,0.5,"fuzzy_title_low",documents/9b478c6b42799a873328971b9009a38e295dcf85ab445e46c11d20cd84bcb089.pdf,0,,AUTO
"C:\Users\CAIHUI\MicroEra-Wiki-MVP-new\backend\data\zaozhi\CN202311732340.9_一种5-羟甲基糠醛的合成方法.pdf","zaozhi/CN202311732340.9_一种5-羟甲基糠醛的合成方法.pdf","CN202311732340.9_一种5-羟甲基糠醛的合成方法.pdf",".pdf",931560,9b478c6b42799a873328971b9009a38e295dcf85ab445e46c11d20cd84bcb089,application/pdf,190,0.5,"fuzzy_title_low",documents/9b478c6b42799a873328971b9009a38e295dcf85ab445e46c11d20cd84bcb089.pdf,0,,AUTO
"C:\Users\CAIHUI\MicroEra-Wiki-MVP-new\backend\data\zaozhi\CN202311732340.9_一种5-羟甲基糠醛的合成方法.pdf","zaozhi/CN202311732340.9_一种5-羟甲基糠醛的合成方法.pdf","CN202311732340.9_一种5-羟甲基糠醛的合成方法.pdf",".pdf",931560,9b478c6b42799a873328971b9009a38e295dcf85ab445e46c11d20cd84bcb089,application/pdf,205,0.5,"fuzzy_title_low",documents/9b478c6b42799a873328971b9009a38e295dcf85ab445e46c11d20cd84bcb089.pdf,0,,AUTO
"C:\Users\CAIHUI\MicroEra-Wiki-MVP-new\backend\data\zaozhi\CN202311732340.9_一种5-羟甲基糠醛的合成方法.pdf","zaozhi/CN202311732340.9_一种5-羟甲基糠醛的合成方法.pdf","CN202311732340.9_一种5-羟甲基糠醛的合成方法.pdf",".pdf",931560,9b478c6b42799a873328971b9009a38e295dcf85ab445e46c11d20cd84bcb089,application/pdf,206,0.5,"fuzzy_title_low",documents/9b478c6b42799a873328971b9009a38e295dcf85ab445e46c11d20cd84bcb089.pdf,0,,AUTO
"C:\Users\CAIHUI\MicroEra-Wiki-MVP-new\backend\data\zaozhi\CN202311732340.9_一种5-羟甲基糠醛的合成方法.pdf","zaozhi/CN202311732340.9_一种5-羟甲基糠醛的合成方法.pdf","CN202311732340.9_一种5-羟甲基糠醛的合成方法.pdf",".pdf",931560,9b478c6b42799a873328971b9009a38e295dcf85ab445e46c11d20cd84bcb089,application/pdf,209,0.5,"fuzzy_title_low",documents/9b478c6b42799a873328971b9009a38e295dcf85ab445e46c11d20cd84bcb089.pdf,0,,AUTO
"C:\Users\CAIHUI\MicroEra-Wiki-MVP-new\backend\data\zaozhi\CN202311732340.9_一种5-羟甲基糠醛的合成方法.pdf","zaozhi/CN202311732340.9_一种5-羟甲基糠醛的合成方法.pdf","CN202311732340.9_一种5-羟甲基糠醛的合成方法.pdf",".pdf",931560,9b478c6b42799a873328971b9009a38e295dcf85ab445e46c11d20cd84bcb089,application/pdf,212,0.5,"fuzzy_title_low",documents/9b478c6b42799a873328971b9009a38e295dcf85ab445e46c11d20cd84bcb089.pdf,0,,AUTO
"C:\Users\CAIHUI\MicroEra-Wiki-MVP-new\backend\data\zaozhi\CN202311732340.9_一种5-羟甲基糠醛的合成方法.pdf","zaozhi/CN202311732340.9_一种5-羟甲基糠醛的合成方法.pdf","CN202311732340.9_一种5-羟甲基糠醛的合成方法.pdf",".pdf",931560,9b478c6b42799a873328971b9009a38e295dcf85ab445e46c11d20cd84bcb089,application/pdf,215,0.5,"fuzzy_title_low",documents/9b478c6b42799a873328971b9009a38e295dcf85ab445e46c11d20cd84bcb089.pdf,0,,AUTO
"C:\Users\CAIHUI\MicroEra-Wiki-MVP-new\backend\data\zaozhi\CN202311732340.9_一种5-羟甲基糠醛的合成方法.pdf","zaozhi/CN202311732340.9_一种5-羟甲基糠醛的合成方法.pdf","CN202311732340.9_一种5-羟甲基糠醛的合成方法.pdf",".pdf",931560,9b478c6b42799a873328971b9009a38e295dcf85ab445e46c11d20cd84bcb089,application/pdf,216,0.5,"fuzzy_title_low",documents/9b478c6b42799a873328971b9009a38e295dcf85ab445e46c11d20cd84bcb089.pdf,0,,AUTO
"C:\Users\CAIHUI\MicroEra-Wiki-MVP-new\backend\data\zaozhi\CN202410337429.3_催化5-羟甲基糠醛合成2,5-二羟甲基四氢呋喃的方法.pdf","zaozhi/CN202410337429.3_催化5-羟甲基糠醛合成2,5-二羟甲基四氢呋喃的方法.pdf","CN202410337429.3_催化5-羟甲基糠醛合成2,5-二羟甲基四氢呋喃的方法.pdf",".pdf",1569369,8a1b77a9bb45612e9278c1bb8b7b258cdf7bca8262ad3d479b9a1b0f1a3f3fda,application/pdf,212,0.98,"exact_title",documents/8a1b77a9bb45612e9278c1bb8b7b258cdf7bca8262ad3d479b9a1b0f1a3f3fda.pdf,0,,AUTO
"C:\Users\CAIHUI\MicroEra-Wiki-MVP-new\backend\data\zaozhi\CN202410337429.3_催化5-羟甲基糠醛合成2,5-二羟甲基四氢呋喃的方法.pdf","zaozhi/CN202410337429.3_催化5-羟甲基糠醛合成2,5-二羟甲基四氢呋喃的方法.pdf","CN202410337429.3_催化5-羟甲基糠醛合成2,5-二羟甲基四氢呋喃的方法.pdf",".pdf",1569369,8a1b77a9bb45612e9278c1bb8b7b258cdf7bca8262ad3d479b9a1b0f1a3f3fda,application/pdf,135,0.5,"fuzzy_title_low",documents/8a1b77a9bb45612e9278c1bb8b7b258cdf7bca8262ad3d479b9a1b0f1a3f3fda.pdf,0,,AUTO
"C:\Users\CAIHUI\MicroEra-Wiki-MVP-new\backend\data\zaozhi\CN202410337429.3_催化5-羟甲基糠醛合成2,5-二羟甲基四氢呋喃的方法.pdf","zaozhi/CN202410337429.3_催化5-羟甲基糠醛合成2,5-二羟甲基四氢呋喃的方法.pdf","CN202410337429.3_催化5-羟甲基糠醛合成2,5-二羟甲基四氢呋喃的方法.pdf",".pdf",1569369,8a1b77a9bb45612e9278c1bb8b7b258cdf7bca8262ad3d479b9a1b0f1a3f3fda,application/pdf,136,0.5,"fuzzy_title_low",documents/8a1b77a9bb45612e9278c1bb8b7b258cdf7bca8262ad3d479b9a1b0f1a3f3fda.pdf,0,,AUTO
"C:\Users\CAIHUI\MicroEra-Wiki-MVP-new\backend\data\zaozhi\CN202410337429.3_催化5-羟甲基糠醛合成2,5-二羟甲基四氢呋喃的方法.pdf","zaozhi/CN202410337429.3_催化5-羟甲基糠醛合成2,5-二羟甲基四氢呋喃的方法.pdf","CN202410337429.3_催化5-羟甲基糠醛合成2,5-二羟甲基四氢呋喃的方法.pdf",".pdf",1569369,8a1b77a9bb45612e9278c1bb8b7b258cdf7bca8262ad3d479b9a1b0f1a3f3fda,application/pdf,178,0.5,"fuzzy_title_low",documents/8a1b77a9bb45612e9278c1bb8b7b258cdf7bca8262ad3d479b9a1b0f1a3f3fda.pdf,0,,AUTO
"C:\Users\CAIHUI\MicroEra-Wiki-MVP-new\backend\data\zaozhi\CN202410337429.3_催化5-羟甲基糠醛合成2,5-二羟甲基四氢呋喃的方法.pdf","zaozhi/CN202410337429.3_催化5-羟甲基糠醛合成2,5-二羟甲基四氢呋喃的方法.pdf","CN202410337429.3_催化5-羟甲基糠醛合成2,5-二羟甲基四氢呋喃的方法.pdf",".pdf",1569369,8a1b77a9bb45612e9278c1bb8b7b258cdf7bca8262ad3d479b9a1b0f1a3f3fda,application/pdf,179,0.5,"fuzzy_title_low",documents/8a1b77a9bb45612e9278c1bb8b7b258cdf7bca8262ad3d479b9a1b0f1a3f3fda.pdf,0,,AUTO
"C:\Users\CAIHUI\MicroEra-Wiki-MVP-new\backend\data\zaozhi\CN202410337429.3_催化5-羟甲基糠醛合成2,5-二羟甲基四氢呋喃的方法.pdf","zaozhi/CN202410337429.3_催化5-羟甲基糠醛合成2,5-二羟甲基四氢呋喃的方法.pdf","CN202410337429.3_催化5-羟甲基糠醛合成2,5-二羟甲基四氢呋喃的方法.pdf",".pdf",1569369,8a1b77a9bb45612e9278c1bb8b7b258cdf7bca8262ad3d479b9a1b0f1a3f3fda,application/pdf,190,0.5,"fuzzy_title_low",documents/8a1b77a9bb45612e9278c1bb8b7b258cdf7bca8262ad3d479b9a1b0f1a3f3fda.pdf,0,,AUTO
"C:\Users\CAIHUI\MicroEra-Wiki-MVP-new\backend\data\zaozhi\CN202410337429.3_催化5-羟甲基糠醛合成2,5-二羟甲基四氢呋喃的方法.pdf","zaozhi/CN202410337429.3_催化5-羟甲基糠醛合成2,5-二羟甲基四氢呋喃的方法.pdf","CN202410337429.3_催化5-羟甲基糠醛合成2,5-二羟甲基四氢呋喃的方法.pdf",".pdf",1569369,8a1b77a9bb45612e9278c1bb8b7b258cdf7bca8262ad3d479b9a1b0f1a3f3fda,application/pdf,200,0.5,"fuzzy_title_low",documents/8a1b77a9bb45612e9278c1bb8b7b258cdf7bca8262ad3d479b9a1b0f1a3f3fda.pdf,0,,AUTO
"C:\Users\CAIHUI\MicroEra-Wiki-MVP-new\backend\data\zaozhi\CN202410337429.3_催化5-羟甲基糠醛合成2,5-二羟甲基四氢呋喃的方法.pdf","zaozhi/CN202410337429.3_催化5-羟甲基糠醛合成2,5-二羟甲基四氢呋喃的方法.pdf","CN202410337429.3_催化5-羟甲基糠醛合成2,5-二羟甲基四氢呋喃的方法.pdf",".pdf",1569369,8a1b77a9bb45612e9278c1bb8b7b258cdf7bca8262ad3d479b9a1b0f1a3f3fda,application/pdf,205,0.5,"fuzzy_title_low",documents/8a1b77a9bb45612e9278c1bb8b7b258cdf7bca8262ad3d479b9a1b0f1a3f3fda.pdf,0,,AUTO
"C:\Users\CAIHUI\MicroEra-Wiki-MVP-new\backend\data\zaozhi\CN202410337429.3_催化5-羟甲基糠醛合成2,5-二羟甲基四氢呋喃的方法.pdf","zaozhi/CN202410337429.3_催化5-羟甲基糠醛合成2,5-二羟甲基四氢呋喃的方法.pdf","CN202410337429.3_催化5-羟甲基糠醛合成2,5-二羟甲基四氢呋喃的方法.pdf",".pdf",1569369,8a1b77a9bb45612e9278c1bb8b7b258cdf7bca8262ad3d479b9a1b0f1a3f3fda,application/pdf,211,0.5,"fuzzy_title_low",documents/8a1b77a9bb45612e9278c1bb8b7b258cdf7bca8262ad3d479b9a1b0f1a3f3fda.pdf,0,,AUTO
"C:\Users\CAIHUI\MicroEra-Wiki-MVP-new\backend\data\zaozhi\CN202410337429.3_催化5-羟甲基糠醛合成2,5-二羟甲基四氢呋喃的方法.pdf","zaozhi/CN202410337429.3_催化5-羟甲基糠醛合成2,5-二羟甲基四氢呋喃的方法.pdf","CN202410337429.3_催化5-羟甲基糠醛合成2,5-二羟甲基四氢呋喃的方法.pdf",".pdf",1569369,8a1b77a9bb45612e9278c1bb8b7b258cdf7bca8262ad3d479b9a1b0f1a3f3fda,application/pdf,215,0.5,"fuzzy_title_low",documents/8a1b77a9bb45612e9278c1bb8b7b258cdf7bca8262ad3d479b9a1b0f1a3f3fda.pdf,0,,AUTO
"C:\Users\CAIHUI\MicroEra-Wiki-MVP-new\backend\data\zaozhi\CN202410337429.3_催化5-羟甲基糠醛合成2,5-二羟甲基四氢呋喃的方法.pdf","zaozhi/CN202410337429.3_催化5-羟甲基糠醛合成2,5-二羟甲基四氢呋喃的方法.pdf","CN202410337429.3_催化5-羟甲基糠醛合成2,5-二羟甲基四氢呋喃的方法.pdf",".pdf",1569369,8a1b77a9bb45612e9278c1bb8b7b258cdf7bca8262ad3d479b9a1b0f1a3f3fda,application/pdf,216,0.5,"fuzzy_title_low",documents/8a1b77a9bb45612e9278c1bb8b7b258cdf7bca8262ad3d479b9a1b0f1a3f3fda.pdf,0,,AUTO
"C:\Users\CAIHUI\MicroEra-Wiki-MVP-new\backend\data\zaozhi\CN202410455919.3_一种2,5-呋喃二甲酸颗粒及其制备方法和应用.pdf","zaozhi/CN202410455919.3_一种2,5-呋喃二甲酸颗粒及其制备方法和应用.pdf","CN202410455919.3_一种2,5-呋喃二甲酸颗粒及其制备方法和应用.pdf",".pdf",990369,689f8578334741b83a484e81ace672cee146bab9f815a2a7e8a777b6b00e9076,application/pdf,213,0.98,"exact_title",documents/689f8578334741b83a484e81ace672cee146bab9f815a2a7e8a777b6b00e9076.pdf,0,,AUTO
"C:\Users\CAIHUI\MicroEra-Wiki-MVP-new\backend\data\zaozhi\CN202410455919.3_一种2,5-呋喃二甲酸颗粒及其制备方法和应用.pdf","zaozhi/CN202410455919.3_一种2,5-呋喃二甲酸颗粒及其制备方法和应用.pdf","CN202410455919.3_一种2,5-呋喃二甲酸颗粒及其制备方法和应用.pdf",".pdf",990369,689f8578334741b83a484e81ace672cee146bab9f815a2a7e8a777b6b00e9076,application/pdf,134,0.5,"fuzzy_title_low",documents/689f8578334741b83a484e81ace672cee146bab9f815a2a7e8a777b6b00e9076.pdf,0,,AUTO
"C:\Users\CAIHUI\MicroEra-Wiki-MVP-new\backend\data\zaozhi\CN202410455919.3_一种2,5-呋喃二甲酸颗粒及其制备方法和应用.pdf","zaozhi/CN202410455919.3_一种2,5-呋喃二甲酸颗粒及其制备方法和应用.pdf","CN202410455919.3_一种2,5-呋喃二甲酸颗粒及其制备方法和应用.pdf",".pdf",990369,689f8578334741b83a484e81ace672cee146bab9f815a2a7e8a777b6b00e9076,application/pdf,135,0.5,"fuzzy_title_low",documents/689f8578334741b83a484e81ace672cee146bab9f815a2a7e8a777b6b00e9076.pdf,0,,AUTO
"C:\Users\CAIHUI\MicroEra-Wiki-MVP-new\backend\data\zaozhi\CN202410455919.3_一种2,5-呋喃二甲酸颗粒及其制备方法和应用.pdf","zaozhi/CN202410455919.3_一种2,5-呋喃二甲酸颗粒及其制备方法和应用.pdf","CN202410455919.3_一种2,5-呋喃二甲酸颗粒及其制备方法和应用.pdf",".pdf",990369,689f8578334741b83a484e81ace672cee146bab9f815a2a7e8a777b6b00e9076,application/pdf,136,0.5,"fuzzy_title_low",documents/689f8578334741b83a484e81ace672cee146bab9f815a2a7e8a777b6b00e9076.pdf,0,,AUTO
"C:\Users\CAIHUI\MicroEra-Wiki-MVP-new\backend\data\zaozhi\CN202410455919.3_一种2,5-呋喃二甲酸颗粒及其制备方法和应用.pdf","zaozhi/CN202410455919.3_一种2,5-呋喃二甲酸颗粒及其制备方法和应用.pdf","CN202410455919.3_一种2,5-呋喃二甲酸颗粒及其制备方法和应用.pdf",".pdf",990369,689f8578334741b83a484e81ace672cee146bab9f815a2a7e8a777b6b00e9076,application/pdf,177,0.5,"fuzzy_title_low",documents/689f8578334741b83a484e81ace672cee146bab9f815a2a7e8a777b6b00e9076.pdf,0,,AUTO
"C:\Users\CAIHUI\MicroEra-Wiki-MVP-new\backend\data\zaozhi\CN202410455919.3_一种2,5-呋喃二甲酸颗粒及其制备方法和应用.pdf","zaozhi/CN202410455919.3_一种2,5-呋喃二甲酸颗粒及其制备方法和应用.pdf","CN202410455919.3_一种2,5-呋喃二甲酸颗粒及其制备方法和应用.pdf",".pdf",990369,689f8578334741b83a484e81ace672cee146bab9f815a2a7e8a777b6b00e9076,application/pdf,178,0.5,"fuzzy_title_low",documents/689f8578334741b83a484e81ace672cee146bab9f815a2a7e8a777b6b00e9076.pdf,0,,AUTO
"C:\Users\CAIHUI\MicroEra-Wiki-MVP-new\backend\data\zaozhi\CN202410455919.3_一种2,5-呋喃二甲酸颗粒及其制备方法和应用.pdf","zaozhi/CN202410455919.3_一种2,5-呋喃二甲酸颗粒及其制备方法和应用.pdf","CN202410455919.3_一种2,5-呋喃二甲酸颗粒及其制备方法和应用.pdf",".pdf",990369,689f8578334741b83a484e81ace672cee146bab9f815a2a7e8a777b6b00e9076,application/pdf,179,0.5,"fuzzy_title_low",documents/689f8578334741b83a484e81ace672cee146bab9f815a2a7e8a777b6b00e9076.pdf,0,,AUTO
"C:\Users\CAIHUI\MicroEra-Wiki-MVP-new\backend\data\zaozhi\CN202410455919.3_一种2,5-呋喃二甲酸颗粒及其制备方法和应用.pdf","zaozhi/CN202410455919.3_一种2,5-呋喃二甲酸颗粒及其制备方法和应用.pdf","CN202410455919.3_一种2,5-呋喃二甲酸颗粒及其制备方法和应用.pdf",".pdf",990369,689f8578334741b83a484e81ace672cee146bab9f815a2a7e8a777b6b00e9076,application/pdf,190,0.5,"fuzzy_title_low",documents/689f8578334741b83a484e81ace672cee146bab9f815a2a7e8a777b6b00e9076.pdf,0,,AUTO
"C:\Users\CAIHUI\MicroEra-Wiki-MVP-new\backend\data\zaozhi\CN202410455919.3_一种2,5-呋喃二甲酸颗粒及其制备方法和应用.pdf","zaozhi/CN202410455919.3_一种2,5-呋喃二甲酸颗粒及其制备方法和应用.pdf","CN202410455919.3_一种2,5-呋喃二甲酸颗粒及其制备方法和应用.pdf",".pdf",990369,689f8578334741b83a484e81ace672cee146bab9f815a2a7e8a777b6b00e9076,application/pdf,205,0.5,"fuzzy_title_low",documents/689f8578334741b83a484e81ace672cee146bab9f815a2a7e8a777b6b00e9076.pdf,0,,AUTO
"C:\Users\CAIHUI\MicroEra-Wiki-MVP-new\backend\data\zaozhi\CN202410455919.3_一种2,5-呋喃二甲酸颗粒及其制备方法和应用.pdf","zaozhi/CN202410455919.3_一种2,5-呋喃二甲酸颗粒及其制备方法和应用.pdf","CN202410455919.3_一种2,5-呋喃二甲酸颗粒及其制备方法和应用.pdf",".pdf",990369,689f8578334741b83a484e81ace672cee146bab9f815a2a7e8a777b6b00e9076,application/pdf,215,0.5,"fuzzy_title_low",documents/689f8578334741b83a484e81ace672cee146bab9f815a2a7e8a777b6b00e9076.pdf,0,,AUTO
"C:\Users\CAIHUI\MicroEra-Wiki-MVP-new\backend\data\zaozhi\CN202410455919.3_一种2,5-呋喃二甲酸颗粒及其制备方法和应用.pdf","zaozhi/CN202410455919.3_一种2,5-呋喃二甲酸颗粒及其制备方法和应用.pdf","CN202410455919.3_一种2,5-呋喃二甲酸颗粒及其制备方法和应用.pdf",".pdf",990369,689f8578334741b83a484e81ace672cee146bab9f815a2a7e8a777b6b00e9076,application/pdf,351,0.5,"fuzzy_title_low",documents/689f8578334741b83a484e81ace672cee146bab9f815a2a7e8a777b6b00e9076.pdf,0,,AUTO
"C:\Users\CAIHUI\MicroEra-Wiki-MVP-new\backend\data\zaozhi\CN202410455919.3_一种2,5-呋喃二甲酸颗粒及其制备方法和应用.pdf","zaozhi/CN202410455919.3_一种2,5-呋喃二甲酸颗粒及其制备方法和应用.pdf","CN202410455919.3_一种2,5-呋喃二甲酸颗粒及其制备方法和应用.pdf",".pdf",990369,689f8578334741b83a484e81ace672cee146bab9f815a2a7e8a777b6b00e9076,application/pdf,355,0.5,"fuzzy_title_low",documents/689f8578334741b83a484e81ace672cee146bab9f815a2a7e8a777b6b00e9076.pdf,0,,AUTO
"C:\Users\CAIHUI\MicroEra-Wiki-MVP-new\backend\data\zaozhi\CN202411727615.4_一种生物基聚酰胺纳滤膜及其应用.pdf","zaozhi/CN202411727615.4_一种生物基聚酰胺纳滤膜及其应用.pdf","CN202411727615.4_一种生物基聚酰胺纳滤膜及其应用.pdf",".pdf",1937920,f888faa3901c93ec8b8c02e9a0fa49606d30e1e3b60ccf5f6810663409cfe7e4,application/pdf,214,0.98,"exact_title",documents/f888faa3901c93ec8b8c02e9a0fa49606d30e1e3b60ccf5f6810663409cfe7e4.pdf,0,,AUTO
"C:\Users\CAIHUI\MicroEra-Wiki-MVP-new\backend\data\zaozhi\CN202510726786.3_一种呋喃二甲酸的合成方法.pdf","zaozhi/CN202510726786.3_一种呋喃二甲酸的合成方法.pdf","CN202510726786.3_一种呋喃二甲酸的合成方法.pdf",".pdf",2793243,dc6e5e212143ee156bd1ea7538185ee74b263e5b8c9538c590992087058ee25f,application/pdf,215,0.98,"exact_title",documents/dc6e5e212143ee156bd1ea7538185ee74b263e5b8c9538c590992087058ee25f.pdf,0,,AUTO
"C:\Users\CAIHUI\MicroEra-Wiki-MVP-new\backend\data\zaozhi\CN202510726786.3_一种呋喃二甲酸的合成方法.pdf","zaozhi/CN202510726786.3_一种呋喃二甲酸的合成方法.pdf","CN202510726786.3_一种呋喃二甲酸的合成方法.pdf",".pdf",2793243,dc6e5e212143ee156bd1ea7538185ee74b263e5b8c9538c590992087058ee25f,application/pdf,134,0.5,"fuzzy_title_low",documents/dc6e5e212143ee156bd1ea7538185ee74b263e5b8c9538c590992087058ee25f.pdf,0,,AUTO
"C:\Users\CAIHUI\MicroEra-Wiki-MVP-new\backend\data\zaozhi\CN202510726786.3_一种呋喃二甲酸的合成方法.pdf","zaozhi/CN202510726786.3_一种呋喃二甲酸的合成方法.pdf","CN202510726786.3_一种呋喃二甲酸的合成方法.pdf",".pdf",2793243,dc6e5e212143ee156bd1ea7538185ee74b263e5b8c9538c590992087058ee25f,application/pdf,136,0.5,"fuzzy_title_low",documents/dc6e5e212143ee156bd1ea7538185ee74b263e5b8c9538c590992087058ee25f.pdf,0,,AUTO
"C:\Users\CAIHUI\MicroEra-Wiki-MVP-new\backend\data\zaozhi\CN202510726786.3_一种呋喃二甲酸的合成方法.pdf","zaozhi/CN202510726786.3_一种呋喃二甲酸的合成方法.pdf","CN202510726786.3_一种呋喃二甲酸的合成方法.pdf",".pdf",2793243,dc6e5e212143ee156bd1ea7538185ee74b263e5b8c9538c590992087058ee25f,application/pdf,177,0.5,"fuzzy_title_low",documents/dc6e5e212143ee156bd1ea7538185ee74b263e5b8c9538c590992087058ee25f.pdf,0,,AUTO
"C:\Users\CAIHUI\MicroEra-Wiki-MVP-new\backend\data\zaozhi\CN202510726786.3_一种呋喃二甲酸的合成方法.pdf","zaozhi/CN202510726786.3_一种呋喃二甲酸的合成方法.pdf","CN202510726786.3_一种呋喃二甲酸的合成方法.pdf",".pdf",2793243,dc6e5e212143ee156bd1ea7538185ee74b263e5b8c9538c590992087058ee25f,application/pdf,179,0.5,"fuzzy_title_low",documents/dc6e5e212143ee156bd1ea7538185ee74b263e5b8c9538c590992087058ee25f.pdf,0,,AUTO
"C:\Users\CAIHUI\MicroEra-Wiki-MVP-new\backend\data\zaozhi\CN202510726786.3_一种呋喃二甲酸的合成方法.pdf","zaozhi/CN202510726786.3_一种呋喃二甲酸的合成方法.pdf","CN202510726786.3_一种呋喃二甲酸的合成方法.pdf",".pdf",2793243,dc6e5e212143ee156bd1ea7538185ee74b263e5b8c9538c590992087058ee25f,application/pdf,190,0.5,"fuzzy_title_low",documents/dc6e5e212143ee156bd1ea7538185ee74b263e5b8c9538c590992087058ee25f.pdf,0,,AUTO
"C:\Users\CAIHUI\MicroEra-Wiki-MVP-new\backend\data\zaozhi\CN202510726786.3_一种呋喃二甲酸的合成方法.pdf","zaozhi/CN202510726786.3_一种呋喃二甲酸的合成方法.pdf","CN202510726786.3_一种呋喃二甲酸的合成方法.pdf",".pdf",2793243,dc6e5e212143ee156bd1ea7538185ee74b263e5b8c9538c590992087058ee25f,application/pdf,205,0.5,"fuzzy_title_low",documents/dc6e5e212143ee156bd1ea7538185ee74b263e5b8c9538c590992087058ee25f.pdf,0,,AUTO
"C:\Users\CAIHUI\MicroEra-Wiki-MVP-new\backend\data\zaozhi\CN202510726786.3_一种呋喃二甲酸的合成方法.pdf","zaozhi/CN202510726786.3_一种呋喃二甲酸的合成方法.pdf","CN202510726786.3_一种呋喃二甲酸的合成方法.pdf",".pdf",2793243,dc6e5e212143ee156bd1ea7538185ee74b263e5b8c9538c590992087058ee25f,application/pdf,207,0.5,"fuzzy_title_low",documents/dc6e5e212143ee156bd1ea7538185ee74b263e5b8c9538c590992087058ee25f.pdf,0,,AUTO
"C:\Users\CAIHUI\MicroEra-Wiki-MVP-new\backend\data\zaozhi\CN202510726786.3_一种呋喃二甲酸的合成方法.pdf","zaozhi/CN202510726786.3_一种呋喃二甲酸的合成方法.pdf","CN202510726786.3_一种呋喃二甲酸的合成方法.pdf",".pdf",2793243,dc6e5e212143ee156bd1ea7538185ee74b263e5b8c9538c590992087058ee25f,application/pdf,211,0.5,"fuzzy_title_low",documents/dc6e5e212143ee156bd1ea7538185ee74b263e5b8c9538c590992087058ee25f.pdf,0,,AUTO
"C:\Users\CAIHUI\MicroEra-Wiki-MVP-new\backend\data\zaozhi\CN202510726786.3_一种呋喃二甲酸的合成方法.pdf","zaozhi/CN202510726786.3_一种呋喃二甲酸的合成方法.pdf","CN202510726786.3_一种呋喃二甲酸的合成方法.pdf",".pdf",2793243,dc6e5e212143ee156bd1ea7538185ee74b263e5b8c9538c590992087058ee25f,application/pdf,212,0.5,"fuzzy_title_low",documents/dc6e5e212143ee156bd1ea7538185ee74b263e5b8c9538c590992087058ee25f.pdf,0,,AUTO
"C:\Users\CAIHUI\MicroEra-Wiki-MVP-new\backend\data\zaozhi\CN202510726786.3_一种呋喃二甲酸的合成方法.pdf","zaozhi/CN202510726786.3_一种呋喃二甲酸的合成方法.pdf","CN202510726786.3_一种呋喃二甲酸的合成方法.pdf",".pdf",2793243,dc6e5e212143ee156bd1ea7538185ee74b263e5b8c9538c590992087058ee25f,application/pdf,213,0.5,"fuzzy_title_low",documents/dc6e5e212143ee156bd1ea7538185ee74b263e5b8c9538c590992087058ee25f.pdf,0,,AUTO
"C:\Users\CAIHUI\MicroEra-Wiki-MVP-new\backend\data\zaozhi\CN202510726786.3_一种呋喃二甲酸的合成方法.pdf","zaozhi/CN202510726786.3_一种呋喃二甲酸的合成方法.pdf","CN202510726786.3_一种呋喃二甲酸的合成方法.pdf",".pdf",2793243,dc6e5e212143ee156bd1ea7538185ee74b263e5b8c9538c590992087058ee25f,application/pdf,355,0.5,"fuzzy_title_low",documents/dc6e5e212143ee156bd1ea7538185ee74b263e5b8c9538c590992087058ee25f.pdf,0,,AUTO
"C:\Users\CAIHUI\MicroEra-Wiki-MVP-new\backend\data\zaozhi\CN202511322703.0_一种5-羟甲基糠醛的纯化方法.pdf","zaozhi/CN202511322703.0_一种5-羟甲基糠醛的纯化方法.pdf","CN202511322703.0_一种5-羟甲基糠醛的纯化方法.pdf",".pdf",1112736,df7d6443eaed649528cfccc6b77d4850629958482bb8f800e3f2bfaaa1cdc743,application/pdf,216,0.98,"exact_title",documents/df7d6443eaed649528cfccc6b77d4850629958482bb8f800e3f2bfaaa1cdc743.pdf,0,,AUTO
"C:\Users\CAIHUI\MicroEra-Wiki-MVP-new\backend\data\zaozhi\CN202511322703.0_一种5-羟甲基糠醛的纯化方法.pdf","zaozhi/CN202511322703.0_一种5-羟甲基糠醛的纯化方法.pdf","CN202511322703.0_一种5-羟甲基糠醛的纯化方法.pdf",".pdf",1112736,df7d6443eaed649528cfccc6b77d4850629958482bb8f800e3f2bfaaa1cdc743,application/pdf,142,0.65,"fuzzy_title",documents/df7d6443eaed649528cfccc6b77d4850629958482bb8f800e3f2bfaaa1cdc743.pdf,0,,AUTO
"C:\Users\CAIHUI\MicroEra-Wiki-MVP-new\backend\data\zaozhi\CN202511322703.0_一种5-羟甲基糠醛的纯化方法.pdf","zaozhi/CN202511322703.0_一种5-羟甲基糠醛的纯化方法.pdf","CN202511322703.0_一种5-羟甲基糠醛的纯化方法.pdf",".pdf",1112736,df7d6443eaed649528cfccc6b77d4850629958482bb8f800e3f2bfaaa1cdc743,application/pdf,185,0.65,"fuzzy_title",documents/df7d6443eaed649528cfccc6b77d4850629958482bb8f800e3f2bfaaa1cdc743.pdf,0,,AUTO
"C:\Users\CAIHUI\MicroEra-Wiki-MVP-new\backend\data\zaozhi\CN202511322703.0_一种5-羟甲基糠醛的纯化方法.pdf","zaozhi/CN202511322703.0_一种5-羟甲基糠醛的纯化方法.pdf","CN202511322703.0_一种5-羟甲基糠醛的纯化方法.pdf",".pdf",1112736,df7d6443eaed649528cfccc6b77d4850629958482bb8f800e3f2bfaaa1cdc743,application/pdf,206,0.65,"fuzzy_title",documents/df7d6443eaed649528cfccc6b77d4850629958482bb8f800e3f2bfaaa1cdc743.pdf,0,,AUTO
"C:\Users\CAIHUI\MicroEra-Wiki-MVP-new\backend\data\zaozhi\CN202511322703.0_一种5-羟甲基糠醛的纯化方法.pdf","zaozhi/CN202511322703.0_一种5-羟甲基糠醛的纯化方法.pdf","CN202511322703.0_一种5-羟甲基糠醛的纯化方法.pdf",".pdf",1112736,df7d6443eaed649528cfccc6b77d4850629958482bb8f800e3f2bfaaa1cdc743,application/pdf,190,0.5,"fuzzy_title_low",documents/df7d6443eaed649528cfccc6b77d4850629958482bb8f800e3f2bfaaa1cdc743.pdf,0,,AUTO
"C:\Users\CAIHUI\MicroEra-Wiki-MVP-new\backend\data\zaozhi\CN202511322703.0_一种5-羟甲基糠醛的纯化方法.pdf","zaozhi/CN202511322703.0_一种5-羟甲基糠醛的纯化方法.pdf","CN202511322703.0_一种5-羟甲基糠醛的纯化方法.pdf",".pdf",1112736,df7d6443eaed649528cfccc6b77d4850629958482bb8f800e3f2bfaaa1cdc743,application/pdf,200,0.5,"fuzzy_title_low",documents/df7d6443eaed649528cfccc6b77d4850629958482bb8f800e3f2bfaaa1cdc743.pdf,0,,AUTO
"C:\Users\CAIHUI\MicroEra-Wiki-MVP-new\backend\data\zaozhi\CN202511322703.0_一种5-羟甲基糠醛的纯化方法.pdf","zaozhi/CN202511322703.0_一种5-羟甲基糠醛的纯化方法.pdf","CN202511322703.0_一种5-羟甲基糠醛的纯化方法.pdf",".pdf",1112736,df7d6443eaed649528cfccc6b77d4850629958482bb8f800e3f2bfaaa1cdc743,application/pdf,205,0.5,"fuzzy_title_low",documents/df7d6443eaed649528cfccc6b77d4850629958482bb8f800e3f2bfaaa1cdc743.pdf,0,,AUTO
"C:\Users\CAIHUI\MicroEra-Wiki-MVP-new\backend\data\zaozhi\CN202511322703.0_一种5-羟甲基糠醛的纯化方法.pdf","zaozhi/CN202511322703.0_一种5-羟甲基糠醛的纯化方法.pdf","CN202511322703.0_一种5-羟甲基糠醛的纯化方法.pdf",".pdf",1112736,df7d6443eaed649528cfccc6b77d4850629958482bb8f800e3f2bfaaa1cdc743,application/pdf,209,0.5,"fuzzy_title_low",documents/df7d6443eaed649528cfccc6b77d4850629958482bb8f800e3f2bfaaa1cdc743.pdf,0,,AUTO
"C:\Users\CAIHUI\MicroEra-Wiki-MVP-new\backend\data\zaozhi\CN202511322703.0_一种5-羟甲基糠醛的纯化方法.pdf","zaozhi/CN202511322703.0_一种5-羟甲基糠醛的纯化方法.pdf","CN202511322703.0_一种5-羟甲基糠醛的纯化方法.pdf",".pdf",1112736,df7d6443eaed649528cfccc6b77d4850629958482bb8f800e3f2bfaaa1cdc743,application/pdf,210,0.5,"fuzzy_title_low",documents/df7d6443eaed649528cfccc6b77d4850629958482bb8f800e3f2bfaaa1cdc743.pdf,0,,AUTO
"C:\Users\CAIHUI\MicroEra-Wiki-MVP-new\backend\data\zaozhi\CN202511322703.0_一种5-羟甲基糠醛的纯化方法.pdf","zaozhi/CN202511322703.0_一种5-羟甲基糠醛的纯化方法.pdf","CN202511322703.0_一种5-羟甲基糠醛的纯化方法.pdf",".pdf",1112736,df7d6443eaed649528cfccc6b77d4850629958482bb8f800e3f2bfaaa1cdc743,application/pdf,211,0.5,"fuzzy_title_low",documents/df7d6443eaed649528cfccc6b77d4850629958482bb8f800e3f2bfaaa1cdc743.pdf,0,,AUTO
"C:\Users\CAIHUI\MicroEra-Wiki-MVP-new\backend\data\zaozhi\CN202511322703.0_一种5-羟甲基糠醛的纯化方法.pdf","zaozhi/CN202511322703.0_一种5-羟甲基糠醛的纯化方法.pdf","CN202511322703.0_一种5-羟甲基糠醛的纯化方法.pdf",".pdf",1112736,df7d6443eaed649528cfccc6b77d4850629958482bb8f800e3f2bfaaa1cdc743,application/pdf,212,0.5,"fuzzy_title_low",documents/df7d6443eaed649528cfccc6b77d4850629958482bb8f800e3f2bfaaa1cdc743.pdf,0,,AUTO
"C:\Users\CAIHUI\MicroEra-Wiki-MVP-new\backend\data\zaozhi\EP24203247.2_METHOD FOR PREPARING 5-HYDROXYMETHYLFURFURAL.pdf","zaozhi/EP24203247.2_METHOD FOR PREPARING 5-HYDROXYMETHYLFURFURAL.pdf","EP24203247.2_METHOD FOR PREPARING 5-HYDROXYMETHYLFURFURAL.pdf",".pdf",381315,64a4544c572b455424212c0308e60667d02a12d92eed0f271ba371fffff2ab4e,application/pdf,217,0.98,"exact_title",documents/64a4544c572b455424212c0308e60667d02a12d92eed0f271ba371fffff2ab4e.pdf,0,,AUTO
"C:\Users\CAIHUI\MicroEra-Wiki-MVP-new\backend\data\zaozhi\EP24203247.2_METHOD FOR PREPARING 5-HYDROXYMETHYLFURFURAL.pdf","zaozhi/EP24203247.2_METHOD FOR PREPARING 5-HYDROXYMETHYLFURFURAL.pdf","EP24203247.2_METHOD FOR PREPARING 5-HYDROXYMETHYLFURFURAL.pdf",".pdf",381315,64a4544c572b455424212c0308e60667d02a12d92eed0f271ba371fffff2ab4e,application/pdf,323,0.65,"fuzzy_title",documents/64a4544c572b455424212c0308e60667d02a12d92eed0f271ba371fffff2ab4e.pdf,0,,AUTO
"C:\Users\CAIHUI\MicroEra-Wiki-MVP-new\backend\data\zaozhi\Energy Science   Engineering - 2025 - Buthelezi - Techno‐Economic Assessment of Biofuels Production From Sugarcane Bagasse.pdf","zaozhi/Energy Science   Engineering - 2025 - Buthelezi - Techno‐Economic Assessment of Biofuels Production From Sugarcane Bagasse.pdf","Energy Science   Engineering - 2025 - Buthelezi - Techno‐Economic Assessment of Biofuels Production From Sugarcane Bagasse.pdf",".pdf",741654,cffa7df131e2fc0bd223db9ceea438fb00c183279c82146c4d30a01d5f7c35e3,application/pdf,218,0.85,"metadata_in_db",documents/cffa7df131e2fc0bd223db9ceea438fb00c183279c82146c4d30a01d5f7c35e3.pdf,0,,AUTO
"C:\Users\CAIHUI\MicroEra-Wiki-MVP-new\backend\data\zaozhi\Engineering Ligninolytic Consortium for Bioconversion of Lignocelluloses to Ethanol and Chemicals(科研通-ablesci.com).pdf","zaozhi/Engineering Ligninolytic Consortium for Bioconversion of Lignocelluloses to Ethanol and Chemicals(科研通-ablesci.com).pdf","Engineering Ligninolytic Consortium for Bioconversion of Lignocelluloses to Ethanol and Chemicals(科研通-ablesci.com).pdf",".pdf",7530866,00cb1402b518aef386a6c21fd8b0c6dc8d0f8643401ceb71bea5239a1c55c716,application/pdf,219,0.85,"metadata_in_db",documents/00cb1402b518aef386a6c21fd8b0c6dc8d0f8643401ceb71bea5239a1c55c716.pdf,0,,AUTO
"C:\Users\CAIHUI\MicroEra-Wiki-MVP-new\backend\data\zaozhi\Green synthesis of ZnO-NPs using sugarcane bagasse waste_ Phytochemical assessment of extract and biological study of nanopartic(科研通-ablesci.com).pdf","zaozhi/Green synthesis of ZnO-NPs using sugarcane bagasse waste_ Phytochemical assessment of extract and biological study of nanopartic(科研通-ablesci.com).pdf","Green synthesis of ZnO-NPs using sugarcane bagasse waste_ Phytochemical assessment of extract and biological study of nanopartic(科研通-ablesci.com).pdf",".pdf",6962995,642c7938c0e497786522a1bfd3c47d7903c90216031dea9f809a2e913186ff79,application/pdf,220,0.85,"metadata_in_db",documents/642c7938c0e497786522a1bfd3c47d7903c90216031dea9f809a2e913186ff79.pdf,0,,AUTO
"C:\Users\CAIHUI\MicroEra-Wiki-MVP-new\backend\data\zaozhi\JP2024145580_５－ヒドロキシメチルフルフラールの製造方法.pdf","zaozhi/JP2024145580_５－ヒドロキシメチルフルフラールの製造方法.pdf","JP2024145580_５－ヒドロキシメチルフルフラールの製造方法.pdf",".pdf",346388,37dc677eebf02b9e16b33d9535aaed6fa199665c875cddb1cd6b0f32560d1e86,application/pdf,221,0.98,"exact_title",documents/37dc677eebf02b9e16b33d9535aaed6fa199665c875cddb1cd6b0f32560d1e86.pdf,0,,AUTO
"C:\Users\CAIHUI\MicroEra-Wiki-MVP-new\backend\data\zaozhi\Noor_2020_IOP_Conf._Ser.__Earth_Environ._Sci._599_012051.pdf","zaozhi/Noor_2020_IOP_Conf._Ser.__Earth_Environ._Sci._599_012051.pdf","Noor_2020_IOP_Conf._Ser.__Earth_Environ._Sci._599_012051.pdf",".pdf",1612920,828a60aea721bd94737e33001e23875898fb4cd67a5b5bb23ef31bd3d267e8e8,application/pdf,222,0.85,"metadata_in_db",documents/828a60aea721bd94737e33001e23875898fb4cd67a5b5bb23ef31bd3d267e8e8.pdf,0,,AUTO
"C:\Users\CAIHUI\MicroEra-Wiki-MVP-new\backend\data\zaozhi\PCTCN2025079285_一种呋喃二甲酸的制备方法及装置.pdf","zaozhi/PCTCN2025079285_一种呋喃二甲酸的制备方法及装置.pdf","PCTCN2025079285_一种呋喃二甲酸的制备方法及装置.pdf",".pdf",1473342,8e24d43e22902e88943dcb0b5ed678dae0a1280f8dea2730dc827132d54298bc,application/pdf,355,0.98,"exact_title",documents/8e24d43e22902e88943dcb0b5ed678dae0a1280f8dea2730dc827132d54298bc.pdf,0,"zaozhi/甘蔗渣/利夫生物/专利/第一部分/PCTCN2025079285_一种呋喃二甲酸的制备方法及装置.pdf",AUTO
"C:\Users\CAIHUI\MicroEra-Wiki-MVP-new\backend\data\zaozhi\PCTCN2025079285_一种呋喃二甲酸的制备方法及装置.pdf","zaozhi/PCTCN2025079285_一种呋喃二甲酸的制备方法及装置.pdf","PCTCN2025079285_一种呋喃二甲酸的制备方法及装置.pdf",".pdf",1473342,8e24d43e22902e88943dcb0b5ed678dae0a1280f8dea2730dc827132d54298bc,application/pdf,134,0.65,"fuzzy_title",documents/8e24d43e22902e88943dcb0b5ed678dae0a1280f8dea2730dc827132d54298bc.pdf,0,"zaozhi/甘蔗渣/利夫生物/专利/第一部分/PCTCN2025079285_一种呋喃二甲酸的制备方法及装置.pdf",AUTO
"C:\Users\CAIHUI\MicroEra-Wiki-MVP-new\backend\data\zaozhi\PCTCN2025079285_一种呋喃二甲酸的制备方法及装置.pdf","zaozhi/PCTCN2025079285_一种呋喃二甲酸的制备方法及装置.pdf","PCTCN2025079285_一种呋喃二甲酸的制备方法及装置.pdf",".pdf",1473342,8e24d43e22902e88943dcb0b5ed678dae0a1280f8dea2730dc827132d54298bc,application/pdf,177,0.65,"fuzzy_title",documents/8e24d43e22902e88943dcb0b5ed678dae0a1280f8dea2730dc827132d54298bc.pdf,0,"zaozhi/甘蔗渣/利夫生物/专利/第一部分/PCTCN2025079285_一种呋喃二甲酸的制备方法及装置.pdf",AUTO
"C:\Users\CAIHUI\MicroEra-Wiki-MVP-new\backend\data\zaozhi\PCTCN2025079285_一种呋喃二甲酸的制备方法及装置.pdf","zaozhi/PCTCN2025079285_一种呋喃二甲酸的制备方法及装置.pdf","PCTCN2025079285_一种呋喃二甲酸的制备方法及装置.pdf",".pdf",1473342,8e24d43e22902e88943dcb0b5ed678dae0a1280f8dea2730dc827132d54298bc,application/pdf,135,0.5,"fuzzy_title_low",documents/8e24d43e22902e88943dcb0b5ed678dae0a1280f8dea2730dc827132d54298bc.pdf,0,"zaozhi/甘蔗渣/利夫生物/专利/第一部分/PCTCN2025079285_一种呋喃二甲酸的制备方法及装置.pdf",AUTO
"C:\Users\CAIHUI\MicroEra-Wiki-MVP-new\backend\data\zaozhi\PCTCN2025079285_一种呋喃二甲酸的制备方法及装置.pdf","zaozhi/PCTCN2025079285_一种呋喃二甲酸的制备方法及装置.pdf","PCTCN2025079285_一种呋喃二甲酸的制备方法及装置.pdf",".pdf",1473342,8e24d43e22902e88943dcb0b5ed678dae0a1280f8dea2730dc827132d54298bc,application/pdf,136,0.5,"fuzzy_title_low",documents/8e24d43e22902e88943dcb0b5ed678dae0a1280f8dea2730dc827132d54298bc.pdf,0,"zaozhi/甘蔗渣/利夫生物/专利/第一部分/PCTCN2025079285_一种呋喃二甲酸的制备方法及装置.pdf",AUTO
"C:\Users\CAIHUI\MicroEra-Wiki-MVP-new\backend\data\zaozhi\PCTCN2025079285_一种呋喃二甲酸的制备方法及装置.pdf","zaozhi/PCTCN2025079285_一种呋喃二甲酸的制备方法及装置.pdf","PCTCN2025079285_一种呋喃二甲酸的制备方法及装置.pdf",".pdf",1473342,8e24d43e22902e88943dcb0b5ed678dae0a1280f8dea2730dc827132d54298bc,application/pdf,178,0.5,"fuzzy_title_low",documents/8e24d43e22902e88943dcb0b5ed678dae0a1280f8dea2730dc827132d54298bc.pdf,0,"zaozhi/甘蔗渣/利夫生物/专利/第一部分/PCTCN2025079285_一种呋喃二甲酸的制备方法及装置.pdf",AUTO
"C:\Users\CAIHUI\MicroEra-Wiki-MVP-new\backend\data\zaozhi\PCTCN2025079285_一种呋喃二甲酸的制备方法及装置.pdf","zaozhi/PCTCN2025079285_一种呋喃二甲酸的制备方法及装置.pdf","PCTCN2025079285_一种呋喃二甲酸的制备方法及装置.pdf",".pdf",1473342,8e24d43e22902e88943dcb0b5ed678dae0a1280f8dea2730dc827132d54298bc,application/pdf,179,0.5,"fuzzy_title_low",documents/8e24d43e22902e88943dcb0b5ed678dae0a1280f8dea2730dc827132d54298bc.pdf,0,"zaozhi/甘蔗渣/利夫生物/专利/第一部分/PCTCN2025079285_一种呋喃二甲酸的制备方法及装置.pdf",AUTO
"C:\Users\CAIHUI\MicroEra-Wiki-MVP-new\backend\data\zaozhi\PCTCN2025079285_一种呋喃二甲酸的制备方法及装置.pdf","zaozhi/PCTCN2025079285_一种呋喃二甲酸的制备方法及装置.pdf","PCTCN2025079285_一种呋喃二甲酸的制备方法及装置.pdf",".pdf",1473342,8e24d43e22902e88943dcb0b5ed678dae0a1280f8dea2730dc827132d54298bc,application/pdf,188,0.5,"fuzzy_title_low",documents/8e24d43e22902e88943dcb0b5ed678dae0a1280f8dea2730dc827132d54298bc.pdf,0,"zaozhi/甘蔗渣/利夫生物/专利/第一部分/PCTCN2025079285_一种呋喃二甲酸的制备方法及装置.pdf",AUTO
"C:\Users\CAIHUI\MicroEra-Wiki-MVP-new\backend\data\zaozhi\PCTCN2025079285_一种呋喃二甲酸的制备方法及装置.pdf","zaozhi/PCTCN2025079285_一种呋喃二甲酸的制备方法及装置.pdf","PCTCN2025079285_一种呋喃二甲酸的制备方法及装置.pdf",".pdf",1473342,8e24d43e22902e88943dcb0b5ed678dae0a1280f8dea2730dc827132d54298bc,application/pdf,189,0.5,"fuzzy_title_low",documents/8e24d43e22902e88943dcb0b5ed678dae0a1280f8dea2730dc827132d54298bc.pdf,0,"zaozhi/甘蔗渣/利夫生物/专利/第一部分/PCTCN2025079285_一种呋喃二甲酸的制备方法及装置.pdf",AUTO
"C:\Users\CAIHUI\MicroEra-Wiki-MVP-new\backend\data\zaozhi\PCTCN2025079285_一种呋喃二甲酸的制备方法及装置.pdf","zaozhi/PCTCN2025079285_一种呋喃二甲酸的制备方法及装置.pdf","PCTCN2025079285_一种呋喃二甲酸的制备方法及装置.pdf",".pdf",1473342,8e24d43e22902e88943dcb0b5ed678dae0a1280f8dea2730dc827132d54298bc,application/pdf,190,0.5,"fuzzy_title_low",documents/8e24d43e22902e88943dcb0b5ed678dae0a1280f8dea2730dc827132d54298bc.pdf,0,"zaozhi/甘蔗渣/利夫生物/专利/第一部分/PCTCN2025079285_一种呋喃二甲酸的制备方法及装置.pdf",AUTO
"C:\Users\CAIHUI\MicroEra-Wiki-MVP-new\backend\data\zaozhi\PCTCN2025079285_一种呋喃二甲酸的制备方法及装置.pdf","zaozhi/PCTCN2025079285_一种呋喃二甲酸的制备方法及装置.pdf","PCTCN2025079285_一种呋喃二甲酸的制备方法及装置.pdf",".pdf",1473342,8e24d43e22902e88943dcb0b5ed678dae0a1280f8dea2730dc827132d54298bc,application/pdf,191,0.5,"fuzzy_title_low",documents/8e24d43e22902e88943dcb0b5ed678dae0a1280f8dea2730dc827132d54298bc.pdf,0,"zaozhi/甘蔗渣/利夫生物/专利/第一部分/PCTCN2025079285_一种呋喃二甲酸的制备方法及装置.pdf",AUTO
"C:\Users\CAIHUI\MicroEra-Wiki-MVP-new\backend\data\zaozhi\PCTCN2025079285_一种呋喃二甲酸的制备方法及装置.pdf","zaozhi/PCTCN2025079285_一种呋喃二甲酸的制备方法及装置.pdf","PCTCN2025079285_一种呋喃二甲酸的制备方法及装置.pdf",".pdf",1473342,8e24d43e22902e88943dcb0b5ed678dae0a1280f8dea2730dc827132d54298bc,application/pdf,193,0.5,"fuzzy_title_low",documents/8e24d43e22902e88943dcb0b5ed678dae0a1280f8dea2730dc827132d54298bc.pdf,0,"zaozhi/甘蔗渣/利夫生物/专利/第一部分/PCTCN2025079285_一种呋喃二甲酸的制备方法及装置.pdf",AUTO
"C:\Users\CAIHUI\MicroEra-Wiki-MVP-new\backend\data\zaozhi\PCTCN2025079285_一种呋喃二甲酸的制备方法及装置.pdf","zaozhi/PCTCN2025079285_一种呋喃二甲酸的制备方法及装置.pdf","PCTCN2025079285_一种呋喃二甲酸的制备方法及装置.pdf",".pdf",1473342,8e24d43e22902e88943dcb0b5ed678dae0a1280f8dea2730dc827132d54298bc,application/pdf,195,0.5,"fuzzy_title_low",documents/8e24d43e22902e88943dcb0b5ed678dae0a1280f8dea2730dc827132d54298bc.pdf,0,"zaozhi/甘蔗渣/利夫生物/专利/第一部分/PCTCN2025079285_一种呋喃二甲酸的制备方法及装置.pdf",AUTO
"C:\Users\CAIHUI\MicroEra-Wiki-MVP-new\backend\data\zaozhi\PCTCN2025079285_一种呋喃二甲酸的制备方法及装置.pdf","zaozhi/PCTCN2025079285_一种呋喃二甲酸的制备方法及装置.pdf","PCTCN2025079285_一种呋喃二甲酸的制备方法及装置.pdf",".pdf",1473342,8e24d43e22902e88943dcb0b5ed678dae0a1280f8dea2730dc827132d54298bc,application/pdf,205,0.5,"fuzzy_title_low",documents/8e24d43e22902e88943dcb0b5ed678dae0a1280f8dea2730dc827132d54298bc.pdf,0,"zaozhi/甘蔗渣/利夫生物/专利/第一部分/PCTCN2025079285_一种呋喃二甲酸的制备方法及装置.pdf",AUTO
"C:\Users\CAIHUI\MicroEra-Wiki-MVP-new\backend\data\zaozhi\PCTCN2025079285_一种呋喃二甲酸的制备方法及装置.pdf","zaozhi/PCTCN2025079285_一种呋喃二甲酸的制备方法及装置.pdf","PCTCN2025079285_一种呋喃二甲酸的制备方法及装置.pdf",".pdf",1473342,8e24d43e22902e88943dcb0b5ed678dae0a1280f8dea2730dc827132d54298bc,application/pdf,207,0.5,"fuzzy_title_low",documents/8e24d43e22902e88943dcb0b5ed678dae0a1280f8dea2730dc827132d54298bc.pdf,0,"zaozhi/甘蔗渣/利夫生物/专利/第一部分/PCTCN2025079285_一种呋喃二甲酸的制备方法及装置.pdf",AUTO
"C:\Users\CAIHUI\MicroEra-Wiki-MVP-new\backend\data\zaozhi\PCTCN2025079285_一种呋喃二甲酸的制备方法及装置.pdf","zaozhi/PCTCN2025079285_一种呋喃二甲酸的制备方法及装置.pdf","PCTCN2025079285_一种呋喃二甲酸的制备方法及装置.pdf",".pdf",1473342,8e24d43e22902e88943dcb0b5ed678dae0a1280f8dea2730dc827132d54298bc,application/pdf,213,0.5,"fuzzy_title_low",documents/8e24d43e22902e88943dcb0b5ed678dae0a1280f8dea2730dc827132d54298bc.pdf,0,"zaozhi/甘蔗渣/利夫生物/专利/第一部分/PCTCN2025079285_一种呋喃二甲酸的制备方法及装置.pdf",AUTO
"C:\Users\CAIHUI\MicroEra-Wiki-MVP-new\backend\data\zaozhi\PCTCN2025079285_一种呋喃二甲酸的制备方法及装置.pdf","zaozhi/PCTCN2025079285_一种呋喃二甲酸的制备方法及装置.pdf","PCTCN2025079285_一种呋喃二甲酸的制备方法及装置.pdf",".pdf",1473342,8e24d43e22902e88943dcb0b5ed678dae0a1280f8dea2730dc827132d54298bc,application/pdf,215,0.5,"fuzzy_title_low",documents/8e24d43e22902e88943dcb0b5ed678dae0a1280f8dea2730dc827132d54298bc.pdf,0,"zaozhi/甘蔗渣/利夫生物/专利/第一部分/PCTCN2025079285_一种呋喃二甲酸的制备方法及装置.pdf",AUTO
"C:\Users\CAIHUI\MicroEra-Wiki-MVP-new\backend\data\zaozhi\PCTCN2025079285_一种呋喃二甲酸的制备方法及装置.pdf","zaozhi/PCTCN2025079285_一种呋喃二甲酸的制备方法及装置.pdf","PCTCN2025079285_一种呋喃二甲酸的制备方法及装置.pdf",".pdf",1473342,8e24d43e22902e88943dcb0b5ed678dae0a1280f8dea2730dc827132d54298bc,application/pdf,351,0.5,"fuzzy_title_low",documents/8e24d43e22902e88943dcb0b5ed678dae0a1280f8dea2730dc827132d54298bc.pdf,0,"zaozhi/甘蔗渣/利夫生物/专利/第一部分/PCTCN2025079285_一种呋喃二甲酸的制备方法及装置.pdf",AUTO
"C:\Users\CAIHUI\MicroEra-Wiki-MVP-new\backend\data\zaozhi\PCTCN2025079285_一种呋喃二甲酸的制备方法及装置.pdf","zaozhi/PCTCN2025079285_一种呋喃二甲酸的制备方法及装置.pdf","PCTCN2025079285_一种呋喃二甲酸的制备方法及装置.pdf",".pdf",1473342,8e24d43e22902e88943dcb0b5ed678dae0a1280f8dea2730dc827132d54298bc,application/pdf,353,0.5,"fuzzy_title_low",documents/8e24d43e22902e88943dcb0b5ed678dae0a1280f8dea2730dc827132d54298bc.pdf,0,"zaozhi/甘蔗渣/利夫生物/专利/第一部分/PCTCN2025079285_一种呋喃二甲酸的制备方法及装置.pdf",AUTO
"C:\Users\CAIHUI\MicroEra-Wiki-MVP-new\backend\data\zaozhi\US202418895254_METHOD FOR PREPARING 5-HYDROXYMETHYLFURFURAL.pdf","zaozhi/US202418895254_METHOD FOR PREPARING 5-HYDROXYMETHYLFURFURAL.pdf","US202418895254_METHOD FOR PREPARING 5-HYDROXYMETHYLFURFURAL.pdf",".pdf",827406,2d22e03ec6ca1dd89831d7f55a22d171d686e82b861523f20642f5d5e1663ec2,application/pdf,323,0.95,"source_summary",documents/2d22e03ec6ca1dd89831d7f55a22d171d686e82b861523f20642f5d5e1663ec2.pdf,0,"zaozhi/甘蔗渣/利夫生物/专利/第一部分/US202418895254_METHOD FOR PREPARING 5-HYDROXYMETHYLFURFURAL.pdf",AUTO
"C:\Users\CAIHUI\MicroEra-Wiki-MVP-new\backend\data\zaozhi\US202418895254_METHOD FOR PREPARING 5-HYDROXYMETHYLFURFURAL.pdf","zaozhi/US202418895254_METHOD FOR PREPARING 5-HYDROXYMETHYLFURFURAL.pdf","US202418895254_METHOD FOR PREPARING 5-HYDROXYMETHYLFURFURAL.pdf",".pdf",827406,2d22e03ec6ca1dd89831d7f55a22d171d686e82b861523f20642f5d5e1663ec2,application/pdf,217,0.65,"fuzzy_title",documents/2d22e03ec6ca1dd89831d7f55a22d171d686e82b861523f20642f5d5e1663ec2.pdf,0,"zaozhi/甘蔗渣/利夫生物/专利/第一部分/US202418895254_METHOD FOR PREPARING 5-HYDROXYMETHYLFURFURAL.pdf",AUTO
"C:\Users\CAIHUI\MicroEra-Wiki-MVP-new\backend\data\zaozhi\bbae409.pdf","zaozhi/bbae409.pdf","bbae409.pdf",".pdf",1379954,32936f7e3bc70a11c3c32cc587e892ee21d2e0d2e58f658b3a15bd07b203b393,application/pdf,223,0.85,"metadata_in_db",documents/32936f7e3bc70a11c3c32cc587e892ee21d2e0d2e58f658b3a15bd07b203b393.pdf,0,,AUTO
"C:\Users\CAIHUI\MicroEra-Wiki-MVP-new\backend\data\zaozhi\bio-based paper&pulp by MQE 2025.10.30.pdf","zaozhi/bio-based paper&pulp by MQE 2025.10.30.pdf","bio-based paper&pulp by MQE 2025.10.30.pdf",".pdf",3686982,14cffbc58c3a644ac4f3b20742ab5a9c10350b320ff9bfc91334398245aba1e0,application/pdf,225,0.98,"exact_title",documents/14cffbc58c3a644ac4f3b20742ab5a9c10350b320ff9bfc91334398245aba1e0.pdf,0,,AUTO
"C:\Users\CAIHUI\MicroEra-Wiki-MVP-new\backend\data\zaozhi\bio-based paper&pulp by MQE 2025.10.30.pdf","zaozhi/bio-based paper&pulp by MQE 2025.10.30.pdf","bio-based paper&pulp by MQE 2025.10.30.pdf",".pdf",3686982,14cffbc58c3a644ac4f3b20742ab5a9c10350b320ff9bfc91334398245aba1e0,application/pdf,226,0.98,"exact_title",documents/14cffbc58c3a644ac4f3b20742ab5a9c10350b320ff9bfc91334398245aba1e0.pdf,0,,AUTO
"C:\Users\CAIHUI\MicroEra-Wiki-MVP-new\backend\data\zaozhi\bio-based paper&pulp by MQE 2025.10.30.pdf","zaozhi/bio-based paper&pulp by MQE 2025.10.30.pdf","bio-based paper&pulp by MQE 2025.10.30.pdf",".pdf",3686982,14cffbc58c3a644ac4f3b20742ab5a9c10350b320ff9bfc91334398245aba1e0,application/pdf,224,0.65,"fuzzy_title",documents/14cffbc58c3a644ac4f3b20742ab5a9c10350b320ff9bfc91334398245aba1e0.pdf,0,,AUTO
"C:\Users\CAIHUI\MicroEra-Wiki-MVP-new\backend\data\zaozhi\bio-based paper&pulp by MQE 2025.10.30.pdf","zaozhi/bio-based paper&pulp by MQE 2025.10.30.pdf","bio-based paper&pulp by MQE 2025.10.30.pdf",".pdf",3686982,14cffbc58c3a644ac4f3b20742ab5a9c10350b320ff9bfc91334398245aba1e0,application/pdf,227,0.65,"fuzzy_title",documents/14cffbc58c3a644ac4f3b20742ab5a9c10350b320ff9bfc91334398245aba1e0.pdf,0,,AUTO
"C:\Users\CAIHUI\MicroEra-Wiki-MVP-new\backend\data\zaozhi\bio-based paper&pulp by MQE 2025.10.30.pdf","zaozhi/bio-based paper&pulp by MQE 2025.10.30.pdf","bio-based paper&pulp by MQE 2025.10.30.pdf",".pdf",3686982,14cffbc58c3a644ac4f3b20742ab5a9c10350b320ff9bfc91334398245aba1e0,application/pdf,228,0.65,"fuzzy_title",documents/14cffbc58c3a644ac4f3b20742ab5a9c10350b320ff9bfc91334398245aba1e0.pdf,0,,AUTO
"C:\Users\CAIHUI\MicroEra-Wiki-MVP-new\backend\data\zaozhi\bio-based paper&pulp by MQE 2025.10.30.pdf","zaozhi/bio-based paper&pulp by MQE 2025.10.30.pdf","bio-based paper&pulp by MQE 2025.10.30.pdf",".pdf",3686982,14cffbc58c3a644ac4f3b20742ab5a9c10350b320ff9bfc91334398245aba1e0,application/pdf,276,0.5,"fuzzy_title_low",documents/14cffbc58c3a644ac4f3b20742ab5a9c10350b320ff9bfc91334398245aba1e0.pdf,0,,AUTO
"C:\Users\CAIHUI\MicroEra-Wiki-MVP-new\backend\data\zaozhi\csirEnzymeApplicationsinPulpandPaperrav.pdf","zaozhi/csirEnzymeApplicationsinPulpandPaperrav.pdf","csirEnzymeApplicationsinPulpandPaperrav.pdf",".pdf",472138,e0e7d01f9b5fc5e3749caa631bb83c65d967ebeb66e995fc3e94d88b925d95a7,application/pdf,229,0.85,"metadata_in_db",documents/e0e7d01f9b5fc5e3749caa631bb83c65d967ebeb66e995fc3e94d88b925d95a7.pdf,0,,AUTO
"C:\Users\CAIHUI\MicroEra-Wiki-MVP-new\backend\data\zaozhi\f2121195da604aab89e06cbdd8b6cc43.pdf","zaozhi/f2121195da604aab89e06cbdd8b6cc43.pdf","f2121195da604aab89e06cbdd8b6cc43.pdf",".pdf",212216,d5559250bb0f7c686bab3ce1c4e3c06a782f8a951599f00f15b24097cbe3e0d4,application/pdf,230,0.85,"metadata_in_db",documents/d5559250bb0f7c686bab3ce1c4e3c06a782f8a951599f00f15b24097cbe3e0d4.pdf,0,,AUTO
"C:\Users\CAIHUI\MicroEra-Wiki-MVP-new\backend\data\zaozhi\fenrg-4-1549247.pdf","zaozhi/fenrg-4-1549247.pdf","fenrg-4-1549247.pdf",".pdf",25028374,8dbf57545955d6764c7ef19f0564f9fd384939a36bfe4179fd984d62bc694cec,application/pdf,231,0.85,"metadata_in_db",documents/8dbf57545955d6764c7ef19f0564f9fd384939a36bfe4179fd984d62bc694cec.pdf,0,,AUTO
"C:\Users\CAIHUI\MicroEra-Wiki-MVP-new\backend\data\zaozhi\fermentation-09-00789.pdf","zaozhi/fermentation-09-00789.pdf","fermentation-09-00789.pdf",".pdf",1081775,1ac60105e628b913338f2014f86e7adcf44a1a4baa5960685e279c43b863a158,application/pdf,232,0.85,"metadata_in_db",documents/1ac60105e628b913338f2014f86e7adcf44a1a4baa5960685e279c43b863a158.pdf,0,,AUTO
"C:\Users\CAIHUI\MicroEra-Wiki-MVP-new\backend\data\zaozhi\fermentation-11-00489.pdf","zaozhi/fermentation-11-00489.pdf","fermentation-11-00489.pdf",".pdf",1393772,85d1086388a081ecd8013c1837027ebf79304cdbde359b5a8d9dbf37355d5498,application/pdf,233,0.85,"metadata_in_db",documents/85d1086388a081ecd8013c1837027ebf79304cdbde359b5a8d9dbf37355d5498.pdf,0,,AUTO
"C:\Users\CAIHUI\MicroEra-Wiki-MVP-new\backend\data\zaozhi\foaf038.pdf","zaozhi/foaf038.pdf","foaf038.pdf",".pdf",1204292,9f5ecfef1bd12b75bbc878d8df3dbfb52f1d69d5700ea5fa4f6b414fcb08a66f,application/pdf,234,0.85,"metadata_in_db",documents/9f5ecfef1bd12b75bbc878d8df3dbfb52f1d69d5700ea5fa4f6b414fcb08a66f.pdf,0,,AUTO
"C:\Users\CAIHUI\MicroEra-Wiki-MVP-new\backend\data\zaozhi\foods-14-02158.pdf","zaozhi/foods-14-02158.pdf","foods-14-02158.pdf",".pdf",1459723,6f848c057113f9913236126e0413ae831dc2ce13a923ea7d8abc2a5703510698,application/pdf,235,0.85,"metadata_in_db",documents/6f848c057113f9913236126e0413ae831dc2ce13a923ea7d8abc2a5703510698.pdf,0,,AUTO
"C:\Users\CAIHUI\MicroEra-Wiki-MVP-new\backend\data\zaozhi\ijms-26-09906-v2.pdf","zaozhi/ijms-26-09906-v2.pdf","ijms-26-09906-v2.pdf",".pdf",15867860,7f4ab5bc8b1cec32231ade82ae5daaa144e28b0a5b62950c35e23dbf970362c0,application/pdf,236,0.85,"metadata_in_db",documents/7f4ab5bc8b1cec32231ade82ae5daaa144e28b0a5b62950c35e23dbf970362c0.pdf,0,,AUTO
"C:\Users\CAIHUI\MicroEra-Wiki-MVP-new\backend\data\zaozhi\jcs-09-00503.pdf","zaozhi/jcs-09-00503.pdf","jcs-09-00503.pdf",".pdf",2567638,e01039e034cd38eef73b07d2dc7937d812bb1cc320df4d337e7dfaa7c78f993c,application/pdf,237,0.85,"metadata_in_db",documents/e01039e034cd38eef73b07d2dc7937d812bb1cc320df4d337e7dfaa7c78f993c.pdf,0,,AUTO
"C:\Users\CAIHUI\MicroEra-Wiki-MVP-new\backend\data\zaozhi\lactic-acid-production-from-sugarcane-bagasse-hydrolysates-by-lactiplantibacillus-strains.pdf","zaozhi/lactic-acid-production-from-sugarcane-bagasse-hydrolysates-by-lactiplantibacillus-strains.pdf","lactic-acid-production-from-sugarcane-bagasse-hydrolysates-by-lactiplantibacillus-strains.pdf",".pdf",3942864,cc062e08dfc4abbaed0b5c985f0a3d834d1584ae967a101cab853645e891b965,application/pdf,239,0.85,"metadata_in_db",documents/cc062e08dfc4abbaed0b5c985f0a3d834d1584ae967a101cab853645e891b965.pdf,0,,AUTO
"C:\Users\CAIHUI\MicroEra-Wiki-MVP-new\backend\data\zaozhi\lactic-acid-production-from-sugarcane-bagasse-hydrolysates-by-lactiplantibacillus-strains.pdf","zaozhi/lactic-acid-production-from-sugarcane-bagasse-hydrolysates-by-lactiplantibacillus-strains.pdf","lactic-acid-production-from-sugarcane-bagasse-hydrolysates-by-lactiplantibacillus-strains.pdf",".pdf",3942864,cc062e08dfc4abbaed0b5c985f0a3d834d1584ae967a101cab853645e891b965,application/pdf,232,0.5,"fuzzy_title_low",documents/cc062e08dfc4abbaed0b5c985f0a3d834d1584ae967a101cab853645e891b965.pdf,0,,AUTO
"C:\Users\CAIHUI\MicroEra-Wiki-MVP-new\backend\data\zaozhi\main.pdf","zaozhi/main.pdf","main.pdf",".pdf",9632220,0bbb6b20e5b910fcee1e68dbb5895ed0d0878ce648b985324bc85ca7c4da6e35,application/pdf,240,0.85,"metadata_in_db",documents/0bbb6b20e5b910fcee1e68dbb5895ed0d0878ce648b985324bc85ca7c4da6e35.pdf,0,,AUTO
"C:\Users\CAIHUI\MicroEra-Wiki-MVP-new\backend\data\zaozhi\main2.pdf","zaozhi/main2.pdf","main2.pdf",".pdf",4844117,69d1a30b7850c6ffd9a9897097b17bd7ba94192fc387c484c11df955e8b3e5e5,application/pdf,128,0.85,"pdf_title",documents/69d1a30b7850c6ffd9a9897097b17bd7ba94192fc387c484c11df955e8b3e5e5.pdf,0,,AUTO
"C:\Users\CAIHUI\MicroEra-Wiki-MVP-new\backend\data\zaozhi\main2.pdf","zaozhi/main2.pdf","main2.pdf",".pdf",4844117,69d1a30b7850c6ffd9a9897097b17bd7ba94192fc387c484c11df955e8b3e5e5,application/pdf,171,0.85,"pdf_title",documents/69d1a30b7850c6ffd9a9897097b17bd7ba94192fc387c484c11df955e8b3e5e5.pdf,0,,AUTO
"C:\Users\CAIHUI\MicroEra-Wiki-MVP-new\backend\data\zaozhi\main2.pdf","zaozhi/main2.pdf","main2.pdf",".pdf",4844117,69d1a30b7850c6ffd9a9897097b17bd7ba94192fc387c484c11df955e8b3e5e5,application/pdf,241,0.85,"metadata_in_db",documents/69d1a30b7850c6ffd9a9897097b17bd7ba94192fc387c484c11df955e8b3e5e5.pdf,0,,AUTO
"C:\Users\CAIHUI\MicroEra-Wiki-MVP-new\backend\data\zaozhi\main2.pdf","zaozhi/main2.pdf","main2.pdf",".pdf",4844117,69d1a30b7850c6ffd9a9897097b17bd7ba94192fc387c484c11df955e8b3e5e5,application/pdf,333,0.85,"pdf_title",documents/69d1a30b7850c6ffd9a9897097b17bd7ba94192fc387c484c11df955e8b3e5e5.pdf,0,,AUTO
"C:\Users\CAIHUI\MicroEra-Wiki-MVP-new\backend\data\zaozhi\main3.pdf","zaozhi/main3.pdf","main3.pdf",".pdf",12006492,a0e8c127ddffa8cec74eb753722d46bfd92637cb1abfac209e8a50b1488aa86f,application/pdf,242,0.85,"metadata_in_db",documents/a0e8c127ddffa8cec74eb753722d46bfd92637cb1abfac209e8a50b1488aa86f.pdf,0,,AUTO
"C:\Users\CAIHUI\MicroEra-Wiki-MVP-new\backend\data\zaozhi\maximizing-polylactic-acid-bioplastic-yield-from-lactobacillus-rhamnosus-l6-via-response-surface-methodology-evaluating.pdf","zaozhi/maximizing-polylactic-acid-bioplastic-yield-from-lactobacillus-rhamnosus-l6-via-response-surface-methodology-evaluating.pdf","maximizing-polylactic-acid-bioplastic-yield-from-lactobacillus-rhamnosus-l6-via-response-surface-methodology-evaluating.pdf",".pdf",13833465,9ac86bd183fa3332650188bfc0c3869e4f783818d2fa4859daa144c6fb70156b,application/pdf,243,0.85,"metadata_in_db",documents/9ac86bd183fa3332650188bfc0c3869e4f783818d2fa4859daa144c6fb70156b.pdf,0,,AUTO
"C:\Users\CAIHUI\MicroEra-Wiki-MVP-new\backend\data\zaozhi\paper_retrieval.pdf","zaozhi/paper_retrieval.pdf","paper_retrieval.pdf",".pdf",187945,80497a9133622a2eb227e38e44bfb729b45e2e8442d474d23f6f102b801ea291,application/pdf,244,0.85,"metadata_in_db",documents/80497a9133622a2eb227e38e44bfb729b45e2e8442d474d23f6f102b801ea291.pdf,0,,AUTO
"C:\Users\CAIHUI\MicroEra-Wiki-MVP-new\backend\data\zaozhi\polymers-17-00322.pdf","zaozhi/polymers-17-00322.pdf","polymers-17-00322.pdf",".pdf",3096599,a0e8f60707a0d5b1b7c10280ec937caefd2639de6123dd3d54fc59ccc5b68561,application/pdf,245,0.85,"metadata_in_db",documents/a0e8f60707a0d5b1b7c10280ec937caefd2639de6123dd3d54fc59ccc5b68561.pdf,0,,AUTO
"C:\Users\CAIHUI\MicroEra-Wiki-MVP-new\backend\data\zaozhi\s10570-023-05333-2.pdf","zaozhi/s10570-023-05333-2.pdf","s10570-023-05333-2.pdf",".pdf",1110268,d72bdefa0053304cb113b4fa2e084a66fba0149953c109c5cf2facc26f38491e,application/pdf,246,0.85,"metadata_in_db",documents/d72bdefa0053304cb113b4fa2e084a66fba0149953c109c5cf2facc26f38491e.pdf,0,,AUTO
"C:\Users\CAIHUI\MicroEra-Wiki-MVP-new\backend\data\zaozhi\s10668-024-05154-8.pdf","zaozhi/s10668-024-05154-8.pdf","s10668-024-05154-8.pdf",".pdf",4012028,512ace0d72ab35faf164d1b77fd9e85fb3cf2266769a6bd691353815f4e0d378,application/pdf,247,0.85,"metadata_in_db",documents/512ace0d72ab35faf164d1b77fd9e85fb3cf2266769a6bd691353815f4e0d378.pdf,0,,AUTO
"C:\Users\CAIHUI\MicroEra-Wiki-MVP-new\backend\data\zaozhi\s12649-025-02962-5.pdf","zaozhi/s12649-025-02962-5.pdf","s12649-025-02962-5.pdf",".pdf",2461670,6f8066415cf9750dfae8053b755410d744ccf8fe3a2455954b4575d0d382a1a5,application/pdf,317,0.95,"source_summary",documents/6f8066415cf9750dfae8053b755410d744ccf8fe3a2455954b4575d0d382a1a5.pdf,0,,AUTO
"C:\Users\CAIHUI\MicroEra-Wiki-MVP-new\backend\data\zaozhi\s12649-025-02962-5.pdf","zaozhi/s12649-025-02962-5.pdf","s12649-025-02962-5.pdf",".pdf",2461670,6f8066415cf9750dfae8053b755410d744ccf8fe3a2455954b4575d0d382a1a5,application/pdf,248,0.7,"id_token",documents/6f8066415cf9750dfae8053b755410d744ccf8fe3a2455954b4575d0d382a1a5.pdf,0,,AUTO
"C:\Users\CAIHUI\MicroEra-Wiki-MVP-new\backend\data\zaozhi\s12649-025-03057-x.pdf","zaozhi/s12649-025-03057-x.pdf","s12649-025-03057-x.pdf",".pdf",1211399,a3ded5344d9e8cb214afba4c0e06b5a95d6591153e41bd0ba13a0c71d1bfaf63,application/pdf,248,0.85,"metadata_in_db",documents/a3ded5344d9e8cb214afba4c0e06b5a95d6591153e41bd0ba13a0c71d1bfaf63.pdf,0,,AUTO
"C:\Users\CAIHUI\MicroEra-Wiki-MVP-new\backend\data\zaozhi\s12649-025-03057-x.pdf","zaozhi/s12649-025-03057-x.pdf","s12649-025-03057-x.pdf",".pdf",1211399,a3ded5344d9e8cb214afba4c0e06b5a95d6591153e41bd0ba13a0c71d1bfaf63,application/pdf,317,0.7,"id_token",documents/a3ded5344d9e8cb214afba4c0e06b5a95d6591153e41bd0ba13a0c71d1bfaf63.pdf,0,,AUTO
"C:\Users\CAIHUI\MicroEra-Wiki-MVP-new\backend\data\zaozhi\s13068-025-02646-1.pdf","zaozhi/s13068-025-02646-1.pdf","s13068-025-02646-1.pdf",".pdf",4149487,bd1e440c948fd88a158149e8c5c42e622743fb15c4182185aebf42126dd3ae0f,application/pdf,249,0.85,"metadata_in_db",documents/bd1e440c948fd88a158149e8c5c42e622743fb15c4182185aebf42126dd3ae0f.pdf,0,,AUTO
"C:\Users\CAIHUI\MicroEra-Wiki-MVP-new\backend\data\zaozhi\s13762-024-06270-8.pdf","zaozhi/s13762-024-06270-8.pdf","s13762-024-06270-8.pdf",".pdf",4723093,3d2687bce8c8512e178f45e0d8c578b04471d8e61eb24e642b1f6dd0acf72f8a,application/pdf,250,0.85,"metadata_in_db",documents/3d2687bce8c8512e178f45e0d8c578b04471d8e61eb24e642b1f6dd0acf72f8a.pdf,0,,AUTO
"C:\Users\CAIHUI\MicroEra-Wiki-MVP-new\backend\data\zaozhi\s40643-025-00905-5.pdf","zaozhi/s40643-025-00905-5.pdf","s40643-025-00905-5.pdf",".pdf",1840016,8261cd2615bf3e7d80a373a1b5eb1f1d7f99df230be8eed377e00d156b2fa394,application/pdf,251,0.85,"metadata_in_db",documents/8261cd2615bf3e7d80a373a1b5eb1f1d7f99df230be8eed377e00d156b2fa394.pdf,0,,AUTO
"C:\Users\CAIHUI\MicroEra-Wiki-MVP-new\backend\data\zaozhi\s41598-025-00610-5.pdf","zaozhi/s41598-025-00610-5.pdf","s41598-025-00610-5.pdf",".pdf",2507548,88e7e9dc62eaec82acb43163643eeb8150bb25baf605cc8f26f93d7286990464,application/pdf,252,0.85,"metadata_in_db",documents/88e7e9dc62eaec82acb43163643eeb8150bb25baf605cc8f26f93d7286990464.pdf,0,,AUTO
"C:\Users\CAIHUI\MicroEra-Wiki-MVP-new\backend\data\zaozhi\s42452-025-07560-7.pdf","zaozhi/s42452-025-07560-7.pdf","s42452-025-07560-7.pdf",".pdf",1598845,c245d7ed5a49b1ec30f2cd29d2712674684e419893be7d578c6182fbef73eed8,application/pdf,253,0.85,"metadata_in_db",documents/c245d7ed5a49b1ec30f2cd29d2712674684e419893be7d578c6182fbef73eed8.pdf,0,,AUTO
"C:\Users\CAIHUI\MicroEra-Wiki-MVP-new\backend\data\zaozhi\s44320-024-00060-7.pdf","zaozhi/s44320-024-00060-7.pdf","s44320-024-00060-7.pdf",".pdf",2500679,ccc73a5fce6679bf64d8d667f6dd8d62783862768f38d44c98c29040a769198d,application/pdf,254,0.85,"metadata_in_db",documents/ccc73a5fce6679bf64d8d667f6dd8d62783862768f38d44c98c29040a769198d.pdf,0,,AUTO
"C:\Users\CAIHUI\MicroEra-Wiki-MVP-new\backend\data\zaozhi\sustainability-16-03066.pdf","zaozhi/sustainability-16-03066.pdf","sustainability-16-03066.pdf",".pdf",2604107,8291289c39582fb1235e3c22803df848f8e8b4aef832c46aaa6bee09680bb6d3,application/pdf,255,0.85,"metadata_in_db",documents/8291289c39582fb1235e3c22803df848f8e8b4aef832c46aaa6bee09680bb6d3.pdf,0,,AUTO
"C:\Users\CAIHUI\MicroEra-Wiki-MVP-new\backend\data\zaozhi\sustainable-production-of-high-performance-bioplastics-from-agricultural-and-industrial-biomass-waste-by-integrating.pdf","zaozhi/sustainable-production-of-high-performance-bioplastics-from-agricultural-and-industrial-biomass-waste-by-integrating.pdf","sustainable-production-of-high-performance-bioplastics-from-agricultural-and-industrial-biomass-waste-by-integrating.pdf",".pdf",7823427,25f01c0ecbac2cc9f00ac41096565ca3f78f01f64f8f8db2ac981210015a0605,application/pdf,256,0.85,"metadata_in_db",documents/25f01c0ecbac2cc9f00ac41096565ca3f78f01f64f8f8db2ac981210015a0605.pdf,0,,AUTO
"C:\Users\CAIHUI\MicroEra-Wiki-MVP-new\backend\data\zaozhi\technoeconomics-of-sugar-cane-bagasse-valorization-to-lactic-acid-using-pinch-technology-distillation-vs-reactive.pdf","zaozhi/technoeconomics-of-sugar-cane-bagasse-valorization-to-lactic-acid-using-pinch-technology-distillation-vs-reactive.pdf","technoeconomics-of-sugar-cane-bagasse-valorization-to-lactic-acid-using-pinch-technology-distillation-vs-reactive.pdf",".pdf",9468102,768c78df21f813c96d5daadc89fa786c131eb75df7897ef0a0286d7093ba900c,application/pdf,257,0.85,"metadata_in_db",documents/768c78df21f813c96d5daadc89fa786c131eb75df7897ef0a0286d7093ba900c.pdf,0,,AUTO
"C:\Users\CAIHUI\MicroEra-Wiki-MVP-new\backend\data\zaozhi\technologies-13-00238.pdf","zaozhi/technologies-13-00238.pdf","technologies-13-00238.pdf",".pdf",683104,ea54e1444ce2ad62b58b938566d6d3b7cce3af28fda184f595b53cac1efb8b74,application/pdf,258,0.85,"metadata_in_db",documents/ea54e1444ce2ad62b58b938566d6d3b7cce3af28fda184f595b53cac1efb8b74.pdf,0,,AUTO
"C:\Users\CAIHUI\MicroEra-Wiki-MVP-new\backend\data\zaozhi\新方向调研\2025-Transparent wood-dual.pdf","zaozhi/新方向调研/2025-Transparent wood-dual.pdf","2025-Transparent wood-dual.pdf",".pdf",3744338,7e8ea003bcaea06d1a3d7510b80e17e82ecda6894a7b65c3179993915dd596e8,application/pdf,328,0.95,"source_summary",documents/7e8ea003bcaea06d1a3d7510b80e17e82ecda6894a7b65c3179993915dd596e8.pdf,0,,AUTO
"C:\Users\CAIHUI\MicroEra-Wiki-MVP-new\backend\data\zaozhi\新方向调研\2025-Transparent wood-dual.pdf","zaozhi/新方向调研/2025-Transparent wood-dual.pdf","2025-Transparent wood-dual.pdf",".pdf",3744338,7e8ea003bcaea06d1a3d7510b80e17e82ecda6894a7b65c3179993915dd596e8,application/pdf,120,0.85,"metadata_in_db",documents/7e8ea003bcaea06d1a3d7510b80e17e82ecda6894a7b65c3179993915dd596e8.pdf,0,,AUTO
"C:\Users\CAIHUI\MicroEra-Wiki-MVP-new\backend\data\zaozhi\新方向调研\2025-Transparent wood-dual.pdf","zaozhi/新方向调研/2025-Transparent wood-dual.pdf","2025-Transparent wood-dual.pdf",".pdf",3744338,7e8ea003bcaea06d1a3d7510b80e17e82ecda6894a7b65c3179993915dd596e8,application/pdf,163,0.85,"metadata_in_db",documents/7e8ea003bcaea06d1a3d7510b80e17e82ecda6894a7b65c3179993915dd596e8.pdf,0,,AUTO
"C:\Users\CAIHUI\MicroEra-Wiki-MVP-new\backend\data\zaozhi\新方向调研\2025-enzyme-food-dual.pdf","zaozhi/新方向调研/2025-enzyme-food-dual.pdf","2025-enzyme-food-dual.pdf",".pdf",2869740,d19788d37e07ec8e8044bd8b263d38bceb9e38e6c09b3fdc195eb4da6ebb6e2b,application/pdf,368,0.95,"source_summary",documents/d19788d37e07ec8e8044bd8b263d38bceb9e38e6c09b3fdc195eb4da6ebb6e2b.pdf,0,,AUTO
"C:\Users\CAIHUI\MicroEra-Wiki-MVP-new\backend\data\zaozhi\新方向调研\2025-enzyme-food-dual.pdf","zaozhi/新方向调研/2025-enzyme-food-dual.pdf","2025-enzyme-food-dual.pdf",".pdf",2869740,d19788d37e07ec8e8044bd8b263d38bceb9e38e6c09b3fdc195eb4da6ebb6e2b,application/pdf,121,0.85,"metadata_in_db",documents/d19788d37e07ec8e8044bd8b263d38bceb9e38e6c09b3fdc195eb4da6ebb6e2b.pdf,0,,AUTO
"C:\Users\CAIHUI\MicroEra-Wiki-MVP-new\backend\data\zaozhi\新方向调研\2025-enzyme-food-dual.pdf","zaozhi/新方向调研/2025-enzyme-food-dual.pdf","2025-enzyme-food-dual.pdf",".pdf",2869740,d19788d37e07ec8e8044bd8b263d38bceb9e38e6c09b3fdc195eb4da6ebb6e2b,application/pdf,164,0.85,"metadata_in_db",documents/d19788d37e07ec8e8044bd8b263d38bceb9e38e6c09b3fdc195eb4da6ebb6e2b.pdf,0,,AUTO
"C:\Users\CAIHUI\MicroEra-Wiki-MVP-new\backend\data\zaozhi\新方向调研\2025-ligini-dual.pdf","zaozhi/新方向调研/2025-ligini-dual.pdf","2025-ligini-dual.pdf",".pdf",21874912,c904a61cc29c781d2ad09aad4ce5ff379887bc592175be676a174db5d610d46a,application/pdf,325,0.95,"source_summary",documents/c904a61cc29c781d2ad09aad4ce5ff379887bc592175be676a174db5d610d46a.pdf,0,,AUTO
"C:\Users\CAIHUI\MicroEra-Wiki-MVP-new\backend\data\zaozhi\新方向调研\2025-ligini-dual.pdf","zaozhi/新方向调研/2025-ligini-dual.pdf","2025-ligini-dual.pdf",".pdf",21874912,c904a61cc29c781d2ad09aad4ce5ff379887bc592175be676a174db5d610d46a,application/pdf,122,0.85,"metadata_in_db",documents/c904a61cc29c781d2ad09aad4ce5ff379887bc592175be676a174db5d610d46a.pdf,0,,AUTO
"C:\Users\CAIHUI\MicroEra-Wiki-MVP-new\backend\data\zaozhi\新方向调研\2025-ligini-dual.pdf","zaozhi/新方向调研/2025-ligini-dual.pdf","2025-ligini-dual.pdf",".pdf",21874912,c904a61cc29c781d2ad09aad4ce5ff379887bc592175be676a174db5d610d46a,application/pdf,165,0.85,"metadata_in_db",documents/c904a61cc29c781d2ad09aad4ce5ff379887bc592175be676a174db5d610d46a.pdf,0,,AUTO
"C:\Users\CAIHUI\MicroEra-Wiki-MVP-new\backend\data\zaozhi\新方向调研\2025-lignin-oiland water separate-dual.pdf","zaozhi/新方向调研/2025-lignin-oiland water separate-dual.pdf","2025-lignin-oiland water separate-dual.pdf",".pdf",10475992,9b372e80108a50f86db12d96e66b8db4d914ae012b60eec5775917e2763f11ed,application/pdf,326,0.95,"source_summary",documents/9b372e80108a50f86db12d96e66b8db4d914ae012b60eec5775917e2763f11ed.pdf,0,,AUTO
"C:\Users\CAIHUI\MicroEra-Wiki-MVP-new\backend\data\zaozhi\新方向调研\2025-lignin-oiland water separate-dual.pdf","zaozhi/新方向调研/2025-lignin-oiland water separate-dual.pdf","2025-lignin-oiland water separate-dual.pdf",".pdf",10475992,9b372e80108a50f86db12d96e66b8db4d914ae012b60eec5775917e2763f11ed,application/pdf,123,0.85,"metadata_in_db",documents/9b372e80108a50f86db12d96e66b8db4d914ae012b60eec5775917e2763f11ed.pdf,0,,AUTO
"C:\Users\CAIHUI\MicroEra-Wiki-MVP-new\backend\data\zaozhi\新方向调研\2025-lignin-oiland water separate-dual.pdf","zaozhi/新方向调研/2025-lignin-oiland water separate-dual.pdf","2025-lignin-oiland water separate-dual.pdf",".pdf",10475992,9b372e80108a50f86db12d96e66b8db4d914ae012b60eec5775917e2763f11ed,application/pdf,166,0.85,"metadata_in_db",documents/9b372e80108a50f86db12d96e66b8db4d914ae012b60eec5775917e2763f11ed.pdf,0,,AUTO
"C:\Users\CAIHUI\MicroEra-Wiki-MVP-new\backend\data\zaozhi\新方向调研\2025-lignin2-dual.pdf","zaozhi/新方向调研/2025-lignin2-dual.pdf","2025-lignin2-dual.pdf",".pdf",3195503,94daeb39d4dd3dd7932cfd6989c92e9a4da995d56f1338c724f942d35afb227e,application/pdf,327,0.95,"source_summary",documents/94daeb39d4dd3dd7932cfd6989c92e9a4da995d56f1338c724f942d35afb227e.pdf,0,,AUTO
"C:\Users\CAIHUI\MicroEra-Wiki-MVP-new\backend\data\zaozhi\新方向调研\2025-lignin2-dual.pdf","zaozhi/新方向调研/2025-lignin2-dual.pdf","2025-lignin2-dual.pdf",".pdf",3195503,94daeb39d4dd3dd7932cfd6989c92e9a4da995d56f1338c724f942d35afb227e,application/pdf,124,0.85,"metadata_in_db",documents/94daeb39d4dd3dd7932cfd6989c92e9a4da995d56f1338c724f942d35afb227e.pdf,0,,AUTO
"C:\Users\CAIHUI\MicroEra-Wiki-MVP-new\backend\data\zaozhi\新方向调研\2025-lignin2-dual.pdf","zaozhi/新方向调研/2025-lignin2-dual.pdf","2025-lignin2-dual.pdf",".pdf",3195503,94daeb39d4dd3dd7932cfd6989c92e9a4da995d56f1338c724f942d35afb227e,application/pdf,167,0.85,"metadata_in_db",documents/94daeb39d4dd3dd7932cfd6989c92e9a4da995d56f1338c724f942d35afb227e.pdf,0,,AUTO
"C:\Users\CAIHUI\MicroEra-Wiki-MVP-new\backend\data\zaozhi\新方向调研\2025_food pakageing.pdf","zaozhi/新方向调研/2025_food pakageing.pdf","2025_food pakageing.pdf",".pdf",854654,4779eb86cbcbc58fe3f46dd6a21b8f8b43604e446225a4e1fca1382a74f685d0,application/pdf,319,0.95,"source_summary",documents/4779eb86cbcbc58fe3f46dd6a21b8f8b43604e446225a4e1fca1382a74f685d0.pdf,0,"zaozhi/2025_food pakageing.pdf",AUTO
"C:\Users\CAIHUI\MicroEra-Wiki-MVP-new\backend\data\zaozhi\新方向调研\2025_food pakageing.pdf","zaozhi/新方向调研/2025_food pakageing.pdf","2025_food pakageing.pdf",".pdf",854654,4779eb86cbcbc58fe3f46dd6a21b8f8b43604e446225a4e1fca1382a74f685d0,application/pdf,370,0.85,"source_file_variant",documents/4779eb86cbcbc58fe3f46dd6a21b8f8b43604e446225a4e1fca1382a74f685d0.pdf,0,"zaozhi/2025_food pakageing.pdf",AUTO
"C:\Users\CAIHUI\MicroEra-Wiki-MVP-new\backend\data\zaozhi\新方向调研\2025_geotechnical.pdf","zaozhi/新方向调研/2025_geotechnical.pdf","2025_geotechnical.pdf",".pdf",993642,7d37b78c876f6610c99fbff1b2b93c382e3df85a192abca4a8c182488eeb7cea,application/pdf,320,0.95,"source_summary",documents/7d37b78c876f6610c99fbff1b2b93c382e3df85a192abca4a8c182488eeb7cea.pdf,0,"zaozhi/2025_geotechnical.pdf",AUTO
"C:\Users\CAIHUI\MicroEra-Wiki-MVP-new\backend\data\zaozhi\新方向调研\2025_geotechnical.pdf","zaozhi/新方向调研/2025_geotechnical.pdf","2025_geotechnical.pdf",".pdf",993642,7d37b78c876f6610c99fbff1b2b93c382e3df85a192abca4a8c182488eeb7cea,application/pdf,371,0.85,"source_file_variant",documents/7d37b78c876f6610c99fbff1b2b93c382e3df85a192abca4a8c182488eeb7cea.pdf,0,"zaozhi/2025_geotechnical.pdf",AUTO
"C:\Users\CAIHUI\MicroEra-Wiki-MVP-new\backend\data\zaozhi\新方向调研\2026_Decarbonization pathways.pdf","zaozhi/新方向调研/2026_Decarbonization pathways.pdf","2026_Decarbonization pathways.pdf",".pdf",693982,8c1be8232f6918fa10344b5a9cc1afdc957f152a2f3c596a40e81baa5979e082,application/pdf,321,0.95,"source_summary",documents/8c1be8232f6918fa10344b5a9cc1afdc957f152a2f3c596a40e81baa5979e082.pdf,0,"zaozhi/2026_Decarbonization pathways.pdf",AUTO
"C:\Users\CAIHUI\MicroEra-Wiki-MVP-new\backend\data\zaozhi\新方向调研\翻译\2025_ Orange peel composition-dual.pdf","zaozhi/新方向调研/翻译/2025_ Orange peel composition-dual.pdf","2025_ Orange peel composition-dual.pdf",".pdf",7393826,6dd6370c04b768531e05ee1ceb279eb6d0d56c02f88406688ad74cee5fd515bd,application/pdf,332,0.95,"source_summary",documents/6dd6370c04b768531e05ee1ceb279eb6d0d56c02f88406688ad74cee5fd515bd.pdf,0,,AUTO
"C:\Users\CAIHUI\MicroEra-Wiki-MVP-new\backend\data\zaozhi\新方向调研\翻译\2025_ Orange peel composition-dual.pdf","zaozhi/新方向调研/翻译/2025_ Orange peel composition-dual.pdf","2025_ Orange peel composition-dual.pdf",".pdf",7393826,6dd6370c04b768531e05ee1ceb279eb6d0d56c02f88406688ad74cee5fd515bd,application/pdf,127,0.85,"metadata_in_db",documents/6dd6370c04b768531e05ee1ceb279eb6d0d56c02f88406688ad74cee5fd515bd.pdf,0,,AUTO
"C:\Users\CAIHUI\MicroEra-Wiki-MVP-new\backend\data\zaozhi\新方向调研\翻译\2025_ Orange peel composition-dual.pdf","zaozhi/新方向调研/翻译/2025_ Orange peel composition-dual.pdf","2025_ Orange peel composition-dual.pdf",".pdf",7393826,6dd6370c04b768531e05ee1ceb279eb6d0d56c02f88406688ad74cee5fd515bd,application/pdf,170,0.85,"metadata_in_db",documents/6dd6370c04b768531e05ee1ceb279eb6d0d56c02f88406688ad74cee5fd515bd.pdf,0,,AUTO
"C:\Users\CAIHUI\MicroEra-Wiki-MVP-new\backend\data\zaozhi\新方向调研\翻译\2025_Chimeric enzymes-dual.pdf","zaozhi/新方向调研/翻译/2025_Chimeric enzymes-dual.pdf","2025_Chimeric enzymes-dual.pdf",".pdf",9475285,5425d8ff7c447b6963e1ade509a780d9ca49401840e52bffe649f728fff267b1,application/pdf,333,0.95,"source_summary",documents/5425d8ff7c447b6963e1ade509a780d9ca49401840e52bffe649f728fff267b1.pdf,0,,AUTO
"C:\Users\CAIHUI\MicroEra-Wiki-MVP-new\backend\data\zaozhi\新方向调研\翻译\2025_Chimeric enzymes-dual.pdf","zaozhi/新方向调研/翻译/2025_Chimeric enzymes-dual.pdf","2025_Chimeric enzymes-dual.pdf",".pdf",9475285,5425d8ff7c447b6963e1ade509a780d9ca49401840e52bffe649f728fff267b1,application/pdf,128,0.85,"metadata_in_db",documents/5425d8ff7c447b6963e1ade509a780d9ca49401840e52bffe649f728fff267b1.pdf,0,,AUTO
"C:\Users\CAIHUI\MicroEra-Wiki-MVP-new\backend\data\zaozhi\新方向调研\翻译\2025_Chimeric enzymes-dual.pdf","zaozhi/新方向调研/翻译/2025_Chimeric enzymes-dual.pdf","2025_Chimeric enzymes-dual.pdf",".pdf",9475285,5425d8ff7c447b6963e1ade509a780d9ca49401840e52bffe649f728fff267b1,application/pdf,171,0.85,"metadata_in_db",documents/5425d8ff7c447b6963e1ade509a780d9ca49401840e52bffe649f728fff267b1.pdf,0,,AUTO
"C:\Users\CAIHUI\MicroEra-Wiki-MVP-new\backend\data\zaozhi\新方向调研\翻译\2025_Chimeric enzymes-dual.pdf","zaozhi/新方向调研/翻译/2025_Chimeric enzymes-dual.pdf","2025_Chimeric enzymes-dual.pdf",".pdf",9475285,5425d8ff7c447b6963e1ade509a780d9ca49401840e52bffe649f728fff267b1,application/pdf,241,0.85,"pdf_title",documents/5425d8ff7c447b6963e1ade509a780d9ca49401840e52bffe649f728fff267b1.pdf,0,,AUTO
"C:\Users\CAIHUI\MicroEra-Wiki-MVP-new\backend\data\zaozhi\新方向调研\翻译\2025_Decarbonization pathways-dual.pdf","zaozhi/新方向调研/翻译/2025_Decarbonization pathways-dual.pdf","2025_Decarbonization pathways-dual.pdf",".pdf",16681785,9f6e20fdbb18575ad5cd2ff03bfedd2ed9de99941dcb0d338304ff4e29293e9c,application/pdf,369,0.95,"source_summary",documents/9f6e20fdbb18575ad5cd2ff03bfedd2ed9de99941dcb0d338304ff4e29293e9c.pdf,0,,AUTO
"C:\Users\CAIHUI\MicroEra-Wiki-MVP-new\backend\data\zaozhi\新方向调研\翻译\2025_Decarbonization pathways-dual.pdf","zaozhi/新方向调研/翻译/2025_Decarbonization pathways-dual.pdf","2025_Decarbonization pathways-dual.pdf",".pdf",16681785,9f6e20fdbb18575ad5cd2ff03bfedd2ed9de99941dcb0d338304ff4e29293e9c,application/pdf,129,0.85,"metadata_in_db",documents/9f6e20fdbb18575ad5cd2ff03bfedd2ed9de99941dcb0d338304ff4e29293e9c.pdf,0,,AUTO
"C:\Users\CAIHUI\MicroEra-Wiki-MVP-new\backend\data\zaozhi\新方向调研\翻译\2025_Decarbonization pathways-dual.pdf","zaozhi/新方向调研/翻译/2025_Decarbonization pathways-dual.pdf","2025_Decarbonization pathways-dual.pdf",".pdf",16681785,9f6e20fdbb18575ad5cd2ff03bfedd2ed9de99941dcb0d338304ff4e29293e9c,application/pdf,172,0.85,"metadata_in_db",documents/9f6e20fdbb18575ad5cd2ff03bfedd2ed9de99941dcb0d338304ff4e29293e9c.pdf,0,,AUTO
"C:\Users\CAIHUI\MicroEra-Wiki-MVP-new\backend\data\zaozhi\新方向调研\翻译\2025_food pakageing-dual.pdf","zaozhi/新方向调研/翻译/2025_food pakageing-dual.pdf","2025_food pakageing-dual.pdf",".pdf",1959677,934610d171256094c472d10fe259fa3140ff837cab657edf573042f6dc30b189,application/pdf,370,0.95,"source_summary",documents/934610d171256094c472d10fe259fa3140ff837cab657edf573042f6dc30b189.pdf,0,,AUTO
"C:\Users\CAIHUI\MicroEra-Wiki-MVP-new\backend\data\zaozhi\新方向调研\翻译\2025_food pakageing-dual.pdf","zaozhi/新方向调研/翻译/2025_food pakageing-dual.pdf","2025_food pakageing-dual.pdf",".pdf",1959677,934610d171256094c472d10fe259fa3140ff837cab657edf573042f6dc30b189,application/pdf,319,0.85,"source_file_variant",documents/934610d171256094c472d10fe259fa3140ff837cab657edf573042f6dc30b189.pdf,0,,AUTO
"C:\Users\CAIHUI\MicroEra-Wiki-MVP-new\backend\data\zaozhi\新方向调研\翻译\2025_geotechnical-dual.pdf","zaozhi/新方向调研/翻译/2025_geotechnical-dual.pdf","2025_geotechnical-dual.pdf",".pdf",1932258,80881a9e48566d8e0c1dd62ae48ee1eb75fa3dad784aa2a8a5e6230b7371d313,application/pdf,371,0.95,"source_summary",documents/80881a9e48566d8e0c1dd62ae48ee1eb75fa3dad784aa2a8a5e6230b7371d313.pdf,0,,AUTO
"C:\Users\CAIHUI\MicroEra-Wiki-MVP-new\backend\data\zaozhi\新方向调研\翻译\2025_geotechnical-dual.pdf","zaozhi/新方向调研/翻译/2025_geotechnical-dual.pdf","2025_geotechnical-dual.pdf",".pdf",1932258,80881a9e48566d8e0c1dd62ae48ee1eb75fa3dad784aa2a8a5e6230b7371d313,application/pdf,320,0.85,"source_file_variant",documents/80881a9e48566d8e0c1dd62ae48ee1eb75fa3dad784aa2a8a5e6230b7371d313.pdf,0,,AUTO
"C:\Users\CAIHUI\MicroEra-Wiki-MVP-new\backend\data\zaozhi\新方向调研\翻译\2025_lignocellulosic biomass-dual.pdf","zaozhi/新方向调研/翻译/2025_lignocellulosic biomass-dual.pdf","2025_lignocellulosic biomass-dual.pdf",".pdf",9747154,9b2fe4e9954fc7eae7d4fd9d9ac24b92dbdf3b0450767a92451be73c2d965b68,application/pdf,372,0.95,"source_summary",documents/9b2fe4e9954fc7eae7d4fd9d9ac24b92dbdf3b0450767a92451be73c2d965b68.pdf,0,,AUTO
"C:\Users\CAIHUI\MicroEra-Wiki-MVP-new\backend\data\zaozhi\新方向调研\翻译\2025_lignocellulosic biomass-dual.pdf","zaozhi/新方向调研/翻译/2025_lignocellulosic biomass-dual.pdf","2025_lignocellulosic biomass-dual.pdf",".pdf",9747154,9b2fe4e9954fc7eae7d4fd9d9ac24b92dbdf3b0450767a92451be73c2d965b68,application/pdf,130,0.85,"metadata_in_db",documents/9b2fe4e9954fc7eae7d4fd9d9ac24b92dbdf3b0450767a92451be73c2d965b68.pdf,0,,AUTO
"C:\Users\CAIHUI\MicroEra-Wiki-MVP-new\backend\data\zaozhi\新方向调研\翻译\2025_lignocellulosic biomass-dual.pdf","zaozhi/新方向调研/翻译/2025_lignocellulosic biomass-dual.pdf","2025_lignocellulosic biomass-dual.pdf",".pdf",9747154,9b2fe4e9954fc7eae7d4fd9d9ac24b92dbdf3b0450767a92451be73c2d965b68,application/pdf,173,0.85,"metadata_in_db",documents/9b2fe4e9954fc7eae7d4fd9d9ac24b92dbdf3b0450767a92451be73c2d965b68.pdf,0,,AUTO
"C:\Users\CAIHUI\MicroEra-Wiki-MVP-new\backend\data\zaozhi\新方向调研\翻译\2025_microalgae biodiesel-dual.pdf","zaozhi/新方向调研/翻译/2025_microalgae biodiesel-dual.pdf","2025_microalgae biodiesel-dual.pdf",".pdf",17400093,f14a4796a2272c2a8c672428854627facc1faa503dded8910cf3761d0175cb31,application/pdf,131,0.85,"metadata_in_db",documents/f14a4796a2272c2a8c672428854627facc1faa503dded8910cf3761d0175cb31.pdf,0,,AUTO
"C:\Users\CAIHUI\MicroEra-Wiki-MVP-new\backend\data\zaozhi\新方向调研\翻译\2025_microalgae biodiesel-dual.pdf","zaozhi/新方向调研/翻译/2025_microalgae biodiesel-dual.pdf","2025_microalgae biodiesel-dual.pdf",".pdf",17400093,f14a4796a2272c2a8c672428854627facc1faa503dded8910cf3761d0175cb31,application/pdf,174,0.85,"metadata_in_db",documents/f14a4796a2272c2a8c672428854627facc1faa503dded8910cf3761d0175cb31.pdf,0,,AUTO
"C:\Users\CAIHUI\MicroEra-Wiki-MVP-new\backend\data\zaozhi\新方向调研\翻译\2025_waste-dual.pdf","zaozhi/新方向调研/翻译/2025_waste-dual.pdf","2025_waste-dual.pdf",".pdf",2163664,df1b823f21bfa4c60907d2afd02afae34482e9c69057137231b8c95f09d1e635,application/pdf,132,0.85,"metadata_in_db",documents/df1b823f21bfa4c60907d2afd02afae34482e9c69057137231b8c95f09d1e635.pdf,0,,AUTO
"C:\Users\CAIHUI\MicroEra-Wiki-MVP-new\backend\data\zaozhi\新方向调研\翻译\2025_waste-dual.pdf","zaozhi/新方向调研/翻译/2025_waste-dual.pdf","2025_waste-dual.pdf",".pdf",2163664,df1b823f21bfa4c60907d2afd02afae34482e9c69057137231b8c95f09d1e635,application/pdf,175,0.85,"metadata_in_db",documents/df1b823f21bfa4c60907d2afd02afae34482e9c69057137231b8c95f09d1e635.pdf,0,,AUTO
"C:\Users\CAIHUI\MicroEra-Wiki-MVP-new\backend\data\zaozhi\新方向调研\翻译\2026-Development of lateral flow assay for quantitative analysis-dual.pdf","zaozhi/新方向调研/翻译/2026-Development of lateral flow assay for quantitative analysis-dual.pdf","2026-Development of lateral flow assay for quantitative analysis-dual.pdf",".pdf",9584335,b2c2231f0d0ceace6127ddc988d628527d89b7805cfa3d9b5a185f08a140028c,application/pdf,,,"",documents/b2c2231f0d0ceace6127ddc988d628527d89b7805cfa3d9b5a185f08a140028c.pdf,0,,REVIEW
"C:\Users\CAIHUI\MicroEra-Wiki-MVP-new\backend\data\zaozhi\新方向调研\翻译\2026_Decarbonization pathways-dual.pdf","zaozhi/新方向调研/翻译/2026_Decarbonization pathways-dual.pdf","2026_Decarbonization pathways-dual.pdf",".pdf",1332353,31841189799688442f0ebec1b1130d3c8dd2ad6c8cb28489788dab59a132df75,application/pdf,321,0.85,"source_file_variant",documents/31841189799688442f0ebec1b1130d3c8dd2ad6c8cb28489788dab59a132df75.pdf,0,,AUTO
"C:\Users\CAIHUI\MicroEra-Wiki-MVP-new\backend\data\zaozhi\新方向调研\翻译\ijms-26-09906-v2-dual.pdf","zaozhi/新方向调研/翻译/ijms-26-09906-v2-dual.pdf","ijms-26-09906-v2-dual.pdf",".pdf",31893027,31cbd6c4e225eacf678ee2c8da5b58d71b0429e73d2e14e7f8fe3d0d87c2723d,application/pdf,236,0.85,"metadata_in_db",documents/31cbd6c4e225eacf678ee2c8da5b58d71b0429e73d2e14e7f8fe3d0d87c2723d.pdf,0,,AUTO
"C:\Users\CAIHUI\MicroEra-Wiki-MVP-new\backend\data\zaozhi\新方向调研\翻译\paper_retrieval-dual.pdf","zaozhi/新方向调研/翻译/paper_retrieval-dual.pdf","paper_retrieval-dual.pdf",".pdf",616875,b346ff441dd63f0f59b184d84b364619d9e2dc90003f660960b27176b58b1f69,application/pdf,244,0.85,"metadata_in_db",documents/b346ff441dd63f0f59b184d84b364619d9e2dc90003f660960b27176b58b1f69.pdf,0,,AUTO
"C:\Users\CAIHUI\MicroEra-Wiki-MVP-new\backend\data\zaozhi\新方向调研\翻译\sensors-25-01021-dual.pdf","zaozhi/新方向调研/翻译/sensors-25-01021-dual.pdf","sensors-25-01021-dual.pdf",".pdf",8372313,16a15476c24473766295d73dd9c511d147ec1c736e8c64fc517b84b156af1778,application/pdf,,,"",documents/16a15476c24473766295d73dd9c511d147ec1c736e8c64fc517b84b156af1778.pdf,0,,REVIEW
"C:\Users\CAIHUI\MicroEra-Wiki-MVP-new\backend\data\zaozhi\木质素.pdf","zaozhi/木质素.pdf","木质素.pdf",".pdf",2594055,6d9b69149de79997b1b09c373aa825c150d4b534eb211d37bf8623a8a2b1af8c,application/pdf,270,0.98,"exact_title",documents/6d9b69149de79997b1b09c373aa825c150d4b534eb211d37bf8623a8a2b1af8c.pdf,0,,AUTO
"C:\Users\CAIHUI\MicroEra-Wiki-MVP-new\backend\data\zaozhi\机器学习驱动的基因组规模代谢模型构建与优化.pdf","zaozhi/机器学习驱动的基因组规模代谢模型构建与优化.pdf","机器学习驱动的基因组规模代谢模型构建与优化.pdf",".pdf",1768010,a38442840c5d65da2ac87d0d18f639920dde2105249e3315991bf85db0013052,application/pdf,271,0.98,"exact_title",documents/a38442840c5d65da2ac87d0d18f639920dde2105249e3315991bf85db0013052.pdf,0,,AUTO
"C:\Users\CAIHUI\MicroEra-Wiki-MVP-new\backend\data\zaozhi\椰树-造纸.pdf","zaozhi/椰树-造纸.pdf","椰树-造纸.pdf",".pdf",9748764,9463e63c568b6b317f74597e2f166cbd8088c9b4c103e1328e01771f88f26d5e,application/pdf,272,0.98,"exact_title",documents/9463e63c568b6b317f74597e2f166cbd8088c9b4c103e1328e01771f88f26d5e.pdf,0,,AUTO
"C:\Users\CAIHUI\MicroEra-Wiki-MVP-new\backend\data\zaozhi\椰树-造纸.pdf","zaozhi/椰树-造纸.pdf","椰树-造纸.pdf",".pdf",9748764,9463e63c568b6b317f74597e2f166cbd8088c9b4c103e1328e01771f88f26d5e,application/pdf,273,0.65,"fuzzy_title",documents/9463e63c568b6b317f74597e2f166cbd8088c9b4c103e1328e01771f88f26d5e.pdf,0,,AUTO
"C:\Users\CAIHUI\MicroEra-Wiki-MVP-new\backend\data\zaozhi\甘蔗渣\1-s2.0-S0961953425002089-main-dual.pdf","zaozhi/甘蔗渣/1-s2.0-S0961953425002089-main-dual.pdf","1-s2.0-S0961953425002089-main-dual.pdf",".pdf",6171346,3da8e0ac49379af66e7fa51d21d4fe7dbfd161b3c9a988b30510818198118109,application/pdf,107,0.85,"metadata_in_db",documents/3da8e0ac49379af66e7fa51d21d4fe7dbfd161b3c9a988b30510818198118109.pdf,0,,AUTO
"C:\Users\CAIHUI\MicroEra-Wiki-MVP-new\backend\data\zaozhi\甘蔗渣\1-s2.0-S0961953425002089-main-dual.pdf","zaozhi/甘蔗渣/1-s2.0-S0961953425002089-main-dual.pdf","1-s2.0-S0961953425002089-main-dual.pdf",".pdf",6171346,3da8e0ac49379af66e7fa51d21d4fe7dbfd161b3c9a988b30510818198118109,application/pdf,150,0.85,"metadata_in_db",documents/3da8e0ac49379af66e7fa51d21d4fe7dbfd161b3c9a988b30510818198118109.pdf,0,,AUTO
"C:\Users\CAIHUI\MicroEra-Wiki-MVP-new\backend\data\zaozhi\甘蔗渣\1-s2.0-S0961953425005720-main-dual.pdf","zaozhi/甘蔗渣/1-s2.0-S0961953425005720-main-dual.pdf","1-s2.0-S0961953425005720-main-dual.pdf",".pdf",19864877,54543fda85d47a36e7ee56c35391964f82ba1c0c26659b30a575b4ebc0f11b0f,application/pdf,108,0.85,"metadata_in_db",documents/54543fda85d47a36e7ee56c35391964f82ba1c0c26659b30a575b4ebc0f11b0f.pdf,0,,AUTO
"C:\Users\CAIHUI\MicroEra-Wiki-MVP-new\backend\data\zaozhi\甘蔗渣\1-s2.0-S0961953425005720-main-dual.pdf","zaozhi/甘蔗渣/1-s2.0-S0961953425005720-main-dual.pdf","1-s2.0-S0961953425005720-main-dual.pdf",".pdf",19864877,54543fda85d47a36e7ee56c35391964f82ba1c0c26659b30a575b4ebc0f11b0f,application/pdf,151,0.85,"metadata_in_db",documents/54543fda85d47a36e7ee56c35391964f82ba1c0c26659b30a575b4ebc0f11b0f.pdf,0,,AUTO
"C:\Users\CAIHUI\MicroEra-Wiki-MVP-new\backend\data\zaozhi\甘蔗渣\1-s2.0-S266615432300056X-main-dual.pdf","zaozhi/甘蔗渣/1-s2.0-S266615432300056X-main-dual.pdf","1-s2.0-S266615432300056X-main-dual.pdf",".pdf",5324841,5ea1525d0076a95ed612e2c7cc6672c907612642848aa21d5fb79c6340484f9f,application/pdf,117,0.85,"metadata_in_db",documents/5ea1525d0076a95ed612e2c7cc6672c907612642848aa21d5fb79c6340484f9f.pdf,0,,AUTO
"C:\Users\CAIHUI\MicroEra-Wiki-MVP-new\backend\data\zaozhi\甘蔗渣\1-s2.0-S266615432300056X-main-dual.pdf","zaozhi/甘蔗渣/1-s2.0-S266615432300056X-main-dual.pdf","1-s2.0-S266615432300056X-main-dual.pdf",".pdf",5324841,5ea1525d0076a95ed612e2c7cc6672c907612642848aa21d5fb79c6340484f9f,application/pdf,160,0.85,"metadata_in_db",documents/5ea1525d0076a95ed612e2c7cc6672c907612642848aa21d5fb79c6340484f9f.pdf,0,,AUTO
"C:\Users\CAIHUI\MicroEra-Wiki-MVP-new\backend\data\zaozhi\甘蔗渣\Green synthesis of ZnO-NPs using sugarcane bagasse waste_ Phytochemical assessment of extract and biological study of nanopartic(科研通-ablesci.com)-dual.pdf","zaozhi/甘蔗渣/Green synthesis of ZnO-NPs using sugarcane bagasse waste_ Phytochemical assessment of extract and biological study of nanopartic(科研通-ablesci.com)-dual.pdf","Green synthesis of ZnO-NPs using sugarcane bagasse waste_ Phytochemical assessment of extract and biological study of nanopartic(科研通-ablesci.com)-dual.pdf",".pdf",14126331,c54d725f1a71605f4d76d609621c7aac98eb40a7ced3a3c02ad2ebfd6f92a288,application/pdf,220,0.85,"metadata_in_db",documents/c54d725f1a71605f4d76d609621c7aac98eb40a7ced3a3c02ad2ebfd6f92a288.pdf,0,,AUTO
"C:\Users\CAIHUI\MicroEra-Wiki-MVP-new\backend\data\zaozhi\甘蔗渣\bagasse3\1-s2.0-S0009250925013971-main-dual.pdf","zaozhi/甘蔗渣/bagasse3/1-s2.0-S0009250925013971-main-dual.pdf","1-s2.0-S0009250925013971-main-dual.pdf",".pdf",19079314,703931662fb362179e6f9c0294adc1e8407094ff6bf22fb12f6d59464f96f775,application/pdf,101,0.85,"metadata_in_db",documents/703931662fb362179e6f9c0294adc1e8407094ff6bf22fb12f6d59464f96f775.pdf,0,,AUTO
"C:\Users\CAIHUI\MicroEra-Wiki-MVP-new\backend\data\zaozhi\甘蔗渣\bagasse3\1-s2.0-S0009250925013971-main-dual.pdf","zaozhi/甘蔗渣/bagasse3/1-s2.0-S0009250925013971-main-dual.pdf","1-s2.0-S0009250925013971-main-dual.pdf",".pdf",19079314,703931662fb362179e6f9c0294adc1e8407094ff6bf22fb12f6d59464f96f775,application/pdf,144,0.85,"metadata_in_db",documents/703931662fb362179e6f9c0294adc1e8407094ff6bf22fb12f6d59464f96f775.pdf,0,,AUTO
"C:\Users\CAIHUI\MicroEra-Wiki-MVP-new\backend\data\zaozhi\甘蔗渣\bagasse3\1-s2.0-S0961953425006968-main-dual.pdf","zaozhi/甘蔗渣/bagasse3/1-s2.0-S0961953425006968-main-dual.pdf","1-s2.0-S0961953425006968-main-dual.pdf",".pdf",4754630,4b216625fce74cfd846c9c66ac6f4dbb450e72dd5c382ae70c3b6abdc078dd34,application/pdf,109,0.85,"metadata_in_db",documents/4b216625fce74cfd846c9c66ac6f4dbb450e72dd5c382ae70c3b6abdc078dd34.pdf,0,,AUTO
"C:\Users\CAIHUI\MicroEra-Wiki-MVP-new\backend\data\zaozhi\甘蔗渣\bagasse3\1-s2.0-S0961953425006968-main-dual.pdf","zaozhi/甘蔗渣/bagasse3/1-s2.0-S0961953425006968-main-dual.pdf","1-s2.0-S0961953425006968-main-dual.pdf",".pdf",4754630,4b216625fce74cfd846c9c66ac6f4dbb450e72dd5c382ae70c3b6abdc078dd34,application/pdf,152,0.85,"metadata_in_db",documents/4b216625fce74cfd846c9c66ac6f4dbb450e72dd5c382ae70c3b6abdc078dd34.pdf,0,,AUTO
"C:\Users\CAIHUI\MicroEra-Wiki-MVP-new\backend\data\zaozhi\甘蔗渣\bagasse3\1-s2.0-S0961953425008979-main-dual.pdf","zaozhi/甘蔗渣/bagasse3/1-s2.0-S0961953425008979-main-dual.pdf","1-s2.0-S0961953425008979-main-dual.pdf",".pdf",7990525,69631f6225345072a7b02438037bfeba577b2ecabb2e2423351d7a1fda53c28e,application/pdf,110,0.85,"metadata_in_db",documents/69631f6225345072a7b02438037bfeba577b2ecabb2e2423351d7a1fda53c28e.pdf,0,,AUTO
"C:\Users\CAIHUI\MicroEra-Wiki-MVP-new\backend\data\zaozhi\甘蔗渣\bagasse3\1-s2.0-S0961953425008979-main-dual.pdf","zaozhi/甘蔗渣/bagasse3/1-s2.0-S0961953425008979-main-dual.pdf","1-s2.0-S0961953425008979-main-dual.pdf",".pdf",7990525,69631f6225345072a7b02438037bfeba577b2ecabb2e2423351d7a1fda53c28e,application/pdf,153,0.85,"metadata_in_db",documents/69631f6225345072a7b02438037bfeba577b2ecabb2e2423351d7a1fda53c28e.pdf,0,,AUTO
"C:\Users\CAIHUI\MicroEra-Wiki-MVP-new\backend\data\zaozhi\甘蔗渣\bagasse3\1-s2.0-S2589014X25003044-main-dual.pdf","zaozhi/甘蔗渣/bagasse3/1-s2.0-S2589014X25003044-main-dual.pdf","1-s2.0-S2589014X25003044-main-dual.pdf",".pdf",9699964,ae560d2d33bb2275b5186cd6db6e3f922d78d63b03e73c62fd84c5cbf57ad5dc,application/pdf,115,0.85,"metadata_in_db",documents/ae560d2d33bb2275b5186cd6db6e3f922d78d63b03e73c62fd84c5cbf57ad5dc.pdf,0,,AUTO
"C:\Users\CAIHUI\MicroEra-Wiki-MVP-new\backend\data\zaozhi\甘蔗渣\bagasse3\1-s2.0-S2589014X25003044-main-dual.pdf","zaozhi/甘蔗渣/bagasse3/1-s2.0-S2589014X25003044-main-dual.pdf","1-s2.0-S2589014X25003044-main-dual.pdf",".pdf",9699964,ae560d2d33bb2275b5186cd6db6e3f922d78d63b03e73c62fd84c5cbf57ad5dc,application/pdf,158,0.85,"metadata_in_db",documents/ae560d2d33bb2275b5186cd6db6e3f922d78d63b03e73c62fd84c5cbf57ad5dc.pdf,0,,AUTO
"C:\Users\CAIHUI\MicroEra-Wiki-MVP-new\backend\data\zaozhi\甘蔗渣\bagasse3\1-s2.0-S2590123025012368-main-dual.pdf","zaozhi/甘蔗渣/bagasse3/1-s2.0-S2590123025012368-main-dual.pdf","1-s2.0-S2590123025012368-main-dual.pdf",".pdf",9202007,7ff8e00e3552f8500a9fad01bffcab373cd0cfb8b74271fde55af36053c61e6b,application/pdf,116,0.85,"metadata_in_db",documents/7ff8e00e3552f8500a9fad01bffcab373cd0cfb8b74271fde55af36053c61e6b.pdf,0,,AUTO
"C:\Users\CAIHUI\MicroEra-Wiki-MVP-new\backend\data\zaozhi\甘蔗渣\bagasse3\1-s2.0-S2590123025012368-main-dual.pdf","zaozhi/甘蔗渣/bagasse3/1-s2.0-S2590123025012368-main-dual.pdf","1-s2.0-S2590123025012368-main-dual.pdf",".pdf",9202007,7ff8e00e3552f8500a9fad01bffcab373cd0cfb8b74271fde55af36053c61e6b,application/pdf,159,0.85,"metadata_in_db",documents/7ff8e00e3552f8500a9fad01bffcab373cd0cfb8b74271fde55af36053c61e6b.pdf,0,,AUTO
"C:\Users\CAIHUI\MicroEra-Wiki-MVP-new\backend\data\zaozhi\甘蔗渣\bagasse3\fermentation-09-00789-dual.pdf","zaozhi/甘蔗渣/bagasse3/fermentation-09-00789-dual.pdf","fermentation-09-00789-dual.pdf",".pdf",2363332,6813adbbd1e6246017ddcb12eeaaafbc91f800fe47fde554b353936fb8c5c2d5,application/pdf,232,0.85,"metadata_in_db",documents/6813adbbd1e6246017ddcb12eeaaafbc91f800fe47fde554b353936fb8c5c2d5.pdf,0,,AUTO
"C:\Users\CAIHUI\MicroEra-Wiki-MVP-new\backend\data\zaozhi\甘蔗渣\bagasse3\foaf038-dual.pdf","zaozhi/甘蔗渣/bagasse3/foaf038-dual.pdf","foaf038-dual.pdf",".pdf",1633559,b0afbd52180a0a7d1bae104f2ac7f1f5a7d499018cfe71214cdc90df0b6c1cdc,application/pdf,234,0.85,"metadata_in_db",documents/b0afbd52180a0a7d1bae104f2ac7f1f5a7d499018cfe71214cdc90df0b6c1cdc.pdf,0,,AUTO
"C:\Users\CAIHUI\MicroEra-Wiki-MVP-new\backend\data\zaozhi\甘蔗渣\bagasse3\foods-14-02158-dual.pdf","zaozhi/甘蔗渣/bagasse3/foods-14-02158-dual.pdf","foods-14-02158-dual.pdf",".pdf",3122088,8f87a69b0ba282cf123f8255d5d2d8be8b4652c1b74528e7ea2fb13cb1a1b96c,application/pdf,235,0.85,"metadata_in_db",documents/8f87a69b0ba282cf123f8255d5d2d8be8b4652c1b74528e7ea2fb13cb1a1b96c.pdf,0,,AUTO
"C:\Users\CAIHUI\MicroEra-Wiki-MVP-new\backend\data\zaozhi\甘蔗渣\bagasse3\lactic-acid-production-from-sugarcane-bagasse-hydrolysates-by-lactiplantibacillus-strains-dual.pdf","zaozhi/甘蔗渣/bagasse3/lactic-acid-production-from-sugarcane-bagasse-hydrolysates-by-lactiplantibacillus-strains-dual.pdf","lactic-acid-production-from-sugarcane-bagasse-hydrolysates-by-lactiplantibacillus-strains-dual.pdf",".pdf",7439325,419364d37ad9941a8d72ff9ae935a1ad87ecb83e75b318ddee3dbf073d321202,application/pdf,239,0.85,"metadata_in_db",documents/419364d37ad9941a8d72ff9ae935a1ad87ecb83e75b318ddee3dbf073d321202.pdf,0,,AUTO
"C:\Users\CAIHUI\MicroEra-Wiki-MVP-new\backend\data\zaozhi\甘蔗渣\bagasse3\lactic-acid-production-from-sugarcane-bagasse-hydrolysates-by-lactiplantibacillus-strains-dual.pdf","zaozhi/甘蔗渣/bagasse3/lactic-acid-production-from-sugarcane-bagasse-hydrolysates-by-lactiplantibacillus-strains-dual.pdf","lactic-acid-production-from-sugarcane-bagasse-hydrolysates-by-lactiplantibacillus-strains-dual.pdf",".pdf",7439325,419364d37ad9941a8d72ff9ae935a1ad87ecb83e75b318ddee3dbf073d321202,application/pdf,232,0.5,"fuzzy_title_low",documents/419364d37ad9941a8d72ff9ae935a1ad87ecb83e75b318ddee3dbf073d321202.pdf,0,,AUTO
"C:\Users\CAIHUI\MicroEra-Wiki-MVP-new\backend\data\zaozhi\甘蔗渣\bagasse3\main-dual.pdf","zaozhi/甘蔗渣/bagasse3/main-dual.pdf","main-dual.pdf",".pdf",11704469,0001e288ad48c12304ff0ede99035fc4d0ba608a9c13208fac2d9d15ef5d2fc4,application/pdf,240,0.85,"metadata_in_db",documents/0001e288ad48c12304ff0ede99035fc4d0ba608a9c13208fac2d9d15ef5d2fc4.pdf,0,,AUTO
"C:\Users\CAIHUI\MicroEra-Wiki-MVP-new\backend\data\zaozhi\甘蔗渣\bagasse3\maximizing-polylactic-acid-bioplastic-yield-from-lactobacillus-rhamnosus-l6-via-response-surface-methodology-evaluating-dual.pdf","zaozhi/甘蔗渣/bagasse3/maximizing-polylactic-acid-bioplastic-yield-from-lactobacillus-rhamnosus-l6-via-response-surface-methodology-evaluating-dual.pdf","maximizing-polylactic-acid-bioplastic-yield-from-lactobacillus-rhamnosus-l6-via-response-surface-methodology-evaluating-dual.pdf",".pdf",27088541,45ad333e00b10a62db6e034ecb64eb1a59fbf413bb1642bcaaa6b8dc862a1b2e,application/pdf,243,0.85,"metadata_in_db",documents/45ad333e00b10a62db6e034ecb64eb1a59fbf413bb1642bcaaa6b8dc862a1b2e.pdf,0,,AUTO
"C:\Users\CAIHUI\MicroEra-Wiki-MVP-new\backend\data\zaozhi\甘蔗渣\bagasse3\polymers-17-00322-dual.pdf","zaozhi/甘蔗渣/bagasse3/polymers-17-00322-dual.pdf","polymers-17-00322-dual.pdf",".pdf",6271432,e8cee06e0cb499595d636ee5afa15f25b58735faac2739d88122052bbf78aaf3,application/pdf,245,0.85,"metadata_in_db",documents/e8cee06e0cb499595d636ee5afa15f25b58735faac2739d88122052bbf78aaf3.pdf,0,,AUTO
"C:\Users\CAIHUI\MicroEra-Wiki-MVP-new\backend\data\zaozhi\甘蔗渣\bagasse3\s12649-025-03057-x-dual.pdf","zaozhi/甘蔗渣/bagasse3/s12649-025-03057-x-dual.pdf","s12649-025-03057-x-dual.pdf",".pdf",2069071,45ed351dcf459c06c4cb9c2e51f98ca2cf26bb0986e91ec4b52860ff272cbc86,application/pdf,248,0.85,"metadata_in_db",documents/45ed351dcf459c06c4cb9c2e51f98ca2cf26bb0986e91ec4b52860ff272cbc86.pdf,0,,AUTO
"C:\Users\CAIHUI\MicroEra-Wiki-MVP-new\backend\data\zaozhi\甘蔗渣\bagasse3\s12649-025-03057-x-dual.pdf","zaozhi/甘蔗渣/bagasse3/s12649-025-03057-x-dual.pdf","s12649-025-03057-x-dual.pdf",".pdf",2069071,45ed351dcf459c06c4cb9c2e51f98ca2cf26bb0986e91ec4b52860ff272cbc86,application/pdf,317,0.7,"id_token",documents/45ed351dcf459c06c4cb9c2e51f98ca2cf26bb0986e91ec4b52860ff272cbc86.pdf,0,,AUTO
"C:\Users\CAIHUI\MicroEra-Wiki-MVP-new\backend\data\zaozhi\甘蔗渣\bagasse3\s42452-025-07560-7-dual.pdf","zaozhi/甘蔗渣/bagasse3/s42452-025-07560-7-dual.pdf","s42452-025-07560-7-dual.pdf",".pdf",2538123,47e8f5e20ba5031bffd8a0f6ce2efc035bdc615a52adc71d9b2ec67cfe2a3262,application/pdf,253,0.85,"metadata_in_db",documents/47e8f5e20ba5031bffd8a0f6ce2efc035bdc615a52adc71d9b2ec67cfe2a3262.pdf,0,,AUTO
"C:\Users\CAIHUI\MicroEra-Wiki-MVP-new\backend\data\zaozhi\甘蔗渣\bagasse3\technoeconomics-of-sugar-cane-bagasse-valorization-to-lactic-acid-using-pinch-technology-distillation-vs-reactive-dual.pdf","zaozhi/甘蔗渣/bagasse3/technoeconomics-of-sugar-cane-bagasse-valorization-to-lactic-acid-using-pinch-technology-distillation-vs-reactive-dual.pdf","technoeconomics-of-sugar-cane-bagasse-valorization-to-lactic-acid-using-pinch-technology-distillation-vs-reactive-dual.pdf",".pdf",18470815,6e7363fb982d6be5851f2c4dae3882d28ba8bb0700340cbd7ae425c12c978a6a,application/pdf,257,0.85,"metadata_in_db",documents/6e7363fb982d6be5851f2c4dae3882d28ba8bb0700340cbd7ae425c12c978a6a.pdf,0,,AUTO
"C:\Users\CAIHUI\MicroEra-Wiki-MVP-new\backend\data\zaozhi\甘蔗渣\bagasse3\technologies-13-00238-dual.pdf","zaozhi/甘蔗渣/bagasse3/technologies-13-00238-dual.pdf","technologies-13-00238-dual.pdf",".pdf",1495006,e12482e66c9aca3c586a45c102fb2539824b310df14893107ec9a947851a6de2,application/pdf,258,0.85,"metadata_in_db",documents/e12482e66c9aca3c586a45c102fb2539824b310df14893107ec9a947851a6de2.pdf,0,,AUTO
"C:\Users\CAIHUI\MicroEra-Wiki-MVP-new\backend\data\zaozhi\甘蔗渣\jcs-09-00503-dual.pdf","zaozhi/甘蔗渣/jcs-09-00503-dual.pdf","jcs-09-00503-dual.pdf",".pdf",5261614,31ccf9c27633529cb7b3c584e7f6c21873926791de527090c8acbaa9824ac3ac,application/pdf,237,0.85,"metadata_in_db",documents/31ccf9c27633529cb7b3c584e7f6c21873926791de527090c8acbaa9824ac3ac.pdf,0,,AUTO
"C:\Users\CAIHUI\MicroEra-Wiki-MVP-new\backend\data\zaozhi\甘蔗渣\paper2\1-s2.0-S0141813025086374-main-dual.pdf","zaozhi/甘蔗渣/paper2/1-s2.0-S0141813025086374-main-dual.pdf","1-s2.0-S0141813025086374-main-dual.pdf",".pdf",18458522,9c8a0605c86036eecbab2cf95ac966e11cde42b0e6b5cae0c105172971fb09c0,application/pdf,103,0.85,"metadata_in_db",documents/9c8a0605c86036eecbab2cf95ac966e11cde42b0e6b5cae0c105172971fb09c0.pdf,0,,AUTO
"C:\Users\CAIHUI\MicroEra-Wiki-MVP-new\backend\data\zaozhi\甘蔗渣\paper2\1-s2.0-S0141813025086374-main-dual.pdf","zaozhi/甘蔗渣/paper2/1-s2.0-S0141813025086374-main-dual.pdf","1-s2.0-S0141813025086374-main-dual.pdf",".pdf",18458522,9c8a0605c86036eecbab2cf95ac966e11cde42b0e6b5cae0c105172971fb09c0,application/pdf,146,0.85,"metadata_in_db",documents/9c8a0605c86036eecbab2cf95ac966e11cde42b0e6b5cae0c105172971fb09c0.pdf,0,,AUTO
"C:\Users\CAIHUI\MicroEra-Wiki-MVP-new\backend\data\zaozhi\甘蔗渣\paper2\1-s2.0-S0926669025015614-main-dual.pdf","zaozhi/甘蔗渣/paper2/1-s2.0-S0926669025015614-main-dual.pdf","1-s2.0-S0926669025015614-main-dual.pdf",".pdf",6866852,cdc20ce124d88c4b161c7a507902dc27635343c9dcbb56191ee3ecd88271c6d5,application/pdf,104,0.85,"metadata_in_db",documents/cdc20ce124d88c4b161c7a507902dc27635343c9dcbb56191ee3ecd88271c6d5.pdf,0,,AUTO
"C:\Users\CAIHUI\MicroEra-Wiki-MVP-new\backend\data\zaozhi\甘蔗渣\paper2\1-s2.0-S0926669025015614-main-dual.pdf","zaozhi/甘蔗渣/paper2/1-s2.0-S0926669025015614-main-dual.pdf","1-s2.0-S0926669025015614-main-dual.pdf",".pdf",6866852,cdc20ce124d88c4b161c7a507902dc27635343c9dcbb56191ee3ecd88271c6d5,application/pdf,147,0.85,"metadata_in_db",documents/cdc20ce124d88c4b161c7a507902dc27635343c9dcbb56191ee3ecd88271c6d5.pdf,0,,AUTO
"C:\Users\CAIHUI\MicroEra-Wiki-MVP-new\backend\data\zaozhi\甘蔗渣\paper2\1-s2.0-S1369703X25000646-main-dual.pdf","zaozhi/甘蔗渣/paper2/1-s2.0-S1369703X25000646-main-dual.pdf","1-s2.0-S1369703X25000646-main-dual.pdf",".pdf",15425337,8f81326b92566b1b00f4507c03bcf37988d3dfebc3703757cd188fe17557952e,application/pdf,111,0.85,"metadata_in_db",documents/8f81326b92566b1b00f4507c03bcf37988d3dfebc3703757cd188fe17557952e.pdf,0,,AUTO
"C:\Users\CAIHUI\MicroEra-Wiki-MVP-new\backend\data\zaozhi\甘蔗渣\paper2\1-s2.0-S1369703X25000646-main-dual.pdf","zaozhi/甘蔗渣/paper2/1-s2.0-S1369703X25000646-main-dual.pdf","1-s2.0-S1369703X25000646-main-dual.pdf",".pdf",15425337,8f81326b92566b1b00f4507c03bcf37988d3dfebc3703757cd188fe17557952e,application/pdf,154,0.85,"metadata_in_db",documents/8f81326b92566b1b00f4507c03bcf37988d3dfebc3703757cd188fe17557952e.pdf,0,,AUTO
"C:\Users\CAIHUI\MicroEra-Wiki-MVP-new\backend\data\zaozhi\甘蔗渣\paper2\1-s2.0-S1385894725049903-main-dual.pdf","zaozhi/甘蔗渣/paper2/1-s2.0-S1385894725049903-main-dual.pdf","1-s2.0-S1385894725049903-main-dual.pdf",".pdf",27248406,6b17e8c09025dc67a407263bf07a226a57fc88d088330c07a83cf49a2c2d4b04,application/pdf,112,0.85,"metadata_in_db",documents/6b17e8c09025dc67a407263bf07a226a57fc88d088330c07a83cf49a2c2d4b04.pdf,0,,AUTO
"C:\Users\CAIHUI\MicroEra-Wiki-MVP-new\backend\data\zaozhi\甘蔗渣\paper2\1-s2.0-S1385894725049903-main-dual.pdf","zaozhi/甘蔗渣/paper2/1-s2.0-S1385894725049903-main-dual.pdf","1-s2.0-S1385894725049903-main-dual.pdf",".pdf",27248406,6b17e8c09025dc67a407263bf07a226a57fc88d088330c07a83cf49a2c2d4b04,application/pdf,155,0.85,"metadata_in_db",documents/6b17e8c09025dc67a407263bf07a226a57fc88d088330c07a83cf49a2c2d4b04.pdf,0,,AUTO
"C:\Users\CAIHUI\MicroEra-Wiki-MVP-new\backend\data\zaozhi\甘蔗渣\paper2\1-s2.0-S2589014X25002361-main-dual.pdf","zaozhi/甘蔗渣/paper2/1-s2.0-S2589014X25002361-main-dual.pdf","1-s2.0-S2589014X25002361-main-dual.pdf",".pdf",7100026,269e51d919953050819f9620578c9ec016aed4d0011ab597a1dc5a9a08ef71e0,application/pdf,114,0.85,"metadata_in_db",documents/269e51d919953050819f9620578c9ec016aed4d0011ab597a1dc5a9a08ef71e0.pdf,0,,AUTO
"C:\Users\CAIHUI\MicroEra-Wiki-MVP-new\backend\data\zaozhi\甘蔗渣\paper2\1-s2.0-S2589014X25002361-main-dual.pdf","zaozhi/甘蔗渣/paper2/1-s2.0-S2589014X25002361-main-dual.pdf","1-s2.0-S2589014X25002361-main-dual.pdf",".pdf",7100026,269e51d919953050819f9620578c9ec016aed4d0011ab597a1dc5a9a08ef71e0,application/pdf,157,0.85,"metadata_in_db",documents/269e51d919953050819f9620578c9ec016aed4d0011ab597a1dc5a9a08ef71e0.pdf,0,,AUTO
"C:\Users\CAIHUI\MicroEra-Wiki-MVP-new\backend\data\zaozhi\甘蔗渣\paper2\Energy Science   Engineering - 2025 - Buthelezi - Techno‐Economic Assessment of Biofuels Production From Sugarcane Bagasse-dual.pdf","zaozhi/甘蔗渣/paper2/Energy Science   Engineering - 2025 - Buthelezi - Techno‐Economic Assessment of Biofuels Production From Sugarcane Bagasse-dual.pdf","Energy Science   Engineering - 2025 - Buthelezi - Techno‐Economic Assessment of Biofuels Production From Sugarcane Bagasse-dual.pdf",".pdf",1786285,e58a7f7ef7577fcae31e4bbe137ed6070c91aac56df0c75c77ceb9318291ec95,application/pdf,218,0.85,"metadata_in_db",documents/e58a7f7ef7577fcae31e4bbe137ed6070c91aac56df0c75c77ceb9318291ec95.pdf,0,,AUTO
"C:\Users\CAIHUI\MicroEra-Wiki-MVP-new\backend\data\zaozhi\甘蔗渣\paper2\fermentation-11-00489-dual.pdf","zaozhi/甘蔗渣/paper2/fermentation-11-00489-dual.pdf","fermentation-11-00489-dual.pdf",".pdf",2937575,6eb8ca041bfe6a0c40398b485d0f23f22225ab91534e71f5b67512a0a4193d44,application/pdf,233,0.85,"metadata_in_db",documents/6eb8ca041bfe6a0c40398b485d0f23f22225ab91534e71f5b67512a0a4193d44.pdf,0,,AUTO
"C:\Users\CAIHUI\MicroEra-Wiki-MVP-new\backend\data\zaozhi\甘蔗渣\paper2\s40643-025-00905-5-dual.pdf","zaozhi/甘蔗渣/paper2/s40643-025-00905-5-dual.pdf","s40643-025-00905-5-dual.pdf",".pdf",3113951,8d921646509f2c7e493f1129ee8c46cc1fb9845fac8aff9a3fc58ef7f6c4af8d,application/pdf,251,0.85,"metadata_in_db",documents/8d921646509f2c7e493f1129ee8c46cc1fb9845fac8aff9a3fc58ef7f6c4af8d.pdf,0,,AUTO
"C:\Users\CAIHUI\MicroEra-Wiki-MVP-new\backend\data\zaozhi\甘蔗渣\s41598-025-00610-5-dual.pdf","zaozhi/甘蔗渣/s41598-025-00610-5-dual.pdf","s41598-025-00610-5-dual.pdf",".pdf",4462368,1edb4c9931504f8ba17056a98ee46b97dfebdbc1a21b59ade736c4d9ae10eb4d,application/pdf,252,0.85,"metadata_in_db",documents/1edb4c9931504f8ba17056a98ee46b97dfebdbc1a21b59ade736c4d9ae10eb4d.pdf,0,,AUTO
"C:\Users\CAIHUI\MicroEra-Wiki-MVP-new\backend\data\zaozhi\甘蔗渣\sustainable-production-of-high-performance-bioplastics-from-agricultural-and-industrial-biomass-waste-by-integrating-dual.pdf","zaozhi/甘蔗渣/sustainable-production-of-high-performance-bioplastics-from-agricultural-and-industrial-biomass-waste-by-integrating-dual.pdf","sustainable-production-of-high-performance-bioplastics-from-agricultural-and-industrial-biomass-waste-by-integrating-dual.pdf",".pdf",15158921,ba43ade0c62ff1ea37256cd80430930cf05fea33527ae452e7dbce8045aca02b,application/pdf,256,0.85,"metadata_in_db",documents/ba43ade0c62ff1ea37256cd80430930cf05fea33527ae452e7dbce8045aca02b.pdf,0,,AUTO
"C:\Users\CAIHUI\MicroEra-Wiki-MVP-new\backend\data\zaozhi\甘蔗渣\利夫生物\专利\第一部分\CN201610046821.8_一种选择性制备1-羟基-2,5-己二酮及2,5-呋喃二甲醇的方法.pdf","zaozhi/甘蔗渣/利夫生物/专利/第一部分/CN201610046821.8_一种选择性制备1-羟基-2,5-己二酮及2,5-呋喃二甲醇的方法.pdf","CN201610046821.8_一种选择性制备1-羟基-2,5-己二酮及2,5-呋喃二甲醇的方法.pdf",".pdf",992860,a7167e79ee90e8c3e86ead9d89418a2f200b80f47a0e969c8d4adc7be2e7e0c0,application/pdf,351,0.98,"exact_title",documents/a7167e79ee90e8c3e86ead9d89418a2f200b80f47a0e969c8d4adc7be2e7e0c0.pdf,0,"zaozhi/CN201610046821.8_一种选择性制备1-羟基-2,5-己二酮及2,5-呋喃二甲醇的方法.pdf",AUTO
"C:\Users\CAIHUI\MicroEra-Wiki-MVP-new\backend\data\zaozhi\甘蔗渣\利夫生物\专利\第一部分\CN201610046821.8_一种选择性制备1-羟基-2,5-己二酮及2,5-呋喃二甲醇的方法.pdf","zaozhi/甘蔗渣/利夫生物/专利/第一部分/CN201610046821.8_一种选择性制备1-羟基-2,5-己二酮及2,5-呋喃二甲醇的方法.pdf","CN201610046821.8_一种选择性制备1-羟基-2,5-己二酮及2,5-呋喃二甲醇的方法.pdf",".pdf",992860,a7167e79ee90e8c3e86ead9d89418a2f200b80f47a0e969c8d4adc7be2e7e0c0,application/pdf,134,0.5,"fuzzy_title_low",documents/a7167e79ee90e8c3e86ead9d89418a2f200b80f47a0e969c8d4adc7be2e7e0c0.pdf,0,"zaozhi/CN201610046821.8_一种选择性制备1-羟基-2,5-己二酮及2,5-呋喃二甲醇的方法.pdf",AUTO
"C:\Users\CAIHUI\MicroEra-Wiki-MVP-new\backend\data\zaozhi\甘蔗渣\利夫生物\专利\第一部分\CN201610046821.8_一种选择性制备1-羟基-2,5-己二酮及2,5-呋喃二甲醇的方法.pdf","zaozhi/甘蔗渣/利夫生物/专利/第一部分/CN201610046821.8_一种选择性制备1-羟基-2,5-己二酮及2,5-呋喃二甲醇的方法.pdf","CN201610046821.8_一种选择性制备1-羟基-2,5-己二酮及2,5-呋喃二甲醇的方法.pdf",".pdf",992860,a7167e79ee90e8c3e86ead9d89418a2f200b80f47a0e969c8d4adc7be2e7e0c0,application/pdf,135,0.5,"fuzzy_title_low",documents/a7167e79ee90e8c3e86ead9d89418a2f200b80f47a0e969c8d4adc7be2e7e0c0.pdf,0,"zaozhi/CN201610046821.8_一种选择性制备1-羟基-2,5-己二酮及2,5-呋喃二甲醇的方法.pdf",AUTO
"C:\Users\CAIHUI\MicroEra-Wiki-MVP-new\backend\data\zaozhi\甘蔗渣\利夫生物\专利\第一部分\CN201610046821.8_一种选择性制备1-羟基-2,5-己二酮及2,5-呋喃二甲醇的方法.pdf","zaozhi/甘蔗渣/利夫生物/专利/第一部分/CN201610046821.8_一种选择性制备1-羟基-2,5-己二酮及2,5-呋喃二甲醇的方法.pdf","CN201610046821.8_一种选择性制备1-羟基-2,5-己二酮及2,5-呋喃二甲醇的方法.pdf",".pdf",992860,a7167e79ee90e8c3e86ead9d89418a2f200b80f47a0e969c8d4adc7be2e7e0c0,application/pdf,136,0.5,"fuzzy_title_low",documents/a7167e79ee90e8c3e86ead9d89418a2f200b80f47a0e969c8d4adc7be2e7e0c0.pdf,0,"zaozhi/CN201610046821.8_一种选择性制备1-羟基-2,5-己二酮及2,5-呋喃二甲醇的方法.pdf",AUTO
"C:\Users\CAIHUI\MicroEra-Wiki-MVP-new\backend\data\zaozhi\甘蔗渣\利夫生物\专利\第一部分\CN201610046821.8_一种选择性制备1-羟基-2,5-己二酮及2,5-呋喃二甲醇的方法.pdf","zaozhi/甘蔗渣/利夫生物/专利/第一部分/CN201610046821.8_一种选择性制备1-羟基-2,5-己二酮及2,5-呋喃二甲醇的方法.pdf","CN201610046821.8_一种选择性制备1-羟基-2,5-己二酮及2,5-呋喃二甲醇的方法.pdf",".pdf",992860,a7167e79ee90e8c3e86ead9d89418a2f200b80f47a0e969c8d4adc7be2e7e0c0,application/pdf,142,0.5,"fuzzy_title_low",documents/a7167e79ee90e8c3e86ead9d89418a2f200b80f47a0e969c8d4adc7be2e7e0c0.pdf,0,"zaozhi/CN201610046821.8_一种选择性制备1-羟基-2,5-己二酮及2,5-呋喃二甲醇的方法.pdf",AUTO
"C:\Users\CAIHUI\MicroEra-Wiki-MVP-new\backend\data\zaozhi\甘蔗渣\利夫生物\专利\第一部分\CN201610046821.8_一种选择性制备1-羟基-2,5-己二酮及2,5-呋喃二甲醇的方法.pdf","zaozhi/甘蔗渣/利夫生物/专利/第一部分/CN201610046821.8_一种选择性制备1-羟基-2,5-己二酮及2,5-呋喃二甲醇的方法.pdf","CN201610046821.8_一种选择性制备1-羟基-2,5-己二酮及2,5-呋喃二甲醇的方法.pdf",".pdf",992860,a7167e79ee90e8c3e86ead9d89418a2f200b80f47a0e969c8d4adc7be2e7e0c0,application/pdf,177,0.5,"fuzzy_title_low",documents/a7167e79ee90e8c3e86ead9d89418a2f200b80f47a0e969c8d4adc7be2e7e0c0.pdf,0,"zaozhi/CN201610046821.8_一种选择性制备1-羟基-2,5-己二酮及2,5-呋喃二甲醇的方法.pdf",AUTO
"C:\Users\CAIHUI\MicroEra-Wiki-MVP-new\backend\data\zaozhi\甘蔗渣\利夫生物\专利\第一部分\CN201610046821.8_一种选择性制备1-羟基-2,5-己二酮及2,5-呋喃二甲醇的方法.pdf","zaozhi/甘蔗渣/利夫生物/专利/第一部分/CN201610046821.8_一种选择性制备1-羟基-2,5-己二酮及2,5-呋喃二甲醇的方法.pdf","CN201610046821.8_一种选择性制备1-羟基-2,5-己二酮及2,5-呋喃二甲醇的方法.pdf",".pdf",992860,a7167e79ee90e8c3e86ead9d89418a2f200b80f47a0e969c8d4adc7be2e7e0c0,application/pdf,178,0.5,"fuzzy_title_low",documents/a7167e79ee90e8c3e86ead9d89418a2f200b80f47a0e969c8d4adc7be2e7e0c0.pdf,0,"zaozhi/CN201610046821.8_一种选择性制备1-羟基-2,5-己二酮及2,5-呋喃二甲醇的方法.pdf",AUTO
"C:\Users\CAIHUI\MicroEra-Wiki-MVP-new\backend\data\zaozhi\甘蔗渣\利夫生物\专利\第一部分\CN201610046821.8_一种选择性制备1-羟基-2,5-己二酮及2,5-呋喃二甲醇的方法.pdf","zaozhi/甘蔗渣/利夫生物/专利/第一部分/CN201610046821.8_一种选择性制备1-羟基-2,5-己二酮及2,5-呋喃二甲醇的方法.pdf","CN201610046821.8_一种选择性制备1-羟基-2,5-己二酮及2,5-呋喃二甲醇的方法.pdf",".pdf",992860,a7167e79ee90e8c3e86ead9d89418a2f200b80f47a0e969c8d4adc7be2e7e0c0,application/pdf,179,0.5,"fuzzy_title_low",documents/a7167e79ee90e8c3e86ead9d89418a2f200b80f47a0e969c8d4adc7be2e7e0c0.pdf,0,"zaozhi/CN201610046821.8_一种选择性制备1-羟基-2,5-己二酮及2,5-呋喃二甲醇的方法.pdf",AUTO
"C:\Users\CAIHUI\MicroEra-Wiki-MVP-new\backend\data\zaozhi\甘蔗渣\利夫生物\专利\第一部分\CN201610046821.8_一种选择性制备1-羟基-2,5-己二酮及2,5-呋喃二甲醇的方法.pdf","zaozhi/甘蔗渣/利夫生物/专利/第一部分/CN201610046821.8_一种选择性制备1-羟基-2,5-己二酮及2,5-呋喃二甲醇的方法.pdf","CN201610046821.8_一种选择性制备1-羟基-2,5-己二酮及2,5-呋喃二甲醇的方法.pdf",".pdf",992860,a7167e79ee90e8c3e86ead9d89418a2f200b80f47a0e969c8d4adc7be2e7e0c0,application/pdf,185,0.5,"fuzzy_title_low",documents/a7167e79ee90e8c3e86ead9d89418a2f200b80f47a0e969c8d4adc7be2e7e0c0.pdf,0,"zaozhi/CN201610046821.8_一种选择性制备1-羟基-2,5-己二酮及2,5-呋喃二甲醇的方法.pdf",AUTO
"C:\Users\CAIHUI\MicroEra-Wiki-MVP-new\backend\data\zaozhi\甘蔗渣\利夫生物\专利\第一部分\CN201610046821.8_一种选择性制备1-羟基-2,5-己二酮及2,5-呋喃二甲醇的方法.pdf","zaozhi/甘蔗渣/利夫生物/专利/第一部分/CN201610046821.8_一种选择性制备1-羟基-2,5-己二酮及2,5-呋喃二甲醇的方法.pdf","CN201610046821.8_一种选择性制备1-羟基-2,5-己二酮及2,5-呋喃二甲醇的方法.pdf",".pdf",992860,a7167e79ee90e8c3e86ead9d89418a2f200b80f47a0e969c8d4adc7be2e7e0c0,application/pdf,190,0.5,"fuzzy_title_low",documents/a7167e79ee90e8c3e86ead9d89418a2f200b80f47a0e969c8d4adc7be2e7e0c0.pdf,0,"zaozhi/CN201610046821.8_一种选择性制备1-羟基-2,5-己二酮及2,5-呋喃二甲醇的方法.pdf",AUTO
"C:\Users\CAIHUI\MicroEra-Wiki-MVP-new\backend\data\zaozhi\甘蔗渣\利夫生物\专利\第一部分\CN201610046821.8_一种选择性制备1-羟基-2,5-己二酮及2,5-呋喃二甲醇的方法.pdf","zaozhi/甘蔗渣/利夫生物/专利/第一部分/CN201610046821.8_一种选择性制备1-羟基-2,5-己二酮及2,5-呋喃二甲醇的方法.pdf","CN201610046821.8_一种选择性制备1-羟基-2,5-己二酮及2,5-呋喃二甲醇的方法.pdf",".pdf",992860,a7167e79ee90e8c3e86ead9d89418a2f200b80f47a0e969c8d4adc7be2e7e0c0,application/pdf,205,0.5,"fuzzy_title_low",documents/a7167e79ee90e8c3e86ead9d89418a2f200b80f47a0e969c8d4adc7be2e7e0c0.pdf,0,"zaozhi/CN201610046821.8_一种选择性制备1-羟基-2,5-己二酮及2,5-呋喃二甲醇的方法.pdf",AUTO
"C:\Users\CAIHUI\MicroEra-Wiki-MVP-new\backend\data\zaozhi\甘蔗渣\利夫生物\专利\第一部分\CN201610046821.8_一种选择性制备1-羟基-2,5-己二酮及2,5-呋喃二甲醇的方法.pdf","zaozhi/甘蔗渣/利夫生物/专利/第一部分/CN201610046821.8_一种选择性制备1-羟基-2,5-己二酮及2,5-呋喃二甲醇的方法.pdf","CN201610046821.8_一种选择性制备1-羟基-2,5-己二酮及2,5-呋喃二甲醇的方法.pdf",".pdf",992860,a7167e79ee90e8c3e86ead9d89418a2f200b80f47a0e969c8d4adc7be2e7e0c0,application/pdf,209,0.5,"fuzzy_title_low",documents/a7167e79ee90e8c3e86ead9d89418a2f200b80f47a0e969c8d4adc7be2e7e0c0.pdf,0,"zaozhi/CN201610046821.8_一种选择性制备1-羟基-2,5-己二酮及2,5-呋喃二甲醇的方法.pdf",AUTO
"C:\Users\CAIHUI\MicroEra-Wiki-MVP-new\backend\data\zaozhi\甘蔗渣\利夫生物\专利\第一部分\CN201610046821.8_一种选择性制备1-羟基-2,5-己二酮及2,5-呋喃二甲醇的方法.pdf","zaozhi/甘蔗渣/利夫生物/专利/第一部分/CN201610046821.8_一种选择性制备1-羟基-2,5-己二酮及2,5-呋喃二甲醇的方法.pdf","CN201610046821.8_一种选择性制备1-羟基-2,5-己二酮及2,5-呋喃二甲醇的方法.pdf",".pdf",992860,a7167e79ee90e8c3e86ead9d89418a2f200b80f47a0e969c8d4adc7be2e7e0c0,application/pdf,210,0.5,"fuzzy_title_low",documents/a7167e79ee90e8c3e86ead9d89418a2f200b80f47a0e969c8d4adc7be2e7e0c0.pdf,0,"zaozhi/CN201610046821.8_一种选择性制备1-羟基-2,5-己二酮及2,5-呋喃二甲醇的方法.pdf",AUTO
"C:\Users\CAIHUI\MicroEra-Wiki-MVP-new\backend\data\zaozhi\甘蔗渣\利夫生物\专利\第一部分\CN201610046821.8_一种选择性制备1-羟基-2,5-己二酮及2,5-呋喃二甲醇的方法.pdf","zaozhi/甘蔗渣/利夫生物/专利/第一部分/CN201610046821.8_一种选择性制备1-羟基-2,5-己二酮及2,5-呋喃二甲醇的方法.pdf","CN201610046821.8_一种选择性制备1-羟基-2,5-己二酮及2,5-呋喃二甲醇的方法.pdf",".pdf",992860,a7167e79ee90e8c3e86ead9d89418a2f200b80f47a0e969c8d4adc7be2e7e0c0,application/pdf,213,0.5,"fuzzy_title_low",documents/a7167e79ee90e8c3e86ead9d89418a2f200b80f47a0e969c8d4adc7be2e7e0c0.pdf,0,"zaozhi/CN201610046821.8_一种选择性制备1-羟基-2,5-己二酮及2,5-呋喃二甲醇的方法.pdf",AUTO
"C:\Users\CAIHUI\MicroEra-Wiki-MVP-new\backend\data\zaozhi\甘蔗渣\利夫生物\专利\第一部分\CN201610046821.8_一种选择性制备1-羟基-2,5-己二酮及2,5-呋喃二甲醇的方法.pdf","zaozhi/甘蔗渣/利夫生物/专利/第一部分/CN201610046821.8_一种选择性制备1-羟基-2,5-己二酮及2,5-呋喃二甲醇的方法.pdf","CN201610046821.8_一种选择性制备1-羟基-2,5-己二酮及2,5-呋喃二甲醇的方法.pdf",".pdf",992860,a7167e79ee90e8c3e86ead9d89418a2f200b80f47a0e969c8d4adc7be2e7e0c0,application/pdf,355,0.5,"fuzzy_title_low",documents/a7167e79ee90e8c3e86ead9d89418a2f200b80f47a0e969c8d4adc7be2e7e0c0.pdf,0,"zaozhi/CN201610046821.8_一种选择性制备1-羟基-2,5-己二酮及2,5-呋喃二甲醇的方法.pdf",AUTO
"C:\Users\CAIHUI\MicroEra-Wiki-MVP-new\backend\data\zaozhi\甘蔗渣\利夫生物\专利\第一部分\CN201710768995.X_一种1,10‑癸二酸的制备方法.pdf","zaozhi/甘蔗渣/利夫生物/专利/第一部分/CN201710768995.X_一种1,10‑癸二酸的制备方法.pdf","CN201710768995.X_一种1,10‑癸二酸的制备方法.pdf",".pdf",725474,5e3a1d10f15e80dd7d577e3020345fd74359b8e96548118292396db2df1f4c8a,application/pdf,353,0.95,"normalized_title",documents/5e3a1d10f15e80dd7d577e3020345fd74359b8e96548118292396db2df1f4c8a.pdf,0,"zaozhi/CN201710768995.X_一种1,10‑癸二酸的制备方法.pdf",AUTO
"C:\Users\CAIHUI\MicroEra-Wiki-MVP-new\backend\data\zaozhi\甘蔗渣\利夫生物\专利\第一部分\CN201710768995.X_一种1,10‑癸二酸的制备方法.pdf","zaozhi/甘蔗渣/利夫生物/专利/第一部分/CN201710768995.X_一种1,10‑癸二酸的制备方法.pdf","CN201710768995.X_一种1,10‑癸二酸的制备方法.pdf",".pdf",725474,5e3a1d10f15e80dd7d577e3020345fd74359b8e96548118292396db2df1f4c8a,application/pdf,134,0.5,"fuzzy_title_low",documents/5e3a1d10f15e80dd7d577e3020345fd74359b8e96548118292396db2df1f4c8a.pdf,0,"zaozhi/CN201710768995.X_一种1,10‑癸二酸的制备方法.pdf",AUTO
"C:\Users\CAIHUI\MicroEra-Wiki-MVP-new\backend\data\zaozhi\甘蔗渣\利夫生物\专利\第一部分\CN201710768995.X_一种1,10‑癸二酸的制备方法.pdf","zaozhi/甘蔗渣/利夫生物/专利/第一部分/CN201710768995.X_一种1,10‑癸二酸的制备方法.pdf","CN201710768995.X_一种1,10‑癸二酸的制备方法.pdf",".pdf",725474,5e3a1d10f15e80dd7d577e3020345fd74359b8e96548118292396db2df1f4c8a,application/pdf,136,0.5,"fuzzy_title_low",documents/5e3a1d10f15e80dd7d577e3020345fd74359b8e96548118292396db2df1f4c8a.pdf,0,"zaozhi/CN201710768995.X_一种1,10‑癸二酸的制备方法.pdf",AUTO
"C:\Users\CAIHUI\MicroEra-Wiki-MVP-new\backend\data\zaozhi\甘蔗渣\利夫生物\专利\第一部分\CN201710768995.X_一种1,10‑癸二酸的制备方法.pdf","zaozhi/甘蔗渣/利夫生物/专利/第一部分/CN201710768995.X_一种1,10‑癸二酸的制备方法.pdf","CN201710768995.X_一种1,10‑癸二酸的制备方法.pdf",".pdf",725474,5e3a1d10f15e80dd7d577e3020345fd74359b8e96548118292396db2df1f4c8a,application/pdf,143,0.5,"fuzzy_title_low",documents/5e3a1d10f15e80dd7d577e3020345fd74359b8e96548118292396db2df1f4c8a.pdf,0,"zaozhi/CN201710768995.X_一种1,10‑癸二酸的制备方法.pdf",AUTO
"C:\Users\CAIHUI\MicroEra-Wiki-MVP-new\backend\data\zaozhi\甘蔗渣\利夫生物\专利\第一部分\CN201710768995.X_一种1,10‑癸二酸的制备方法.pdf","zaozhi/甘蔗渣/利夫生物/专利/第一部分/CN201710768995.X_一种1,10‑癸二酸的制备方法.pdf","CN201710768995.X_一种1,10‑癸二酸的制备方法.pdf",".pdf",725474,5e3a1d10f15e80dd7d577e3020345fd74359b8e96548118292396db2df1f4c8a,application/pdf,177,0.5,"fuzzy_title_low",documents/5e3a1d10f15e80dd7d577e3020345fd74359b8e96548118292396db2df1f4c8a.pdf,0,"zaozhi/CN201710768995.X_一种1,10‑癸二酸的制备方法.pdf",AUTO
"C:\Users\CAIHUI\MicroEra-Wiki-MVP-new\backend\data\zaozhi\甘蔗渣\利夫生物\专利\第一部分\CN201710768995.X_一种1,10‑癸二酸的制备方法.pdf","zaozhi/甘蔗渣/利夫生物/专利/第一部分/CN201710768995.X_一种1,10‑癸二酸的制备方法.pdf","CN201710768995.X_一种1,10‑癸二酸的制备方法.pdf",".pdf",725474,5e3a1d10f15e80dd7d577e3020345fd74359b8e96548118292396db2df1f4c8a,application/pdf,179,0.5,"fuzzy_title_low",documents/5e3a1d10f15e80dd7d577e3020345fd74359b8e96548118292396db2df1f4c8a.pdf,0,"zaozhi/CN201710768995.X_一种1,10‑癸二酸的制备方法.pdf",AUTO
"C:\Users\CAIHUI\MicroEra-Wiki-MVP-new\backend\data\zaozhi\甘蔗渣\利夫生物\专利\第一部分\CN201710768995.X_一种1,10‑癸二酸的制备方法.pdf","zaozhi/甘蔗渣/利夫生物/专利/第一部分/CN201710768995.X_一种1,10‑癸二酸的制备方法.pdf","CN201710768995.X_一种1,10‑癸二酸的制备方法.pdf",".pdf",725474,5e3a1d10f15e80dd7d577e3020345fd74359b8e96548118292396db2df1f4c8a,application/pdf,186,0.5,"fuzzy_title_low",documents/5e3a1d10f15e80dd7d577e3020345fd74359b8e96548118292396db2df1f4c8a.pdf,0,"zaozhi/CN201710768995.X_一种1,10‑癸二酸的制备方法.pdf",AUTO
"C:\Users\CAIHUI\MicroEra-Wiki-MVP-new\backend\data\zaozhi\甘蔗渣\利夫生物\专利\第一部分\CN201710768995.X_一种1,10‑癸二酸的制备方法.pdf","zaozhi/甘蔗渣/利夫生物/专利/第一部分/CN201710768995.X_一种1,10‑癸二酸的制备方法.pdf","CN201710768995.X_一种1,10‑癸二酸的制备方法.pdf",".pdf",725474,5e3a1d10f15e80dd7d577e3020345fd74359b8e96548118292396db2df1f4c8a,application/pdf,187,0.5,"fuzzy_title_low",documents/5e3a1d10f15e80dd7d577e3020345fd74359b8e96548118292396db2df1f4c8a.pdf,0,"zaozhi/CN201710768995.X_一种1,10‑癸二酸的制备方法.pdf",AUTO
"C:\Users\CAIHUI\MicroEra-Wiki-MVP-new\backend\data\zaozhi\甘蔗渣\利夫生物\专利\第一部分\CN201710768995.X_一种1,10‑癸二酸的制备方法.pdf","zaozhi/甘蔗渣/利夫生物/专利/第一部分/CN201710768995.X_一种1,10‑癸二酸的制备方法.pdf","CN201710768995.X_一种1,10‑癸二酸的制备方法.pdf",".pdf",725474,5e3a1d10f15e80dd7d577e3020345fd74359b8e96548118292396db2df1f4c8a,application/pdf,188,0.5,"fuzzy_title_low",documents/5e3a1d10f15e80dd7d577e3020345fd74359b8e96548118292396db2df1f4c8a.pdf,0,"zaozhi/CN201710768995.X_一种1,10‑癸二酸的制备方法.pdf",AUTO
"C:\Users\CAIHUI\MicroEra-Wiki-MVP-new\backend\data\zaozhi\甘蔗渣\利夫生物\专利\第一部分\CN201710768995.X_一种1,10‑癸二酸的制备方法.pdf","zaozhi/甘蔗渣/利夫生物/专利/第一部分/CN201710768995.X_一种1,10‑癸二酸的制备方法.pdf","CN201710768995.X_一种1,10‑癸二酸的制备方法.pdf",".pdf",725474,5e3a1d10f15e80dd7d577e3020345fd74359b8e96548118292396db2df1f4c8a,application/pdf,190,0.5,"fuzzy_title_low",documents/5e3a1d10f15e80dd7d577e3020345fd74359b8e96548118292396db2df1f4c8a.pdf,0,"zaozhi/CN201710768995.X_一种1,10‑癸二酸的制备方法.pdf",AUTO
"C:\Users\CAIHUI\MicroEra-Wiki-MVP-new\backend\data\zaozhi\甘蔗渣\利夫生物\专利\第一部分\CN201710768995.X_一种1,10‑癸二酸的制备方法.pdf","zaozhi/甘蔗渣/利夫生物/专利/第一部分/CN201710768995.X_一种1,10‑癸二酸的制备方法.pdf","CN201710768995.X_一种1,10‑癸二酸的制备方法.pdf",".pdf",725474,5e3a1d10f15e80dd7d577e3020345fd74359b8e96548118292396db2df1f4c8a,application/pdf,191,0.5,"fuzzy_title_low",documents/5e3a1d10f15e80dd7d577e3020345fd74359b8e96548118292396db2df1f4c8a.pdf,0,"zaozhi/CN201710768995.X_一种1,10‑癸二酸的制备方法.pdf",AUTO
"C:\Users\CAIHUI\MicroEra-Wiki-MVP-new\backend\data\zaozhi\甘蔗渣\利夫生物\专利\第一部分\CN201710768995.X_一种1,10‑癸二酸的制备方法.pdf","zaozhi/甘蔗渣/利夫生物/专利/第一部分/CN201710768995.X_一种1,10‑癸二酸的制备方法.pdf","CN201710768995.X_一种1,10‑癸二酸的制备方法.pdf",".pdf",725474,5e3a1d10f15e80dd7d577e3020345fd74359b8e96548118292396db2df1f4c8a,application/pdf,193,0.5,"fuzzy_title_low",documents/5e3a1d10f15e80dd7d577e3020345fd74359b8e96548118292396db2df1f4c8a.pdf,0,"zaozhi/CN201710768995.X_一种1,10‑癸二酸的制备方法.pdf",AUTO
"C:\Users\CAIHUI\MicroEra-Wiki-MVP-new\backend\data\zaozhi\甘蔗渣\利夫生物\专利\第一部分\CN201710768995.X_一种1,10‑癸二酸的制备方法.pdf","zaozhi/甘蔗渣/利夫生物/专利/第一部分/CN201710768995.X_一种1,10‑癸二酸的制备方法.pdf","CN201710768995.X_一种1,10‑癸二酸的制备方法.pdf",".pdf",725474,5e3a1d10f15e80dd7d577e3020345fd74359b8e96548118292396db2df1f4c8a,application/pdf,194,0.5,"fuzzy_title_low",documents/5e3a1d10f15e80dd7d577e3020345fd74359b8e96548118292396db2df1f4c8a.pdf,0,"zaozhi/CN201710768995.X_一种1,10‑癸二酸的制备方法.pdf",AUTO
"C:\Users\CAIHUI\MicroEra-Wiki-MVP-new\backend\data\zaozhi\甘蔗渣\利夫生物\专利\第一部分\CN201710768995.X_一种1,10‑癸二酸的制备方法.pdf","zaozhi/甘蔗渣/利夫生物/专利/第一部分/CN201710768995.X_一种1,10‑癸二酸的制备方法.pdf","CN201710768995.X_一种1,10‑癸二酸的制备方法.pdf",".pdf",725474,5e3a1d10f15e80dd7d577e3020345fd74359b8e96548118292396db2df1f4c8a,application/pdf,209,0.5,"fuzzy_title_low",documents/5e3a1d10f15e80dd7d577e3020345fd74359b8e96548118292396db2df1f4c8a.pdf,0,"zaozhi/CN201710768995.X_一种1,10‑癸二酸的制备方法.pdf",AUTO
"C:\Users\CAIHUI\MicroEra-Wiki-MVP-new\backend\data\zaozhi\甘蔗渣\利夫生物\专利\第一部分\CN201710768995.X_一种1,10‑癸二酸的制备方法.pdf","zaozhi/甘蔗渣/利夫生物/专利/第一部分/CN201710768995.X_一种1,10‑癸二酸的制备方法.pdf","CN201710768995.X_一种1,10‑癸二酸的制备方法.pdf",".pdf",725474,5e3a1d10f15e80dd7d577e3020345fd74359b8e96548118292396db2df1f4c8a,application/pdf,355,0.5,"fuzzy_title_low",documents/5e3a1d10f15e80dd7d577e3020345fd74359b8e96548118292396db2df1f4c8a.pdf,0,"zaozhi/CN201710768995.X_一种1,10‑癸二酸的制备方法.pdf",AUTO
"C:\Users\CAIHUI\MicroEra-Wiki-MVP-new\backend\data\zaozhi\甘蔗渣\利夫生物\专利\第一部分\CN201810321005.2_一种正辛醇酯及其正辛醇的制备方法.pdf","zaozhi/甘蔗渣/利夫生物/专利/第一部分/CN201810321005.2_一种正辛醇酯及其正辛醇的制备方法.pdf","CN201810321005.2_一种正辛醇酯及其正辛醇的制备方法.pdf",".pdf",507351,4a4675b64288a502562701d5cfe33e25d28b2ab13d3bf833c865c37dd5db1811,application/pdf,354,0.98,"exact_title",documents/4a4675b64288a502562701d5cfe33e25d28b2ab13d3bf833c865c37dd5db1811.pdf,0,"zaozhi/CN201810321005.2_一种正辛醇酯及其正辛醇的制备方法.pdf",AUTO
"C:\Users\CAIHUI\MicroEra-Wiki-MVP-new\backend\data\zaozhi\甘蔗渣\利夫生物\专利\第一部分\CN201810321005.2_一种正辛醇酯及其正辛醇的制备方法.pdf","zaozhi/甘蔗渣/利夫生物/专利/第一部分/CN201810321005.2_一种正辛醇酯及其正辛醇的制备方法.pdf","CN201810321005.2_一种正辛醇酯及其正辛醇的制备方法.pdf",".pdf",507351,4a4675b64288a502562701d5cfe33e25d28b2ab13d3bf833c865c37dd5db1811,application/pdf,187,0.5,"fuzzy_title_low",documents/4a4675b64288a502562701d5cfe33e25d28b2ab13d3bf833c865c37dd5db1811.pdf,0,"zaozhi/CN201810321005.2_一种正辛醇酯及其正辛醇的制备方法.pdf",AUTO
"C:\Users\CAIHUI\MicroEra-Wiki-MVP-new\backend\data\zaozhi\甘蔗渣\利夫生物\专利\第一部分\CN201810321005.2_一种正辛醇酯及其正辛醇的制备方法.pdf","zaozhi/甘蔗渣/利夫生物/专利/第一部分/CN201810321005.2_一种正辛醇酯及其正辛醇的制备方法.pdf","CN201810321005.2_一种正辛醇酯及其正辛醇的制备方法.pdf",".pdf",507351,4a4675b64288a502562701d5cfe33e25d28b2ab13d3bf833c865c37dd5db1811,application/pdf,188,0.5,"fuzzy_title_low",documents/4a4675b64288a502562701d5cfe33e25d28b2ab13d3bf833c865c37dd5db1811.pdf,0,"zaozhi/CN201810321005.2_一种正辛醇酯及其正辛醇的制备方法.pdf",AUTO
"C:\Users\CAIHUI\MicroEra-Wiki-MVP-new\backend\data\zaozhi\甘蔗渣\利夫生物\专利\第一部分\CN201810321005.2_一种正辛醇酯及其正辛醇的制备方法.pdf","zaozhi/甘蔗渣/利夫生物/专利/第一部分/CN201810321005.2_一种正辛醇酯及其正辛醇的制备方法.pdf","CN201810321005.2_一种正辛醇酯及其正辛醇的制备方法.pdf",".pdf",507351,4a4675b64288a502562701d5cfe33e25d28b2ab13d3bf833c865c37dd5db1811,application/pdf,189,0.5,"fuzzy_title_low",documents/4a4675b64288a502562701d5cfe33e25d28b2ab13d3bf833c865c37dd5db1811.pdf,0,"zaozhi/CN201810321005.2_一种正辛醇酯及其正辛醇的制备方法.pdf",AUTO
"C:\Users\CAIHUI\MicroEra-Wiki-MVP-new\backend\data\zaozhi\甘蔗渣\利夫生物\专利\第一部分\CN201810321005.2_一种正辛醇酯及其正辛醇的制备方法.pdf","zaozhi/甘蔗渣/利夫生物/专利/第一部分/CN201810321005.2_一种正辛醇酯及其正辛醇的制备方法.pdf","CN201810321005.2_一种正辛醇酯及其正辛醇的制备方法.pdf",".pdf",507351,4a4675b64288a502562701d5cfe33e25d28b2ab13d3bf833c865c37dd5db1811,application/pdf,190,0.5,"fuzzy_title_low",documents/4a4675b64288a502562701d5cfe33e25d28b2ab13d3bf833c865c37dd5db1811.pdf,0,"zaozhi/CN201810321005.2_一种正辛醇酯及其正辛醇的制备方法.pdf",AUTO
"C:\Users\CAIHUI\MicroEra-Wiki-MVP-new\backend\data\zaozhi\甘蔗渣\利夫生物\专利\第一部分\CN201810321005.2_一种正辛醇酯及其正辛醇的制备方法.pdf","zaozhi/甘蔗渣/利夫生物/专利/第一部分/CN201810321005.2_一种正辛醇酯及其正辛醇的制备方法.pdf","CN201810321005.2_一种正辛醇酯及其正辛醇的制备方法.pdf",".pdf",507351,4a4675b64288a502562701d5cfe33e25d28b2ab13d3bf833c865c37dd5db1811,application/pdf,193,0.5,"fuzzy_title_low",documents/4a4675b64288a502562701d5cfe33e25d28b2ab13d3bf833c865c37dd5db1811.pdf,0,"zaozhi/CN201810321005.2_一种正辛醇酯及其正辛醇的制备方法.pdf",AUTO
"C:\Users\CAIHUI\MicroEra-Wiki-MVP-new\backend\data\zaozhi\甘蔗渣\利夫生物\专利\第一部分\CN201810321005.2_一种正辛醇酯及其正辛醇的制备方法.pdf","zaozhi/甘蔗渣/利夫生物/专利/第一部分/CN201810321005.2_一种正辛醇酯及其正辛醇的制备方法.pdf","CN201810321005.2_一种正辛醇酯及其正辛醇的制备方法.pdf",".pdf",507351,4a4675b64288a502562701d5cfe33e25d28b2ab13d3bf833c865c37dd5db1811,application/pdf,194,0.5,"fuzzy_title_low",documents/4a4675b64288a502562701d5cfe33e25d28b2ab13d3bf833c865c37dd5db1811.pdf,0,"zaozhi/CN201810321005.2_一种正辛醇酯及其正辛醇的制备方法.pdf",AUTO
"C:\Users\CAIHUI\MicroEra-Wiki-MVP-new\backend\data\zaozhi\甘蔗渣\利夫生物\专利\第一部分\CN201810321005.2_一种正辛醇酯及其正辛醇的制备方法.pdf","zaozhi/甘蔗渣/利夫生物/专利/第一部分/CN201810321005.2_一种正辛醇酯及其正辛醇的制备方法.pdf","CN201810321005.2_一种正辛醇酯及其正辛醇的制备方法.pdf",".pdf",507351,4a4675b64288a502562701d5cfe33e25d28b2ab13d3bf833c865c37dd5db1811,application/pdf,197,0.5,"fuzzy_title_low",documents/4a4675b64288a502562701d5cfe33e25d28b2ab13d3bf833c865c37dd5db1811.pdf,0,"zaozhi/CN201810321005.2_一种正辛醇酯及其正辛醇的制备方法.pdf",AUTO
"C:\Users\CAIHUI\MicroEra-Wiki-MVP-new\backend\data\zaozhi\甘蔗渣\利夫生物\专利\第一部分\PCTCN2025079285_一种呋喃二甲酸的制备方法及装置.pdf","zaozhi/甘蔗渣/利夫生物/专利/第一部分/PCTCN2025079285_一种呋喃二甲酸的制备方法及装置.pdf","PCTCN2025079285_一种呋喃二甲酸的制备方法及装置.pdf",".pdf",1473342,8e24d43e22902e88943dcb0b5ed678dae0a1280f8dea2730dc827132d54298bc,application/pdf,355,0.98,"exact_title",documents/8e24d43e22902e88943dcb0b5ed678dae0a1280f8dea2730dc827132d54298bc.pdf,0,"zaozhi/PCTCN2025079285_一种呋喃二甲酸的制备方法及装置.pdf",AUTO
"C:\Users\CAIHUI\MicroEra-Wiki-MVP-new\backend\data\zaozhi\甘蔗渣\利夫生物\专利\第一部分\PCTCN2025079285_一种呋喃二甲酸的制备方法及装置.pdf","zaozhi/甘蔗渣/利夫生物/专利/第一部分/PCTCN2025079285_一种呋喃二甲酸的制备方法及装置.pdf","PCTCN2025079285_一种呋喃二甲酸的制备方法及装置.pdf",".pdf",1473342,8e24d43e22902e88943dcb0b5ed678dae0a1280f8dea2730dc827132d54298bc,application/pdf,134,0.65,"fuzzy_title",documents/8e24d43e22902e88943dcb0b5ed678dae0a1280f8dea2730dc827132d54298bc.pdf,0,"zaozhi/PCTCN2025079285_一种呋喃二甲酸的制备方法及装置.pdf",AUTO
"C:\Users\CAIHUI\MicroEra-Wiki-MVP-new\backend\data\zaozhi\甘蔗渣\利夫生物\专利\第一部分\PCTCN2025079285_一种呋喃二甲酸的制备方法及装置.pdf","zaozhi/甘蔗渣/利夫生物/专利/第一部分/PCTCN2025079285_一种呋喃二甲酸的制备方法及装置.pdf","PCTCN2025079285_一种呋喃二甲酸的制备方法及装置.pdf",".pdf",1473342,8e24d43e22902e88943dcb0b5ed678dae0a1280f8dea2730dc827132d54298bc,application/pdf,177,0.65,"fuzzy_title",documents/8e24d43e22902e88943dcb0b5ed678dae0a1280f8dea2730dc827132d54298bc.pdf,0,"zaozhi/PCTCN2025079285_一种呋喃二甲酸的制备方法及装置.pdf",AUTO
"C:\Users\CAIHUI\MicroEra-Wiki-MVP-new\backend\data\zaozhi\甘蔗渣\利夫生物\专利\第一部分\PCTCN2025079285_一种呋喃二甲酸的制备方法及装置.pdf","zaozhi/甘蔗渣/利夫生物/专利/第一部分/PCTCN2025079285_一种呋喃二甲酸的制备方法及装置.pdf","PCTCN2025079285_一种呋喃二甲酸的制备方法及装置.pdf",".pdf",1473342,8e24d43e22902e88943dcb0b5ed678dae0a1280f8dea2730dc827132d54298bc,application/pdf,135,0.5,"fuzzy_title_low",documents/8e24d43e22902e88943dcb0b5ed678dae0a1280f8dea2730dc827132d54298bc.pdf,0,"zaozhi/PCTCN2025079285_一种呋喃二甲酸的制备方法及装置.pdf",AUTO
"C:\Users\CAIHUI\MicroEra-Wiki-MVP-new\backend\data\zaozhi\甘蔗渣\利夫生物\专利\第一部分\PCTCN2025079285_一种呋喃二甲酸的制备方法及装置.pdf","zaozhi/甘蔗渣/利夫生物/专利/第一部分/PCTCN2025079285_一种呋喃二甲酸的制备方法及装置.pdf","PCTCN2025079285_一种呋喃二甲酸的制备方法及装置.pdf",".pdf",1473342,8e24d43e22902e88943dcb0b5ed678dae0a1280f8dea2730dc827132d54298bc,application/pdf,136,0.5,"fuzzy_title_low",documents/8e24d43e22902e88943dcb0b5ed678dae0a1280f8dea2730dc827132d54298bc.pdf,0,"zaozhi/PCTCN2025079285_一种呋喃二甲酸的制备方法及装置.pdf",AUTO
"C:\Users\CAIHUI\MicroEra-Wiki-MVP-new\backend\data\zaozhi\甘蔗渣\利夫生物\专利\第一部分\PCTCN2025079285_一种呋喃二甲酸的制备方法及装置.pdf","zaozhi/甘蔗渣/利夫生物/专利/第一部分/PCTCN2025079285_一种呋喃二甲酸的制备方法及装置.pdf","PCTCN2025079285_一种呋喃二甲酸的制备方法及装置.pdf",".pdf",1473342,8e24d43e22902e88943dcb0b5ed678dae0a1280f8dea2730dc827132d54298bc,application/pdf,178,0.5,"fuzzy_title_low",documents/8e24d43e22902e88943dcb0b5ed678dae0a1280f8dea2730dc827132d54298bc.pdf,0,"zaozhi/PCTCN2025079285_一种呋喃二甲酸的制备方法及装置.pdf",AUTO
"C:\Users\CAIHUI\MicroEra-Wiki-MVP-new\backend\data\zaozhi\甘蔗渣\利夫生物\专利\第一部分\PCTCN2025079285_一种呋喃二甲酸的制备方法及装置.pdf","zaozhi/甘蔗渣/利夫生物/专利/第一部分/PCTCN2025079285_一种呋喃二甲酸的制备方法及装置.pdf","PCTCN2025079285_一种呋喃二甲酸的制备方法及装置.pdf",".pdf",1473342,8e24d43e22902e88943dcb0b5ed678dae0a1280f8dea2730dc827132d54298bc,application/pdf,179,0.5,"fuzzy_title_low",documents/8e24d43e22902e88943dcb0b5ed678dae0a1280f8dea2730dc827132d54298bc.pdf,0,"zaozhi/PCTCN2025079285_一种呋喃二甲酸的制备方法及装置.pdf",AUTO
"C:\Users\CAIHUI\MicroEra-Wiki-MVP-new\backend\data\zaozhi\甘蔗渣\利夫生物\专利\第一部分\PCTCN2025079285_一种呋喃二甲酸的制备方法及装置.pdf","zaozhi/甘蔗渣/利夫生物/专利/第一部分/PCTCN2025079285_一种呋喃二甲酸的制备方法及装置.pdf","PCTCN2025079285_一种呋喃二甲酸的制备方法及装置.pdf",".pdf",1473342,8e24d43e22902e88943dcb0b5ed678dae0a1280f8dea2730dc827132d54298bc,application/pdf,188,0.5,"fuzzy_title_low",documents/8e24d43e22902e88943dcb0b5ed678dae0a1280f8dea2730dc827132d54298bc.pdf,0,"zaozhi/PCTCN2025079285_一种呋喃二甲酸的制备方法及装置.pdf",AUTO
"C:\Users\CAIHUI\MicroEra-Wiki-MVP-new\backend\data\zaozhi\甘蔗渣\利夫生物\专利\第一部分\PCTCN2025079285_一种呋喃二甲酸的制备方法及装置.pdf","zaozhi/甘蔗渣/利夫生物/专利/第一部分/PCTCN2025079285_一种呋喃二甲酸的制备方法及装置.pdf","PCTCN2025079285_一种呋喃二甲酸的制备方法及装置.pdf",".pdf",1473342,8e24d43e22902e88943dcb0b5ed678dae0a1280f8dea2730dc827132d54298bc,application/pdf,189,0.5,"fuzzy_title_low",documents/8e24d43e22902e88943dcb0b5ed678dae0a1280f8dea2730dc827132d54298bc.pdf,0,"zaozhi/PCTCN2025079285_一种呋喃二甲酸的制备方法及装置.pdf",AUTO
"C:\Users\CAIHUI\MicroEra-Wiki-MVP-new\backend\data\zaozhi\甘蔗渣\利夫生物\专利\第一部分\PCTCN2025079285_一种呋喃二甲酸的制备方法及装置.pdf","zaozhi/甘蔗渣/利夫生物/专利/第一部分/PCTCN2025079285_一种呋喃二甲酸的制备方法及装置.pdf","PCTCN2025079285_一种呋喃二甲酸的制备方法及装置.pdf",".pdf",1473342,8e24d43e22902e88943dcb0b5ed678dae0a1280f8dea2730dc827132d54298bc,application/pdf,190,0.5,"fuzzy_title_low",documents/8e24d43e22902e88943dcb0b5ed678dae0a1280f8dea2730dc827132d54298bc.pdf,0,"zaozhi/PCTCN2025079285_一种呋喃二甲酸的制备方法及装置.pdf",AUTO
"C:\Users\CAIHUI\MicroEra-Wiki-MVP-new\backend\data\zaozhi\甘蔗渣\利夫生物\专利\第一部分\PCTCN2025079285_一种呋喃二甲酸的制备方法及装置.pdf","zaozhi/甘蔗渣/利夫生物/专利/第一部分/PCTCN2025079285_一种呋喃二甲酸的制备方法及装置.pdf","PCTCN2025079285_一种呋喃二甲酸的制备方法及装置.pdf",".pdf",1473342,8e24d43e22902e88943dcb0b5ed678dae0a1280f8dea2730dc827132d54298bc,application/pdf,191,0.5,"fuzzy_title_low",documents/8e24d43e22902e88943dcb0b5ed678dae0a1280f8dea2730dc827132d54298bc.pdf,0,"zaozhi/PCTCN2025079285_一种呋喃二甲酸的制备方法及装置.pdf",AUTO
"C:\Users\CAIHUI\MicroEra-Wiki-MVP-new\backend\data\zaozhi\甘蔗渣\利夫生物\专利\第一部分\PCTCN2025079285_一种呋喃二甲酸的制备方法及装置.pdf","zaozhi/甘蔗渣/利夫生物/专利/第一部分/PCTCN2025079285_一种呋喃二甲酸的制备方法及装置.pdf","PCTCN2025079285_一种呋喃二甲酸的制备方法及装置.pdf",".pdf",1473342,8e24d43e22902e88943dcb0b5ed678dae0a1280f8dea2730dc827132d54298bc,application/pdf,193,0.5,"fuzzy_title_low",documents/8e24d43e22902e88943dcb0b5ed678dae0a1280f8dea2730dc827132d54298bc.pdf,0,"zaozhi/PCTCN2025079285_一种呋喃二甲酸的制备方法及装置.pdf",AUTO
"C:\Users\CAIHUI\MicroEra-Wiki-MVP-new\backend\data\zaozhi\甘蔗渣\利夫生物\专利\第一部分\PCTCN2025079285_一种呋喃二甲酸的制备方法及装置.pdf","zaozhi/甘蔗渣/利夫生物/专利/第一部分/PCTCN2025079285_一种呋喃二甲酸的制备方法及装置.pdf","PCTCN2025079285_一种呋喃二甲酸的制备方法及装置.pdf",".pdf",1473342,8e24d43e22902e88943dcb0b5ed678dae0a1280f8dea2730dc827132d54298bc,application/pdf,195,0.5,"fuzzy_title_low",documents/8e24d43e22902e88943dcb0b5ed678dae0a1280f8dea2730dc827132d54298bc.pdf,0,"zaozhi/PCTCN2025079285_一种呋喃二甲酸的制备方法及装置.pdf",AUTO
"C:\Users\CAIHUI\MicroEra-Wiki-MVP-new\backend\data\zaozhi\甘蔗渣\利夫生物\专利\第一部分\PCTCN2025079285_一种呋喃二甲酸的制备方法及装置.pdf","zaozhi/甘蔗渣/利夫生物/专利/第一部分/PCTCN2025079285_一种呋喃二甲酸的制备方法及装置.pdf","PCTCN2025079285_一种呋喃二甲酸的制备方法及装置.pdf",".pdf",1473342,8e24d43e22902e88943dcb0b5ed678dae0a1280f8dea2730dc827132d54298bc,application/pdf,205,0.5,"fuzzy_title_low",documents/8e24d43e22902e88943dcb0b5ed678dae0a1280f8dea2730dc827132d54298bc.pdf,0,"zaozhi/PCTCN2025079285_一种呋喃二甲酸的制备方法及装置.pdf",AUTO
"C:\Users\CAIHUI\MicroEra-Wiki-MVP-new\backend\data\zaozhi\甘蔗渣\利夫生物\专利\第一部分\PCTCN2025079285_一种呋喃二甲酸的制备方法及装置.pdf","zaozhi/甘蔗渣/利夫生物/专利/第一部分/PCTCN2025079285_一种呋喃二甲酸的制备方法及装置.pdf","PCTCN2025079285_一种呋喃二甲酸的制备方法及装置.pdf",".pdf",1473342,8e24d43e22902e88943dcb0b5ed678dae0a1280f8dea2730dc827132d54298bc,application/pdf,207,0.5,"fuzzy_title_low",documents/8e24d43e22902e88943dcb0b5ed678dae0a1280f8dea2730dc827132d54298bc.pdf,0,"zaozhi/PCTCN2025079285_一种呋喃二甲酸的制备方法及装置.pdf",AUTO
"C:\Users\CAIHUI\MicroEra-Wiki-MVP-new\backend\data\zaozhi\甘蔗渣\利夫生物\专利\第一部分\PCTCN2025079285_一种呋喃二甲酸的制备方法及装置.pdf","zaozhi/甘蔗渣/利夫生物/专利/第一部分/PCTCN2025079285_一种呋喃二甲酸的制备方法及装置.pdf","PCTCN2025079285_一种呋喃二甲酸的制备方法及装置.pdf",".pdf",1473342,8e24d43e22902e88943dcb0b5ed678dae0a1280f8dea2730dc827132d54298bc,application/pdf,213,0.5,"fuzzy_title_low",documents/8e24d43e22902e88943dcb0b5ed678dae0a1280f8dea2730dc827132d54298bc.pdf,0,"zaozhi/PCTCN2025079285_一种呋喃二甲酸的制备方法及装置.pdf",AUTO
"C:\Users\CAIHUI\MicroEra-Wiki-MVP-new\backend\data\zaozhi\甘蔗渣\利夫生物\专利\第一部分\PCTCN2025079285_一种呋喃二甲酸的制备方法及装置.pdf","zaozhi/甘蔗渣/利夫生物/专利/第一部分/PCTCN2025079285_一种呋喃二甲酸的制备方法及装置.pdf","PCTCN2025079285_一种呋喃二甲酸的制备方法及装置.pdf",".pdf",1473342,8e24d43e22902e88943dcb0b5ed678dae0a1280f8dea2730dc827132d54298bc,application/pdf,215,0.5,"fuzzy_title_low",documents/8e24d43e22902e88943dcb0b5ed678dae0a1280f8dea2730dc827132d54298bc.pdf,0,"zaozhi/PCTCN2025079285_一种呋喃二甲酸的制备方法及装置.pdf",AUTO
"C:\Users\CAIHUI\MicroEra-Wiki-MVP-new\backend\data\zaozhi\甘蔗渣\利夫生物\专利\第一部分\PCTCN2025079285_一种呋喃二甲酸的制备方法及装置.pdf","zaozhi/甘蔗渣/利夫生物/专利/第一部分/PCTCN2025079285_一种呋喃二甲酸的制备方法及装置.pdf","PCTCN2025079285_一种呋喃二甲酸的制备方法及装置.pdf",".pdf",1473342,8e24d43e22902e88943dcb0b5ed678dae0a1280f8dea2730dc827132d54298bc,application/pdf,351,0.5,"fuzzy_title_low",documents/8e24d43e22902e88943dcb0b5ed678dae0a1280f8dea2730dc827132d54298bc.pdf,0,"zaozhi/PCTCN2025079285_一种呋喃二甲酸的制备方法及装置.pdf",AUTO
"C:\Users\CAIHUI\MicroEra-Wiki-MVP-new\backend\data\zaozhi\甘蔗渣\利夫生物\专利\第一部分\PCTCN2025079285_一种呋喃二甲酸的制备方法及装置.pdf","zaozhi/甘蔗渣/利夫生物/专利/第一部分/PCTCN2025079285_一种呋喃二甲酸的制备方法及装置.pdf","PCTCN2025079285_一种呋喃二甲酸的制备方法及装置.pdf",".pdf",1473342,8e24d43e22902e88943dcb0b5ed678dae0a1280f8dea2730dc827132d54298bc,application/pdf,353,0.5,"fuzzy_title_low",documents/8e24d43e22902e88943dcb0b5ed678dae0a1280f8dea2730dc827132d54298bc.pdf,0,"zaozhi/PCTCN2025079285_一种呋喃二甲酸的制备方法及装置.pdf",AUTO
"C:\Users\CAIHUI\MicroEra-Wiki-MVP-new\backend\data\zaozhi\甘蔗渣\利夫生物\专利\第一部分\US202418895254_METHOD FOR PREPARING 5-HYDROXYMETHYLFURFURAL.pdf","zaozhi/甘蔗渣/利夫生物/专利/第一部分/US202418895254_METHOD FOR PREPARING 5-HYDROXYMETHYLFURFURAL.pdf","US202418895254_METHOD FOR PREPARING 5-HYDROXYMETHYLFURFURAL.pdf",".pdf",827406,2d22e03ec6ca1dd89831d7f55a22d171d686e82b861523f20642f5d5e1663ec2,application/pdf,323,0.95,"source_summary",documents/2d22e03ec6ca1dd89831d7f55a22d171d686e82b861523f20642f5d5e1663ec2.pdf,0,"zaozhi/US202418895254_METHOD FOR PREPARING 5-HYDROXYMETHYLFURFURAL.pdf",AUTO
"C:\Users\CAIHUI\MicroEra-Wiki-MVP-new\backend\data\zaozhi\甘蔗渣\利夫生物\专利\第一部分\US202418895254_METHOD FOR PREPARING 5-HYDROXYMETHYLFURFURAL.pdf","zaozhi/甘蔗渣/利夫生物/专利/第一部分/US202418895254_METHOD FOR PREPARING 5-HYDROXYMETHYLFURFURAL.pdf","US202418895254_METHOD FOR PREPARING 5-HYDROXYMETHYLFURFURAL.pdf",".pdf",827406,2d22e03ec6ca1dd89831d7f55a22d171d686e82b861523f20642f5d5e1663ec2,application/pdf,217,0.65,"fuzzy_title",documents/2d22e03ec6ca1dd89831d7f55a22d171d686e82b861523f20642f5d5e1663ec2.pdf,0,"zaozhi/US202418895254_METHOD FOR PREPARING 5-HYDROXYMETHYLFURFURAL.pdf",AUTO
"C:\Users\CAIHUI\MicroEra-Wiki-MVP-new\backend\data\zaozhi\甘蔗渣\利夫生物\专利\第三部分\CN201710451177.7_一种间羟基苯乙酮的制备方法.pdf","zaozhi/甘蔗渣/利夫生物/专利/第三部分/CN201710451177.7_一种间羟基苯乙酮的制备方法.pdf","CN201710451177.7_一种间羟基苯乙酮的制备方法.pdf",".pdf",163840,8283f07ee8eaab917a59dcebb3d02ac45c2cf607e4b192476b57ae866cb79e6f,application/pdf,367,0.98,"exact_title",documents/8283f07ee8eaab917a59dcebb3d02ac45c2cf607e4b192476b57ae866cb79e6f.pdf,0,"zaozhi/CN201710451177.7_一种间羟基苯乙酮的制备方法.pdf",AUTO
"C:\Users\CAIHUI\MicroEra-Wiki-MVP-new\backend\data\zaozhi\甘蔗渣\利夫生物\专利\第三部分\CN201710451177.7_一种间羟基苯乙酮的制备方法.pdf","zaozhi/甘蔗渣/利夫生物/专利/第三部分/CN201710451177.7_一种间羟基苯乙酮的制备方法.pdf","CN201710451177.7_一种间羟基苯乙酮的制备方法.pdf",".pdf",163840,8283f07ee8eaab917a59dcebb3d02ac45c2cf607e4b192476b57ae866cb79e6f,application/pdf,142,0.5,"fuzzy_title_low",documents/8283f07ee8eaab917a59dcebb3d02ac45c2cf607e4b192476b57ae866cb79e6f.pdf,0,"zaozhi/CN201710451177.7_一种间羟基苯乙酮的制备方法.pdf",AUTO
"C:\Users\CAIHUI\MicroEra-Wiki-MVP-new\backend\data\zaozhi\甘蔗渣\利夫生物\专利\第三部分\CN201710451177.7_一种间羟基苯乙酮的制备方法.pdf","zaozhi/甘蔗渣/利夫生物/专利/第三部分/CN201710451177.7_一种间羟基苯乙酮的制备方法.pdf","CN201710451177.7_一种间羟基苯乙酮的制备方法.pdf",".pdf",163840,8283f07ee8eaab917a59dcebb3d02ac45c2cf607e4b192476b57ae866cb79e6f,application/pdf,143,0.5,"fuzzy_title_low",documents/8283f07ee8eaab917a59dcebb3d02ac45c2cf607e4b192476b57ae866cb79e6f.pdf,0,"zaozhi/CN201710451177.7_一种间羟基苯乙酮的制备方法.pdf",AUTO
"C:\Users\CAIHUI\MicroEra-Wiki-MVP-new\backend\data\zaozhi\甘蔗渣\利夫生物\专利\第三部分\CN201710451177.7_一种间羟基苯乙酮的制备方法.pdf","zaozhi/甘蔗渣/利夫生物/专利/第三部分/CN201710451177.7_一种间羟基苯乙酮的制备方法.pdf","CN201710451177.7_一种间羟基苯乙酮的制备方法.pdf",".pdf",163840,8283f07ee8eaab917a59dcebb3d02ac45c2cf607e4b192476b57ae866cb79e6f,application/pdf,185,0.5,"fuzzy_title_low",documents/8283f07ee8eaab917a59dcebb3d02ac45c2cf607e4b192476b57ae866cb79e6f.pdf,0,"zaozhi/CN201710451177.7_一种间羟基苯乙酮的制备方法.pdf",AUTO
"C:\Users\CAIHUI\MicroEra-Wiki-MVP-new\backend\data\zaozhi\甘蔗渣\利夫生物\专利\第三部分\CN201710451177.7_一种间羟基苯乙酮的制备方法.pdf","zaozhi/甘蔗渣/利夫生物/专利/第三部分/CN201710451177.7_一种间羟基苯乙酮的制备方法.pdf","CN201710451177.7_一种间羟基苯乙酮的制备方法.pdf",".pdf",163840,8283f07ee8eaab917a59dcebb3d02ac45c2cf607e4b192476b57ae866cb79e6f,application/pdf,186,0.5,"fuzzy_title_low",documents/8283f07ee8eaab917a59dcebb3d02ac45c2cf607e4b192476b57ae866cb79e6f.pdf,0,"zaozhi/CN201710451177.7_一种间羟基苯乙酮的制备方法.pdf",AUTO
"C:\Users\CAIHUI\MicroEra-Wiki-MVP-new\backend\data\zaozhi\甘蔗渣\利夫生物\专利\第三部分\CN201710451177.7_一种间羟基苯乙酮的制备方法.pdf","zaozhi/甘蔗渣/利夫生物/专利/第三部分/CN201710451177.7_一种间羟基苯乙酮的制备方法.pdf","CN201710451177.7_一种间羟基苯乙酮的制备方法.pdf",".pdf",163840,8283f07ee8eaab917a59dcebb3d02ac45c2cf607e4b192476b57ae866cb79e6f,application/pdf,187,0.5,"fuzzy_title_low",documents/8283f07ee8eaab917a59dcebb3d02ac45c2cf607e4b192476b57ae866cb79e6f.pdf,0,"zaozhi/CN201710451177.7_一种间羟基苯乙酮的制备方法.pdf",AUTO
"C:\Users\CAIHUI\MicroEra-Wiki-MVP-new\backend\data\zaozhi\甘蔗渣\利夫生物\专利\第三部分\CN201710451177.7_一种间羟基苯乙酮的制备方法.pdf","zaozhi/甘蔗渣/利夫生物/专利/第三部分/CN201710451177.7_一种间羟基苯乙酮的制备方法.pdf","CN201710451177.7_一种间羟基苯乙酮的制备方法.pdf",".pdf",163840,8283f07ee8eaab917a59dcebb3d02ac45c2cf607e4b192476b57ae866cb79e6f,application/pdf,193,0.5,"fuzzy_title_low",documents/8283f07ee8eaab917a59dcebb3d02ac45c2cf607e4b192476b57ae866cb79e6f.pdf,0,"zaozhi/CN201710451177.7_一种间羟基苯乙酮的制备方法.pdf",AUTO
"C:\Users\CAIHUI\MicroEra-Wiki-MVP-new\backend\data\zaozhi\甘蔗渣\利夫生物\专利\第三部分\CN201710451177.7_一种间羟基苯乙酮的制备方法.pdf","zaozhi/甘蔗渣/利夫生物/专利/第三部分/CN201710451177.7_一种间羟基苯乙酮的制备方法.pdf","CN201710451177.7_一种间羟基苯乙酮的制备方法.pdf",".pdf",163840,8283f07ee8eaab917a59dcebb3d02ac45c2cf607e4b192476b57ae866cb79e6f,application/pdf,197,0.5,"fuzzy_title_low",documents/8283f07ee8eaab917a59dcebb3d02ac45c2cf607e4b192476b57ae866cb79e6f.pdf,0,"zaozhi/CN201710451177.7_一种间羟基苯乙酮的制备方法.pdf",AUTO
"C:\Users\CAIHUI\MicroEra-Wiki-MVP-new\backend\data\zaozhi\甘蔗渣\利夫生物\专利\第三部分\CN201710451177.7_一种间羟基苯乙酮的制备方法.pdf","zaozhi/甘蔗渣/利夫生物/专利/第三部分/CN201710451177.7_一种间羟基苯乙酮的制备方法.pdf","CN201710451177.7_一种间羟基苯乙酮的制备方法.pdf",".pdf",163840,8283f07ee8eaab917a59dcebb3d02ac45c2cf607e4b192476b57ae866cb79e6f,application/pdf,206,0.5,"fuzzy_title_low",documents/8283f07ee8eaab917a59dcebb3d02ac45c2cf607e4b192476b57ae866cb79e6f.pdf,0,"zaozhi/CN201710451177.7_一种间羟基苯乙酮的制备方法.pdf",AUTO
"C:\Users\CAIHUI\MicroEra-Wiki-MVP-new\backend\data\zaozhi\甘蔗渣\利夫生物\专利\第三部分\CN201710451177.7_一种间羟基苯乙酮的制备方法.pdf","zaozhi/甘蔗渣/利夫生物/专利/第三部分/CN201710451177.7_一种间羟基苯乙酮的制备方法.pdf","CN201710451177.7_一种间羟基苯乙酮的制备方法.pdf",".pdf",163840,8283f07ee8eaab917a59dcebb3d02ac45c2cf607e4b192476b57ae866cb79e6f,application/pdf,209,0.5,"fuzzy_title_low",documents/8283f07ee8eaab917a59dcebb3d02ac45c2cf607e4b192476b57ae866cb79e6f.pdf,0,"zaozhi/CN201710451177.7_一种间羟基苯乙酮的制备方法.pdf",AUTO
"C:\Users\CAIHUI\MicroEra-Wiki-MVP-new\backend\data\zaozhi\甘蔗渣\利夫生物\专利\第三部分\CN201710451177.7_一种间羟基苯乙酮的制备方法.pdf","zaozhi/甘蔗渣/利夫生物/专利/第三部分/CN201710451177.7_一种间羟基苯乙酮的制备方法.pdf","CN201710451177.7_一种间羟基苯乙酮的制备方法.pdf",".pdf",163840,8283f07ee8eaab917a59dcebb3d02ac45c2cf607e4b192476b57ae866cb79e6f,application/pdf,210,0.5,"fuzzy_title_low",documents/8283f07ee8eaab917a59dcebb3d02ac45c2cf607e4b192476b57ae866cb79e6f.pdf,0,"zaozhi/CN201710451177.7_一种间羟基苯乙酮的制备方法.pdf",AUTO
"C:\Users\CAIHUI\MicroEra-Wiki-MVP-new\backend\data\zaozhi\硬碳材料.pdf","zaozhi/硬碳材料.pdf","硬碳材料.pdf",".pdf",1971235,91d1f43f747afa6b6d494880acfce9593f3a326f456617cf6e8d43a34e3dd899,application/pdf,275,0.98,"exact_title",documents/91d1f43f747afa6b6d494880acfce9593f3a326f456617cf6e8d43a34e3dd899.pdf,0,,AUTO
